fold,sample_index,tissue_label,class_id,split
3,1477,Bile-duct,1,train
2,131,Breast,3,train
1,2363,Prostate,13,test
1,142,Breast,3,train
2,2220,Prostate,13,val
1,1816,Cervix,4,train
2,1688,Colon,5,train
1,1769,Cervix,4,train
3,1612,Breast,3,train
2,321,Breast,3,train
2,1450,Bile-duct,1,train
3,278,Breast,3,train
2,2321,Stomach,15,val
1,45,Breast,3,train
1,1542,Adrenal_gland,0,train
2,153,Breast,3,train
2,2356,Testis,16,train
2,1691,Colon,5,train
2,1343,Adrenal_gland,0,train
2,2488,Colon,5,train
1,34,Breast,3,train
2,499,Breast,3,test
3,1941,Colon,5,train
2,1781,Colon,5,train
2,1087,Esophagus,6,train
2,115,Breast,3,train
2,2513,Colon,5,train
2,830,Prostate,13,train
3,2697,Colon,5,train
1,730,Breast,3,train
1,2174,Kidney,8,val
2,849,Colon,5,train
1,1345,Cervix,4,test
3,1317,Bile-duct,1,train
3,1752,Colon,5,train
2,2260,Skin,14,val
2,1826,Esophagus,6,train
2,1145,Pancreatic,12,val
1,2612,Colon,5,val
2,1858,HeadNeck,7,train
3,2441,Stomach,15,val
3,2717,Colon,5,train
1,377,Breast,3,train
1,849,Colon,5,train
1,1315,Adrenal_gland,0,train
3,1301,Testis,16,val
1,701,Breast,3,train
2,65,Breast,3,train
3,151,Breast,3,train
3,1277,Bile-duct,1,test
2,487,Breast,3,train
1,819,Colon,5,train
2,2508,Colon,5,train
1,2655,Colon,5,train
3,674,Breast,3,train
3,1205,Pancreatic,12,val
1,760,Colon,5,train
3,2476,Testis,16,val
1,1353,Cervix,4,test
2,1116,Adrenal_gland,0,train
3,84,Breast,3,train
3,1361,Colon,5,train
2,1321,Colon,5,train
3,1906,Colon,5,train
3,54,Breast,3,train
1,2642,Colon,5,train
3,2586,Uterus,18,train
3,2404,Skin,14,train
1,1206,Adrenal_gland,0,test
2,1549,Breast,3,train
2,969,Cervix,4,train
3,1851,Colon,5,train
1,493,Breast,3,val
3,851,Bladder,2,val
3,1401,Adrenal_gland,0,train
2,1981,HeadNeck,7,train
3,988,Uterus,18,train
3,1052,Esophagus,6,test
2,392,Breast,3,train
3,1220,Adrenal_gland,0,train
2,1430,Bile-duct,1,train
2,2371,Testis,16,test
1,2539,Thyroid,17,train
1,930,Breast,3,train
2,957,Skin,14,train
3,120,Breast,3,train
1,143,Breast,3,train
2,1419,Bile-duct,1,val
3,1364,Colon,5,train
2,2127,Ovarian,11,train
1,1239,Esophagus,6,val
3,1716,Colon,5,train
1,2481,Stomach,15,test
1,2639,Colon,5,train
2,504,Breast,3,train
2,1951,HeadNeck,7,test
3,1117,Adrenal_gland,0,train
3,1977,Esophagus,6,train
3,867,Prostate,13,val
1,905,Breast,3,train
3,2453,Stomach,15,train
2,174,Breast,3,train
3,2370,Prostate,13,train
3,1014,Thyroid,17,val
2,2151,Ovarian,11,test
2,1834,Esophagus,6,train
3,556,Breast,3,train
3,989,Uterus,18,test
2,1144,Pancreatic,12,val
3,248,Breast,3,train
2,122,Breast,3,train
2,1734,Colon,5,train
1,763,Colon,5,train
3,612,Breast,3,train
3,381,Breast,3,train
1,1430,Testis,16,train
2,1949,HeadNeck,7,test
2,1455,Bladder,2,val
1,1298,Pancreatic,12,train
2,352,Breast,3,train
3,26,Breast,3,train
3,2342,Prostate,13,test
3,2146,Kidney,8,test
3,420,Breast,3,train
3,2668,Colon,5,train
1,309,Breast,3,train
3,1391,Colon,5,train
3,1876,Colon,5,train
3,1628,Breast,3,train
3,1263,Bile-duct,1,train
2,1172,Cervix,4,train
1,472,Breast,3,train
1,1778,Cervix,4,train
1,227,Breast,3,train
3,1857,Colon,5,train
3,2436,Stomach,15,train
1,1152,Cervix,4,train
2,923,Lung,10,test
1,1804,Cervix,4,train
1,1320,Cervix,4,train
2,469,Breast,3,train
2,916,Lung,10,train
3,1182,Esophagus,6,train
3,2714,Colon,5,train
3,469,Breast,3,train
3,1670,Cervix,4,train
1,879,Lung,10,train
1,388,Breast,3,train
3,1335,Bile-duct,1,train
2,2261,Skin,14,train
2,729,Colon,5,train
3,1170,Esophagus,6,test
2,1458,Bladder,2,train
3,2712,Colon,5,train
3,1744,Colon,5,train
3,482,Breast,3,train
3,2397,Skin,14,train
2,851,Colon,5,train
2,200,Breast,3,train
2,1083,Esophagus,6,train
1,948,Prostate,13,train
3,2514,Thyroid,17,test
1,1871,Colon,5,train
2,2517,Colon,5,train
3,2409,Skin,14,test
2,1965,HeadNeck,7,train
1,2374,Prostate,13,train
1,53,Breast,3,train
2,1995,HeadNeck,7,train
1,1491,Colon,5,train
2,2142,Ovarian,11,val
2,43,Breast,3,train
3,1417,Adrenal_gland,0,val
1,2142,HeadNeck,7,train
3,1012,Thyroid,17,test
3,788,Colon,5,train
2,1551,Breast,3,train
2,1832,Esophagus,6,train
2,952,Skin,14,val
3,2245,Liver,9,train
3,58,Breast,3,train
1,1346,Cervix,4,test
1,200,Breast,3,train
1,1678,Bladder,2,val
2,244,Breast,3,train
1,529,Breast,3,train
3,2097,HeadNeck,7,train
2,1948,HeadNeck,7,train
3,2529,Uterus,18,train
2,1038,Adrenal_gland,0,train
3,820,Lung,10,val
2,1559,Cervix,4,train
2,1538,Breast,3,train
2,1794,Colon,5,train
3,1826,Colon,5,train
3,2383,Skin,14,test
1,615,Breast,3,train
2,2460,Colon,5,train
3,1247,Cervix,4,val
2,595,Breast,3,train
1,2548,Thyroid,17,val
3,2145,Kidney,8,val
1,1287,Pancreatic,12,train
1,2303,Ovarian,11,train
1,736,Breast,3,train
1,1766,Cervix,4,train
3,45,Breast,3,train
3,219,Breast,3,train
1,1290,Pancreatic,12,test
2,1472,Bladder,2,test
1,1569,Adrenal_gland,0,train
2,2010,HeadNeck,7,test
2,2420,Thyroid,17,train
2,1941,HeadNeck,7,test
1,1162,Cervix,4,train
3,2060,HeadNeck,7,train
1,1330,Cervix,4,train
2,667,Breast,3,train
2,712,Colon,5,train
3,1026,Cervix,4,train
2,1243,Testis,16,test
2,2474,Colon,5,train
3,1705,Colon,5,train
3,1557,Bladder,2,val
1,2029,Colon,5,train
2,1408,Bile-duct,1,train
2,1074,Adrenal_gland,0,train
2,1112,Adrenal_gland,0,train
3,2270,Ovarian,11,val
3,812,Colon,5,train
3,1694,Cervix,4,train
2,1046,Adrenal_gland,0,train
3,742,Colon,5,val
1,564,Breast,3,test
2,676,Breast,3,train
2,1966,HeadNeck,7,train
3,421,Breast,3,train
3,823,Lung,10,train
2,433,Breast,3,train
2,15,Breast,3,train
1,2163,HeadNeck,7,train
3,1200,Adrenal_gland,0,train
2,1487,Bladder,2,test
2,989,Thyroid,17,val
3,1540,Bile-duct,1,train
3,1136,Adrenal_gland,0,train
1,95,Breast,3,train
3,587,Breast,3,train
2,1141,Pancreatic,12,val
3,907,Esophagus,6,train
3,138,Breast,3,train
3,1036,Thyroid,17,train
1,700,Breast,3,train
3,1033,Thyroid,17,test
3,347,Breast,3,train
2,756,Colon,5,train
2,1578,Colon,5,train
2,907,Lung,10,val
3,2353,Prostate,13,test
2,528,Breast,3,train
1,1374,Bile-duct,1,test
2,2306,Skin,14,test
2,2287,Skin,14,train
3,826,Lung,10,train
1,31,Breast,3,train
1,1214,Adrenal_gland,0,train
2,1673,Colon,5,train
2,1180,Cervix,4,train
3,2657,Colon,5,train
1,803,Colon,5,train
1,925,Breast,3,train
1,2505,Stomach,15,train
1,2356,Pancreatic,12,train
1,228,Breast,3,train
1,285,Breast,3,train
2,2063,Liver,9,test
2,1017,Esophagus,6,train
2,1672,Colon,5,train
1,1016,Esophagus,6,train
1,329,Breast,3,train
2,557,Breast,3,train
3,1606,Bladder,2,train
2,1190,Cervix,4,train
3,1235,Cervix,4,test
3,619,Breast,3,train
3,679,Breast,3,train
3,1120,Adrenal_gland,0,train
2,2087,Liver,9,train
1,1103,Thyroid,17,test
3,92,Breast,3,train
1,735,Breast,3,train
3,721,Colon,5,train
1,1907,Colon,5,train
1,994,Esophagus,6,train
3,1270,Bile-duct,1,train
3,1672,Cervix,4,val
1,1012,Esophagus,6,train
3,2148,Kidney,8,train
2,1097,Esophagus,6,train
3,1007,Uterus,18,test
1,2032,Colon,5,val
1,1396,Bile-duct,1,train
3,14,Breast,3,train
3,2552,Uterus,18,val
2,127,Breast,3,train
2,2126,Ovarian,11,train
2,597,Breast,3,train
1,2115,HeadNeck,7,train
1,2538,Thyroid,17,train
1,830,Colon,5,train
2,297,Breast,3,train
3,1951,Esophagus,6,train
3,2690,Colon,5,train
2,2347,Stomach,15,test
2,2419,Thyroid,17,test
1,855,Colon,5,train
3,852,Bladder,2,train
1,2447,Skin,14,test
1,868,Lung,10,val
1,2112,HeadNeck,7,train
2,1364,Adrenal_gland,0,train
2,562,Breast,3,train
3,955,Lung,10,test
1,1218,Adrenal_gland,0,train
3,2656,Colon,5,train
1,1681,Breast,3,train
3,1582,Bladder,2,test
1,1676,Bladder,2,val
1,1537,Adrenal_gland,0,train
1,2554,Thyroid,17,val
3,362,Breast,3,train
2,2477,Colon,5,train
1,1048,Lung,10,val
1,476,Breast,3,train
3,2449,Stomach,15,train
2,2048,Liver,9,test
3,312,Breast,3,train
3,586,Breast,3,train
1,483,Breast,3,train
1,2195,Liver,9,train
1,2559,Thyroid,17,test
1,544,Breast,3,train
1,2463,Skin,14,train
2,1515,Breast,3,train
3,470,Breast,3,train
3,1643,Breast,3,train
3,1454,Adrenal_gland,0,test
1,2120,HeadNeck,7,train
3,267,Breast,3,train
2,286,Breast,3,train
1,2510,Stomach,15,test
2,1554,Breast,3,train
1,537,Breast,3,train
2,1352,Adrenal_gland,0,train
1,37,Breast,3,train
2,309,Breast,3,train
1,2146,HeadNeck,7,train
2,1143,Pancreatic,12,train
3,1609,Bladder,2,test
3,2416,Stomach,15,train
1,1258,Esophagus,6,train
1,1520,Adrenal_gland,0,train
2,1645,Colon,5,train
3,1790,Colon,5,train
2,242,Breast,3,train
2,178,Breast,3,train
1,1903,Colon,5,train
1,1512,Colon,5,train
2,971,Cervix,4,train
2,2458,Colon,5,train
2,248,Breast,3,train
3,146,Breast,3,train
3,1683,Cervix,4,val
1,954,Kidney,8,train
1,18,Breast,3,train
3,715,Colon,5,train
1,1543,Adrenal_gland,0,train
3,1221,Adrenal_gland,0,val
1,1124,Esophagus,6,train
2,1460,Bladder,2,val
1,187,Breast,3,train
2,2243,Prostate,13,test
3,1692,Cervix,4,val
2,426,Breast,3,train
1,1007,Esophagus,6,train
1,896,Lung,10,test
2,591,Breast,3,train
3,792,Colon,5,train
1,145,Breast,3,train
2,2390,Thyroid,17,val
1,2344,Pancreatic,12,train
2,2107,Liver,9,val
1,766,Colon,5,train
3,2212,Liver,9,train
3,2521,Thyroid,17,test
3,1287,Testis,16,train
3,497,Breast,3,train
2,1438,Bile-duct,1,train
1,2,Breast,3,train
2,1168,Adrenal_gland,0,train
2,2222,Prostate,13,test
2,1273,Bile-duct,1,train
2,666,Breast,3,test
2,1193,Cervix,4,train
1,425,Breast,3,train
3,1183,Esophagus,6,train
1,967,Stomach,15,train
1,2179,Kidney,8,val
2,1374,Adrenal_gland,0,train
1,1283,Pancreatic,12,val
3,2284,Ovarian,11,train
1,2376,Prostate,13,test
1,2468,Stomach,15,test
2,1647,Colon,5,train
3,2144,Kidney,8,test
1,626,Breast,3,train
1,2204,Liver,9,train
1,541,Breast,3,train
1,692,Breast,3,train
2,2110,Lung,10,test
3,224,Breast,3,train
1,444,Breast,3,train
3,1457,Adrenal_gland,0,train
2,618,Breast,3,train
1,1100,Thyroid,17,train
3,1919,Colon,5,train
3,977,Uterus,18,train
3,945,Lung,10,train
3,2362,Prostate,13,val
2,2229,Prostate,13,val
1,1102,Thyroid,17,train
1,1450,Bile-duct,1,train
3,1714,Colon,5,train
3,256,Breast,3,train
1,1169,Cervix,4,test
3,2599,Uterus,18,test
2,2269,Skin,14,train
2,102,Breast,3,train
3,2470,Testis,16,val
3,1046,Esophagus,6,test
2,1250,Testis,16,test
3,1074,Esophagus,6,val
2,136,Breast,3,train
1,1655,Bile-duct,1,train
1,562,Breast,3,train
2,1016,Esophagus,6,train
3,62,Breast,3,train
2,2461,Colon,5,train
3,200,Breast,3,train
1,1631,Bile-duct,1,train
2,713,Colon,5,train
1,2073,Esophagus,6,train
3,1018,Skin,14,val
2,620,Breast,3,train
2,325,Breast,3,train
2,1453,Bladder,2,val
1,60,Breast,3,train
1,2105,HeadNeck,7,train
3,1725,Colon,5,train
1,1652,Bile-duct,1,train
1,1257,Esophagus,6,train
3,1146,Adrenal_gland,0,train
2,1743,Colon,5,train
3,1168,Esophagus,6,train
3,1165,Esophagus,6,train
3,2216,Liver,9,test
2,430,Breast,3,train
2,549,Breast,3,train
3,1827,Colon,5,train
1,501,Breast,3,train
1,2214,Liver,9,train
3,701,Breast,3,train
1,1253,Esophagus,6,train
1,1918,Colon,5,val
1,1634,Bile-duct,1,train
3,2569,Uterus,18,train
2,1393,Adrenal_gland,0,train
3,1217,Adrenal_gland,0,test
2,1118,Adrenal_gland,0,train
2,1274,Bile-duct,1,val
2,1813,Esophagus,6,train
1,175,Breast,3,train
3,1202,Adrenal_gland,0,train
2,1138,Pancreatic,12,test
2,169,Breast,3,train
3,1398,Adrenal_gland,0,train
1,2436,Skin,14,val
2,1902,HeadNeck,7,train
2,234,Breast,3,train
2,1527,Breast,3,train
2,890,Esophagus,6,train
3,1751,Colon,5,train
2,75,Breast,3,val
3,35,Breast,3,train
3,756,Colon,5,train
3,2443,Stomach,15,val
3,909,Esophagus,6,test
2,1674,Colon,5,train
2,336,Breast,3,train
1,720,Breast,3,train
2,2339,Stomach,15,train
3,2140,Kidney,8,train
1,1751,Cervix,4,train
1,1928,Colon,5,train
2,2302,Skin,14,train
1,2527,Testis,16,val
1,1867,Colon,5,train
3,1992,HeadNeck,7,train
1,138,Breast,3,train
3,2471,Testis,16,train
2,869,Esophagus,6,train
3,3,Breast,3,train
3,462,Breast,3,train
3,1655,Breast,3,train
2,1574,Cervix,4,train
1,657,Breast,3,train
3,177,Breast,3,train
1,132,Breast,3,train
3,2669,Colon,5,test
1,2088,Esophagus,6,train
3,477,Breast,3,train
1,1309,Adrenal_gland,0,train
3,605,Breast,3,train
2,1906,HeadNeck,7,train
1,1255,Esophagus,6,train
3,1786,Colon,5,val
1,1321,Cervix,4,test
3,2177,Liver,9,val
3,1369,Colon,5,train
1,445,Breast,3,train
1,1183,Adrenal_gland,0,train
2,2250,Skin,14,val
2,1449,Bile-duct,1,train
1,1384,Bile-duct,1,val
1,77,Breast,3,train
1,1244,Esophagus,6,train
2,1575,Colon,5,train
3,2374,Prostate,13,train
2,431,Breast,3,train
3,1037,Thyroid,17,train
3,846,Kidney,8,train
1,1405,Bile-duct,1,train
1,364,Breast,3,train
3,1302,Testis,16,train
2,835,Kidney,8,train
2,1409,Bile-duct,1,train
3,1087,Cervix,4,train
3,18,Breast,3,train
1,823,Colon,5,train
2,1612,Colon,5,train
1,1915,Colon,5,train
3,1496,Bile-duct,1,train
1,2101,HeadNeck,7,train
2,1763,Colon,5,train
3,2580,Uterus,18,train
3,1793,Colon,5,train
3,1760,Colon,5,train
1,2628,Colon,5,train
3,1608,Bladder,2,train
2,543,Breast,3,train
1,705,Breast,3,train
1,1852,Colon,5,train
1,1920,Colon,5,train
1,750,Colon,5,train
3,1179,Esophagus,6,train
3,430,Breast,3,train
1,2222,Liver,9,val
2,2231,Prostate,13,train
2,2334,Stomach,15,train
3,2313,Pancreatic,12,test
2,944,Thyroid,17,train
3,1823,Colon,5,train
1,1647,Bile-duct,1,train
3,536,Breast,3,train
1,1930,Colon,5,train
1,1277,Adrenal_gland,0,test
3,1111,Adrenal_gland,0,train
1,2352,Pancreatic,12,train
1,1470,Bile-duct,1,train
2,2373,Testis,16,val
2,1482,Bladder,2,test
1,639,Breast,3,train
3,1690,Cervix,4,val
1,1748,Cervix,4,val
1,354,Breast,3,train
2,877,Esophagus,6,train
3,813,Colon,5,train
1,1695,Breast,3,train
2,832,Kidney,8,val
2,1445,Bile-duct,1,train
1,1815,Cervix,4,test
3,2363,Prostate,13,train
2,1280,Bile-duct,1,train
3,1564,Bladder,2,train
2,2510,Colon,5,train
1,1406,Bile-duct,1,test
1,1306,Adrenal_gland,0,train
3,2523,Uterus,18,train
2,374,Breast,3,train
1,2643,Colon,5,train
1,289,Breast,3,train
1,2474,Stomach,15,train
3,1885,Colon,5,train
3,458,Breast,3,train
1,2144,HeadNeck,7,train
3,1896,Colon,5,train
3,894,Stomach,15,val
1,171,Breast,3,train
3,1098,Adrenal_gland,0,train
1,1982,Colon,5,train
1,845,Colon,5,train
3,2063,HeadNeck,7,train
2,364,Breast,3,train
3,2268,Ovarian,11,test
2,285,Breast,3,train
1,149,Breast,3,train
2,2439,Colon,5,train
2,889,Esophagus,6,val
3,642,Breast,3,train
1,1841,Colon,5,train
3,902,Esophagus,6,train
3,192,Breast,3,train
3,1995,HeadNeck,7,train
1,188,Breast,3,train
1,2565,Thyroid,17,test
2,1563,Cervix,4,test
1,1495,Colon,5,test
3,24,Breast,3,train
3,2354,Prostate,13,train
3,1818,Colon,5,train
1,470,Breast,3,train
3,778,Colon,5,train
2,2463,Colon,5,train
3,1737,Colon,5,train
2,1008,Esophagus,6,test
3,1329,Bile-duct,1,train
1,1514,Colon,5,train
2,668,Breast,3,train
2,284,Breast,3,train
2,2489,Colon,5,train
2,670,Breast,3,train
1,1931,Colon,5,train
2,962,Skin,14,train
3,2600,Uterus,18,train
3,2044,HeadNeck,7,train
1,2209,Liver,9,test
2,1610,Colon,5,train
3,2105,HeadNeck,7,train
2,1248,Testis,16,val
2,1919,HeadNeck,7,train
1,160,Breast,3,train
2,660,Breast,3,train
3,319,Breast,3,train
3,705,Breast,3,train
3,394,Breast,3,train
1,72,Breast,3,train
2,1643,Colon,5,train
3,80,Breast,3,train
2,322,Breast,3,train
3,263,Breast,3,train
1,1246,Esophagus,6,train
2,565,Breast,3,train
1,2005,Colon,5,train
1,466,Breast,3,train
3,1900,Colon,5,train
3,377,Breast,3,train
3,2154,Kidney,8,val
1,1155,Cervix,4,val
3,2014,HeadNeck,7,train
2,1282,Bile-duct,1,train
3,2163,Liver,9,val
1,1205,Adrenal_gland,0,train
2,2085,Liver,9,val
1,599,Breast,3,train
3,718,Colon,5,train
3,573,Breast,3,train
1,642,Breast,3,train
3,2371,Prostate,13,train
3,2570,Uterus,18,test
3,2665,Colon,5,train
3,1528,Bile-duct,1,val
3,1001,Uterus,18,val
1,993,Esophagus,6,train
1,223,Breast,3,train
3,1687,Cervix,4,train
1,2013,Colon,5,train
1,457,Breast,3,train
2,1617,Colon,5,val
3,2019,HeadNeck,7,train
2,1923,HeadNeck,7,train
1,2263,Lung,10,test
2,608,Breast,3,train
1,2276,Ovarian,11,train
1,2448,Skin,14,train
2,1435,Bile-duct,1,test
1,1079,Thyroid,17,train
2,2270,Skin,14,train
1,625,Breast,3,train
2,1865,HeadNeck,7,train
2,1880,HeadNeck,7,train
1,2191,Liver,9,train
1,219,Breast,3,train
1,1090,Skin,14,train
1,2200,Liver,9,train
2,2172,Pancreatic,12,train
2,1306,Colon,5,train
2,138,Breast,3,val
2,1196,Bile-duct,1,train
2,1221,Testis,16,val
2,1511,Breast,3,train
2,1294,Bile-duct,1,train
3,222,Breast,3,train
2,205,Breast,3,train
1,2441,Skin,14,train
3,2225,Liver,9,train
1,161,Breast,3,train
3,1274,Bile-duct,1,test
2,1916,HeadNeck,7,train
2,1359,Adrenal_gland,0,train
3,2152,Kidney,8,train
1,2048,Colon,5,train
1,1067,Thyroid,17,train
1,2603,Colon,5,train
3,1653,Breast,3,train
1,1319,Cervix,4,train
1,2193,Liver,9,train
3,240,Breast,3,train
2,147,Breast,3,train
2,2009,HeadNeck,7,train
3,288,Breast,3,train
2,181,Breast,3,train
3,2267,Ovarian,11,test
3,124,Breast,3,train
1,758,Colon,5,train
3,140,Breast,3,train
2,1646,Colon,5,train
3,980,Uterus,18,train
1,2500,Stomach,15,val
1,770,Colon,5,val
3,1347,Bile-duct,1,train
3,1367,Colon,5,train
3,769,Colon,5,train
3,635,Breast,3,train
3,533,Breast,3,train
3,1447,Adrenal_gland,0,train
2,1717,Colon,5,train
1,2114,HeadNeck,7,test
2,280,Breast,3,train
2,1982,HeadNeck,7,train
2,1475,Bladder,2,train
2,937,Thyroid,17,train
3,2029,HeadNeck,7,test
1,232,Breast,3,train
1,1561,Adrenal_gland,0,test
3,1379,Colon,5,train
3,1373,Colon,5,train
2,1656,Colon,5,train
2,99,Breast,3,train
1,1020,Pancreatic,12,train
1,817,Colon,5,test
1,1601,Bile-duct,1,train
3,316,Breast,3,train
3,2098,HeadNeck,7,val
2,2162,Pancreatic,12,test
1,928,Breast,3,train
3,1115,Adrenal_gland,0,train
3,2120,HeadNeck,7,train
3,1700,Cervix,4,train
1,1208,Adrenal_gland,0,test
3,2402,Skin,14,train
2,773,Lung,10,test
1,2009,Colon,5,train
1,394,Breast,3,train
2,2329,Stomach,15,train
2,1896,HeadNeck,7,train
3,2546,Uterus,18,test
1,2081,Esophagus,6,train
3,2590,Uterus,18,test
2,54,Breast,3,train
1,2133,HeadNeck,7,val
3,2338,Prostate,13,train
1,236,Breast,3,train
2,624,Breast,3,train
2,293,Breast,3,train
3,2336,Prostate,13,test
2,1567,Cervix,4,train
3,1055,Esophagus,6,train
3,1106,Adrenal_gland,0,train
3,2075,HeadNeck,7,train
2,1062,Adrenal_gland,0,train
1,392,Breast,3,train
2,1249,Testis,16,train
3,2249,Liver,9,test
1,435,Breast,3,train
2,1957,HeadNeck,7,train
1,560,Breast,3,train
3,290,Breast,3,train
1,627,Breast,3,train
1,1710,Breast,3,train
1,1670,Bladder,2,test
3,772,Colon,5,val
3,615,Breast,3,train
2,1490,Bladder,2,train
3,1470,Bile-duct,1,train
3,360,Breast,3,train
2,2296,Skin,14,train
3,848,Prostate,13,test
2,2451,Colon,5,train
2,62,Breast,3,train
1,708,Breast,3,train
1,1585,Bile-duct,1,train
3,415,Breast,3,train
3,1005,Uterus,18,train
2,586,Breast,3,train
1,2267,Lung,10,test
1,478,Breast,3,train
3,201,Breast,3,train
2,8,Breast,3,train
1,1919,Colon,5,train
3,2147,Kidney,8,train
3,2647,Colon,5,train
1,1736,Breast,3,train
1,2326,Pancreatic,12,test
3,34,Breast,3,train
2,1512,Breast,3,train
1,263,Breast,3,train
3,1432,Adrenal_gland,0,train
3,1430,Adrenal_gland,0,train
2,407,Breast,3,train
3,2649,Colon,5,train
2,2169,Pancreatic,12,val
1,2229,Liver,9,train
1,1781,Cervix,4,val
3,522,Breast,3,train
3,212,Breast,3,train
3,2251,Liver,9,train
3,206,Breast,3,train
2,1155,Adrenal_gland,0,train
2,1081,Esophagus,6,train
1,2613,Colon,5,test
2,2245,Skin,14,train
1,136,Breast,3,train
1,202,Breast,3,train
3,736,Colon,5,train
1,959,Kidney,8,test
1,41,Breast,3,train
1,1630,Bile-duct,1,test
2,1742,Colon,5,train
3,2116,HeadNeck,7,train
2,214,Breast,3,train
3,908,Esophagus,6,train
2,123,Breast,3,train
1,326,Breast,3,train
3,783,Colon,5,train
2,905,Lung,10,val
1,1735,Breast,3,train
1,1332,Cervix,4,train
3,1607,Bladder,2,test
3,1004,Uterus,18,train
1,2490,Stomach,15,val
3,1192,Adrenal_gland,0,train
2,556,Breast,3,train
2,2155,Pancreatic,12,train
2,822,Breast,3,train
1,1535,Adrenal_gland,0,test
3,1940,Colon,5,train
2,225,Breast,3,train
1,1937,Colon,5,train
2,685,Colon,5,test
1,2298,Ovarian,11,test
1,2599,Colon,5,train
2,203,Breast,3,train
1,1154,Cervix,4,train
1,218,Breast,3,train
2,617,Breast,3,train
3,542,Breast,3,test
2,596,Breast,3,train
1,1436,Testis,16,train
3,2318,Pancreatic,12,train
1,1547,Adrenal_gland,0,train
1,837,Colon,5,train
1,1160,Cervix,4,train
1,88,Breast,3,train
1,2075,Esophagus,6,train
3,920,Esophagus,6,train
1,942,Prostate,13,train
1,1148,Cervix,4,val
1,2248,Liver,9,train
3,2240,Liver,9,train
2,2178,Pancreatic,12,train
1,2382,Prostate,13,test
1,1250,Esophagus,6,train
2,289,Breast,3,train
1,128,Breast,3,train
2,1171,Cervix,4,train
1,1199,Adrenal_gland,0,train
1,2095,Esophagus,6,train
1,897,Breast,3,train
3,1531,Bile-duct,1,train
1,1776,Cervix,4,test
2,2246,Skin,14,test
3,48,Breast,3,train
1,679,Breast,3,train
1,710,Breast,3,train
2,2389,Thyroid,17,train
1,2117,HeadNeck,7,train
2,1307,Colon,5,train
2,1473,Bladder,2,train
3,2411,Skin,14,train
2,524,Breast,3,train
1,432,Breast,3,train
1,1996,Colon,5,train
1,315,Breast,3,train
2,1853,HeadNeck,7,val
3,532,Breast,3,train
3,2081,HeadNeck,7,train
1,678,Breast,3,train
1,2323,Pancreatic,12,train
1,107,Breast,3,val
3,2293,Ovarian,11,train
1,163,Breast,3,train
2,229,Breast,3,val
2,143,Breast,3,train
3,944,Lung,10,val
2,1740,Colon,5,train
2,1319,Colon,5,train
2,949,Thyroid,17,train
2,2315,Skin,14,train
1,614,Breast,3,train
2,2244,Prostate,13,val
2,2288,Skin,14,train
2,1128,Pancreatic,12,test
3,1747,Colon,5,train
1,781,Colon,5,train
3,1660,Breast,3,train
1,406,Breast,3,train
2,2029,Kidney,8,val
2,1432,Bile-duct,1,train
1,113,Breast,3,train
2,1207,Bile-duct,1,train
3,2303,Ovarian,11,test
2,1876,HeadNeck,7,train
2,47,Breast,3,train
1,1468,Bile-duct,1,train
1,2099,HeadNeck,7,test
2,465,Breast,3,train
1,65,Breast,3,train
2,276,Breast,3,train
2,1056,Adrenal_gland,0,train
2,249,Breast,3,val
2,1725,Colon,5,train
2,1618,Colon,5,train
2,612,Breast,3,train
2,1034,Adrenal_gland,0,train
3,1178,Esophagus,6,train
2,1028,Cervix,4,train
1,1985,Colon,5,train
1,1808,Cervix,4,test
2,781,Breast,3,train
2,224,Breast,3,train
1,2644,Colon,5,train
2,531,Breast,3,train
2,1726,Colon,5,train
3,2381,Skin,14,test
3,1922,Colon,5,train
1,2211,Liver,9,train
1,1671,Bladder,2,test
2,1102,Esophagus,6,train
2,2022,Kidney,8,train
3,1297,Testis,16,test
2,856,Stomach,15,test
2,269,Breast,3,train
3,1256,Bile-duct,1,train
2,2064,Liver,9,test
3,972,Uterus,18,train
3,2092,HeadNeck,7,train
1,1033,Lung,10,train
2,2174,Pancreatic,12,train
1,52,Breast,3,train
2,1238,Testis,16,train
3,1175,Esophagus,6,train
1,169,Breast,3,train
2,485,Breast,3,train
2,2098,Liver,9,train
1,1626,Bile-duct,1,val
1,1108,Thyroid,17,train
1,2579,Uterus,18,val
1,1438,Testis,16,test
1,1049,Lung,10,train
3,1534,Bile-duct,1,train
1,341,Breast,3,train
1,129,Breast,3,train
3,998,Uterus,18,train
3,2451,Stomach,15,train
3,1972,Esophagus,6,train
3,1125,Adrenal_gland,0,train
2,512,Breast,3,train
1,282,Breast,3,train
1,2260,Lung,10,val
2,862,Ovarian,11,train
3,2010,HeadNeck,7,train
3,1763,Colon,5,train
3,1080,Cervix,4,val
3,1798,Colon,5,train
1,2238,Liver,9,val
1,1653,Bile-duct,1,val
1,1125,Esophagus,6,val
2,2514,Colon,5,train
3,1009,Thyroid,17,test
1,303,Breast,3,train
2,1036,Adrenal_gland,0,train
3,2340,Prostate,13,test
2,1955,HeadNeck,7,train
3,2310,Ovarian,11,test
3,2002,HeadNeck,7,train
3,1393,Colon,5,train
2,1447,Bile-duct,1,train
1,2378,Prostate,13,train
2,1831,Esophagus,6,train
3,2110,HeadNeck,7,train
2,243,Breast,3,train
2,11,Breast,3,train
1,1570,Adrenal_gland,0,train
1,1252,Esophagus,6,train
1,1900,Colon,5,train
3,1881,Colon,5,train
1,1802,Cervix,4,train
1,2168,Kidney,8,train
3,790,Colon,5,train
2,658,Breast,3,train
3,1163,Esophagus,6,train
1,84,Breast,3,train
1,660,Breast,3,train
3,2232,Liver,9,train
2,76,Breast,3,train
1,1407,Bile-duct,1,train
2,373,Breast,3,train
1,1859,Colon,5,train
3,749,Colon,5,train
1,688,Breast,3,train
2,2236,Prostate,13,val
1,1835,Colon,5,train
1,1884,Colon,5,train
2,1849,HeadNeck,7,train
1,2355,Pancreatic,12,train
1,675,Breast,3,train
3,987,Uterus,18,test
3,1917,Colon,5,train
1,976,Ovarian,11,train
3,1019,Skin,14,train
3,2348,Prostate,13,train
3,349,Breast,3,train
3,2695,Colon,5,train
3,951,Lung,10,val
2,1483,Bladder,2,test
3,713,Colon,5,train
1,738,Colon,5,train
1,2189,Liver,9,test
1,1895,Colon,5,train
1,698,Breast,3,train
1,1196,Adrenal_gland,0,train
1,2010,Colon,5,train
3,2607,Uterus,18,val
2,1843,Esophagus,6,train
3,1254,Bile-duct,1,test
3,1785,Colon,5,train
3,1260,Bile-duct,1,train
2,1269,Bile-duct,1,train
2,1933,HeadNeck,7,train
3,491,Breast,3,train
2,1288,Bile-duct,1,test
1,2366,Prostate,13,test
3,2347,Prostate,13,train
1,203,Breast,3,train
2,2403,Thyroid,17,train
2,1048,Adrenal_gland,0,train
1,2550,Thyroid,17,train
3,2138,Kidney,8,test
1,1847,Colon,5,train
3,1016,Thyroid,17,train
1,185,Breast,3,train
3,1569,Bladder,2,train
1,2420,Skin,14,test
1,1730,Breast,3,train
3,2322,Pancreatic,12,train
2,1816,Esophagus,6,train
1,1310,Adrenal_gland,0,train
2,833,Kidney,8,train
2,964,Skin,14,val
2,1738,Colon,5,train
2,1096,Esophagus,6,train
3,1625,Breast,3,train
3,2392,Skin,14,train
1,2288,Ovarian,11,test
2,842,Kidney,8,test
2,378,Breast,3,train
1,1336,Cervix,4,val
1,1097,Thyroid,17,train
2,2452,Colon,5,train
3,2693,Colon,5,train
1,1285,Pancreatic,12,train
2,815,Bladder,2,test
1,1886,Colon,5,train
2,2149,Ovarian,11,test
3,1831,Colon,5,test
2,1890,HeadNeck,7,train
1,241,Breast,3,train
2,1417,Bile-duct,1,train
3,570,Breast,3,train
3,217,Breast,3,train
1,25,Breast,3,train
3,1327,Bile-duct,1,train
1,1798,Cervix,4,train
3,1382,Colon,5,train
2,1204,Bile-duct,1,train
2,1161,Adrenal_gland,0,test
3,1631,Breast,3,train
2,1085,Esophagus,6,train
1,2197,Liver,9,train
2,2086,Liver,9,test
3,504,Breast,3,train
1,2275,Ovarian,11,val
1,458,Breast,3,train
3,1083,Cervix,4,train
2,256,Breast,3,train
2,1164,Adrenal_gland,0,train
1,266,Breast,3,train
2,2007,HeadNeck,7,test
1,2443,Skin,14,train
1,1140,Esophagus,6,train
2,2059,Liver,9,train
3,2008,HeadNeck,7,train
3,1632,Breast,3,train
1,1538,Adrenal_gland,0,val
2,2070,Liver,9,train
1,328,Breast,3,train
3,1664,Cervix,4,train
3,397,Breast,3,val
1,918,Kidney,8,train
3,1618,Breast,3,train
2,2024,Kidney,8,train
3,2101,HeadNeck,7,train
3,37,Breast,3,val
3,963,Uterus,18,train
3,661,Breast,3,test
1,2318,Pancreatic,12,test
3,344,Breast,3,train
3,77,Breast,3,train
1,773,Colon,5,train
2,782,Breast,3,train
1,648,Breast,3,train
2,2311,Skin,14,val
2,2320,Stomach,15,test
1,1830,Colon,5,train
3,182,Breast,3,train
3,1498,Bile-duct,1,train
3,2711,Colon,5,train
3,2562,Uterus,18,val
2,397,Breast,3,train
3,2533,Uterus,18,train
3,592,Breast,3,train
3,1425,Adrenal_gland,0,train
2,2030,Kidney,8,train
2,2335,Stomach,15,val
3,1305,Testis,16,train
3,1877,Colon,5,train
3,582,Breast,3,train
1,238,Breast,3,train
3,413,Breast,3,train
1,2387,Prostate,13,train
1,2549,Thyroid,17,train
3,1676,Cervix,4,val
1,345,Breast,3,train
3,893,Stomach,15,train
1,1679,Breast,3,val
1,2337,Pancreatic,12,train
3,2233,Liver,9,test
3,622,Breast,3,train
2,1882,HeadNeck,7,train
1,597,Breast,3,train
2,12,Breast,3,train
1,988,Esophagus,6,train
1,1128,Esophagus,6,test
3,1499,Bile-duct,1,val
1,2097,Esophagus,6,train
1,135,Breast,3,train
1,552,Breast,3,train
2,1699,Colon,5,train
1,99,Breast,3,train
3,1331,Bile-duct,1,train
1,1814,Cervix,4,train
1,2158,HeadNeck,7,val
2,908,Lung,10,test
3,1304,Testis,16,train
2,443,Breast,3,train
3,2135,Kidney,8,test
1,2572,Thyroid,17,val
1,1245,Esophagus,6,train
1,115,Breast,3,train
3,2589,Uterus,18,test
2,1476,Bladder,2,test
3,1368,Colon,5,test
3,1355,Colon,5,train
1,1866,Colon,5,train
3,2502,Thyroid,17,test
2,1296,Colon,5,train
1,125,Breast,3,train
1,1594,Bile-duct,1,train
1,1865,Colon,5,train
3,33,Breast,3,train
2,1497,Bladder,2,test
1,2359,Pancreatic,12,train
1,2627,Colon,5,train
1,1946,Colon,5,train
3,835,Breast,3,train
1,1059,Lung,10,test
3,1520,Bile-duct,1,train
1,567,Breast,3,train
1,451,Breast,3,train
3,1362,Colon,5,train
1,1480,Colon,5,train
3,406,Breast,3,train
1,927,Breast,3,train
2,1084,Esophagus,6,train
2,2061,Liver,9,test
1,2315,Pancreatic,12,test
1,2026,Colon,5,train
1,891,Lung,10,train
1,1002,Esophagus,6,train
1,2630,Colon,5,train
2,1478,Bladder,2,val
2,2191,Pancreatic,12,train
2,664,Breast,3,train
1,653,Breast,3,train
1,1966,Colon,5,train
1,664,Breast,3,train
3,1469,Bile-duct,1,train
1,2380,Prostate,13,train
3,1734,Colon,5,train
3,242,Breast,3,train
2,93,Breast,3,train
3,2076,HeadNeck,7,train
2,1239,Testis,16,train
1,1864,Colon,5,train
1,1294,Pancreatic,12,train
2,35,Breast,3,train
2,990,Esophagus,6,train
3,625,Breast,3,train
1,2170,Kidney,8,val
3,2379,Skin,14,val
2,772,Lung,10,val
1,2178,Kidney,8,val
1,876,Lung,10,test
3,1910,Colon,5,train
3,2400,Skin,14,test
3,1845,Colon,5,train
1,573,Breast,3,train
2,2398,Thyroid,17,train
3,2215,Liver,9,val
1,1635,Bile-duct,1,test
3,1595,Bladder,2,val
3,855,Breast,3,train
3,1413,Adrenal_gland,0,train
1,1922,Colon,5,test
3,2422,Stomach,15,val
3,249,Breast,3,train
2,23,Breast,3,train
1,1704,Breast,3,train
3,1836,Colon,5,train
1,943,Prostate,13,test
2,482,Breast,3,train
3,1815,Colon,5,train
3,519,Breast,3,train
2,867,Esophagus,6,train
3,2129,HeadNeck,7,train
1,2207,Liver,9,test
1,2496,Stomach,15,val
1,1025,Lung,10,train
2,341,Breast,3,train
2,2018,Kidney,8,test
2,1271,Bile-duct,1,train
2,2366,Testis,16,val
3,83,Breast,3,train
3,1392,Colon,5,train
2,166,Breast,3,train
1,2176,Kidney,8,train
2,1254,Testis,16,val
3,1983,Esophagus,6,train
2,2054,Liver,9,train
2,1888,HeadNeck,7,train
1,279,Breast,3,train
2,2081,Liver,9,train
1,2244,Liver,9,train
3,2155,Kidney,8,test
3,1084,Cervix,4,train
3,779,Colon,5,train
2,370,Breast,3,train
3,2421,Stomach,15,test
2,631,Breast,3,train
1,2285,Ovarian,11,train
2,2043,Liver,9,train
3,1151,Esophagus,6,train
1,1600,Bile-duct,1,train
3,175,Breast,3,train
3,627,Breast,3,train
2,864,Ovarian,11,train
1,1971,Colon,5,train
3,2387,Skin,14,train
2,2020,Kidney,8,val
1,2077,Esophagus,6,train
1,523,Breast,3,train
2,961,Skin,14,train
3,2272,Ovarian,11,val
1,690,Breast,3,train
1,1576,Bile-duct,1,train
3,2509,Thyroid,17,train
2,1136,Pancreatic,12,test
3,956,Uterus,18,test
2,991,Esophagus,6,train
3,1724,Colon,5,train
3,1073,Esophagus,6,train
3,2086,HeadNeck,7,val
3,97,Breast,3,train
3,446,Breast,3,train
2,2002,HeadNeck,7,train
2,1679,Colon,5,train
3,275,Breast,3,train
3,342,Breast,3,train
1,412,Breast,3,train
2,1114,Adrenal_gland,0,train
1,854,Colon,5,train
3,650,Breast,3,train
1,367,Breast,3,train
1,1698,Breast,3,train
1,1688,Breast,3,train
3,1229,Cervix,4,train
1,1845,Colon,5,train
1,1478,Bile-duct,1,train
2,1295,Colon,5,train
2,1687,Colon,5,train
2,1659,Colon,5,train
2,1389,Adrenal_gland,0,train
1,269,Breast,3,train
1,423,Breast,3,train
3,2627,Uterus,18,test
1,205,Breast,3,train
1,2116,HeadNeck,7,test
1,1562,Adrenal_gland,0,train
3,2025,HeadNeck,7,train
3,2483,Thyroid,17,train
3,2190,Liver,9,val
3,412,Breast,3,train
1,194,Breast,3,train
1,1066,Thyroid,17,test
3,481,Breast,3,train
3,169,Breast,3,train
2,857,Stomach,15,val
1,152,Breast,3,train
3,1259,Bile-duct,1,train
1,1219,Esophagus,6,test
1,2311,Ovarian,11,train
2,2434,Colon,5,train
3,1380,Colon,5,train
2,1020,Esophagus,6,train
3,119,Breast,3,train
3,1324,Bile-duct,1,train
2,599,Breast,3,train
2,250,Breast,3,train
3,1739,Colon,5,train
1,2108,HeadNeck,7,train
1,1851,Colon,5,train
3,2473,Testis,16,test
3,983,Uterus,18,test
1,1834,Colon,5,train
2,296,Breast,3,train
3,2366,Prostate,13,train
1,2450,Skin,14,train
2,2016,Kidney,8,val
3,1122,Adrenal_gland,0,train
3,228,Breast,3,train
1,40,Breast,3,train
2,2242,Prostate,13,train
1,1999,Colon,5,train
3,2241,Liver,9,train
3,1462,Adrenal_gland,0,train
2,758,Colon,5,val
2,2206,Pancreatic,12,train
2,1506,Breast,3,train
3,1597,Bladder,2,train
2,1779,Colon,5,train
2,137,Breast,3,train
2,239,Breast,3,train
3,692,Breast,3,train
2,1494,Bladder,2,train
2,1416,Bile-duct,1,train
2,696,Colon,5,train
2,1680,Colon,5,train
3,581,Breast,3,train
1,2079,Esophagus,6,train
1,1435,Testis,16,train
2,613,Breast,3,train
2,1828,Esophagus,6,train
2,848,Stomach,15,test
2,1774,Colon,5,test
2,1406,Bile-duct,1,train
3,1346,Bile-duct,1,train
1,1658,Bile-duct,1,train
1,1548,Adrenal_gland,0,train
3,354,Breast,3,train
1,2362,Prostate,13,test
3,1589,Bladder,2,train
2,383,Breast,3,train
3,1727,Colon,5,test
2,1609,Colon,5,train
2,956,Skin,14,test
3,802,Colon,5,train
1,798,Colon,5,train
3,1721,Colon,5,train
1,2416,Skin,14,train
3,1035,Thyroid,17,train
3,2591,Uterus,18,val
3,300,Breast,3,test
1,321,Breast,3,train
2,979,Thyroid,17,test
3,1478,Bile-duct,1,train
1,1556,Adrenal_gland,0,train
3,2446,Stomach,15,val
2,548,Breast,3,train
2,2381,Testis,16,train
2,56,Breast,3,train
2,1724,Colon,5,train
3,76,Breast,3,train
2,419,Breast,3,train
3,1832,Colon,5,train
3,2088,HeadNeck,7,train
3,1738,Colon,5,train
1,1660,Bladder,2,train
3,247,Breast,3,train
1,772,Colon,5,train
3,2459,Testis,16,val
3,2532,Uterus,18,val
3,2333,Prostate,13,val
2,414,Breast,3,train
2,1502,Bladder,2,val
2,1415,Bile-duct,1,test
3,1987,HeadNeck,7,train
1,1221,Esophagus,6,train
2,107,Breast,3,train
3,884,Prostate,13,train
1,1868,Colon,5,train
2,198,Breast,3,train
2,2131,Ovarian,11,test
2,227,Breast,3,train
2,2141,Ovarian,11,val
1,2066,Esophagus,6,train
2,804,Kidney,8,train
1,156,Breast,3,train
3,508,Breast,3,train
2,1404,Bile-duct,1,train
1,192,Breast,3,val
2,2184,Pancreatic,12,test
2,38,Breast,3,train
1,174,Breast,3,train
1,2247,Liver,9,train
3,1942,Colon,5,train
3,1188,Adrenal_gland,0,test
1,1793,Cervix,4,train
2,902,Lung,10,val
1,293,Breast,3,train
3,197,Breast,3,train
2,1947,HeadNeck,7,train
2,1231,Testis,16,test
2,1827,Esophagus,6,train
1,208,Breast,3,train
1,2456,Skin,14,test
3,2187,Liver,9,val
1,1505,Colon,5,train
1,35,Breast,3,train
1,2605,Colon,5,train
2,1634,Colon,5,train
3,1603,Bladder,2,train
1,1013,Esophagus,6,train
1,1719,Breast,3,train
3,2433,Stomach,15,test
3,2359,Prostate,13,test
3,1442,Adrenal_gland,0,train
3,1461,Adrenal_gland,0,val
2,327,Breast,3,train
1,2266,Lung,10,val
3,59,Breast,3,train
3,1237,Cervix,4,val
3,74,Breast,3,val
3,2203,Liver,9,val
3,628,Breast,3,train
1,1683,Breast,3,train
3,2680,Colon,5,train
1,5,Breast,3,train
1,1326,Cervix,4,train
1,1772,Cervix,4,train
1,2173,Kidney,8,train
3,1057,Esophagus,6,train
2,2437,Colon,5,train
1,842,Colon,5,train
2,774,Lung,10,train
3,880,Prostate,13,val
2,445,Breast,3,train
1,1921,Colon,5,train
3,1160,Esophagus,6,val
3,1174,Esophagus,6,train
3,2277,Ovarian,11,test
2,731,Colon,5,train
2,2502,Colon,5,train
3,2022,HeadNeck,7,train
1,613,Breast,3,train
1,1444,Testis,16,train
1,1373,Bile-duct,1,train
2,1529,Breast,3,train
1,697,Breast,3,train
3,2399,Skin,14,test
1,1531,Adrenal_gland,0,val
2,1585,Colon,5,train
3,2213,Liver,9,val
3,1308,Testis,16,test
1,413,Breast,3,train
3,2602,Uterus,18,train
2,2240,Prostate,13,test
2,405,Breast,3,train
3,1772,Colon,5,train
1,2235,Liver,9,train
3,2660,Colon,5,train
3,234,Breast,3,train
2,1850,HeadNeck,7,train
3,63,Breast,3,train
3,1889,Colon,5,train
2,699,Colon,5,train
1,1178,Adrenal_gland,0,train
2,1354,Adrenal_gland,0,train
2,950,Thyroid,17,train
3,2169,Liver,9,train
1,693,Breast,3,train
3,2130,HeadNeck,7,test
2,394,Breast,3,train
2,1863,HeadNeck,7,val
3,1825,Colon,5,train
1,2060,Esophagus,6,train
2,2227,Prostate,13,test
3,871,Prostate,13,train
2,1791,Colon,5,train
1,2226,Liver,9,train
2,1456,Bladder,2,test
2,891,Esophagus,6,train
2,261,Breast,3,train
2,1040,Adrenal_gland,0,train
3,864,Prostate,13,val
2,1233,Testis,16,train
2,1606,Colon,5,train
1,1042,Lung,10,test
1,2593,Colon,5,train
2,1424,Bile-duct,1,train
3,604,Breast,3,train
2,860,Ovarian,11,test
1,2280,Ovarian,11,val
1,1046,Lung,10,test
3,1185,Esophagus,6,train
3,2089,HeadNeck,7,train
3,561,Breast,3,train
2,540,Breast,3,train
2,2158,Pancreatic,12,test
1,1527,Adrenal_gland,0,train
2,1440,Bile-duct,1,train
3,196,Breast,3,train
1,528,Breast,3,train
3,281,Breast,3,train
1,1747,Breast,3,train
2,2291,Skin,14,train
1,1361,Cervix,4,train
2,1773,Colon,5,train
3,2103,HeadNeck,7,train
1,68,Breast,3,train
1,1095,Cervix,4,train
3,307,Breast,3,train
3,338,Breast,3,train
3,1920,Colon,5,val
1,2080,Esophagus,6,train
3,1938,Colon,5,train
2,2041,Kidney,8,train
2,2097,Liver,9,train
1,360,Breast,3,train
3,639,Breast,3,train
1,694,Breast,3,train
1,1264,Adrenal_gland,0,train
1,517,Breast,3,train
1,1220,Esophagus,6,test
1,1447,Bile-duct,1,val
3,886,Kidney,8,val
1,1386,Bile-duct,1,train
2,1605,Colon,5,train
3,971,Uterus,18,train
1,2278,Ovarian,11,val
3,291,Breast,3,train
3,418,Breast,3,train
3,1194,Adrenal_gland,0,train
3,849,Prostate,13,test
1,1325,Cervix,4,val
3,1116,Adrenal_gland,0,train
1,570,Breast,3,train
2,2375,Testis,16,train
1,689,Breast,3,train
3,1908,Colon,5,train
1,1171,Adrenal_gland,0,train
3,2384,Skin,14,train
3,2017,HeadNeck,7,train
3,359,Breast,3,train
3,1360,Colon,5,train
3,1290,Testis,16,train
2,208,Breast,3,train
1,2462,Skin,14,val
1,1190,Adrenal_gland,0,train
1,1213,Adrenal_gland,0,val
3,2485,Thyroid,17,train
1,1442,Testis,16,train
2,2501,Colon,5,val
1,2058,Colon,5,train
1,1291,Pancreatic,12,val
1,199,Breast,3,train
2,999,Esophagus,6,train
1,1657,Bile-duct,1,val
2,1189,Cervix,4,train
1,1649,Bile-duct,1,train
2,1777,Colon,5,train
2,42,Breast,3,train
2,1787,Colon,5,train
1,865,Colon,5,train
1,1327,Cervix,4,val
2,2073,Liver,9,train
3,549,Breast,3,train
3,1421,Adrenal_gland,0,train
3,2559,Uterus,18,train
2,1217,Testis,16,train
1,353,Breast,3,train
2,801,Kidney,8,test
2,2416,Thyroid,17,train
2,2233,Prostate,13,train
1,24,Breast,3,train
1,1404,Bile-duct,1,train
1,1587,Bile-duct,1,train
3,419,Breast,3,train
3,757,Colon,5,train
1,118,Breast,3,train
1,1794,Cervix,4,train
2,2304,Skin,14,test
3,1902,Colon,5,train
1,706,Breast,3,train
3,2522,Thyroid,17,val
1,889,Lung,10,train
2,865,Esophagus,6,train
2,700,Colon,5,train
1,2252,Liver,9,train
3,401,Breast,3,test
3,2074,HeadNeck,7,val
3,1515,Bile-duct,1,train
3,1388,Colon,5,train
1,2256,Lung,10,train
2,1197,Bile-duct,1,train
3,2040,HeadNeck,7,train
3,2512,Thyroid,17,train
1,2568,Thyroid,17,train
3,1091,Cervix,4,train
2,2413,Thyroid,17,train
2,563,Breast,3,train
3,687,Breast,3,train
1,1991,Colon,5,train
3,660,Breast,3,train
3,1563,Bladder,2,train
1,2218,Liver,9,val
1,473,Breast,3,train
1,61,Breast,3,train
1,629,Breast,3,train
3,237,Breast,3,train
2,1552,Breast,3,train
2,2411,Thyroid,17,val
1,2273,Ovarian,11,test
3,2550,Uterus,18,val
3,461,Breast,3,train
1,2578,Uterus,18,train
2,820,Breast,3,train
1,2067,Esophagus,6,train
2,388,Breast,3,train
2,1697,Colon,5,train
3,1242,Cervix,4,train
3,1239,Cervix,4,val
2,649,Breast,3,train
2,1579,Colon,5,train
1,945,Prostate,13,test
1,1703,Breast,3,train
3,1874,Colon,5,train
1,1976,Colon,5,val
1,2609,Colon,5,train
1,1471,Bile-duct,1,train
3,252,Breast,3,train
3,523,Breast,3,train
3,4,Breast,3,train
3,564,Breast,3,train
3,2173,Liver,9,test
1,1364,Cervix,4,train
1,2185,Kidney,8,val
2,2167,Pancreatic,12,train
3,648,Breast,3,train
3,2636,Colon,5,train
2,2124,Ovarian,11,train
2,403,Breast,3,train
2,2285,Skin,14,train
2,1516,Breast,3,train
1,1777,Cervix,4,train
1,577,Breast,3,train
3,2247,Liver,9,val
1,1724,Breast,3,train
2,1211,Bile-duct,1,train
3,1808,Colon,5,train
3,327,Breast,3,train
3,2608,Uterus,18,val
2,14,Breast,3,train
2,1713,Colon,5,train
2,589,Breast,3,train
1,497,Breast,3,train
2,1628,Colon,5,train
3,731,Colon,5,train
2,89,Breast,3,train
3,2004,HeadNeck,7,train
2,1555,Breast,3,train
3,2398,Skin,14,test
3,803,Colon,5,train
1,2111,HeadNeck,7,train
3,492,Breast,3,train
3,591,Breast,3,train
3,389,Breast,3,train
3,774,Colon,5,train
1,1628,Bile-duct,1,train
2,939,Thyroid,17,train
3,2603,Uterus,18,train
3,2349,Prostate,13,train
3,70,Breast,3,train
3,795,Colon,5,train
3,399,Breast,3,test
3,2227,Liver,9,val
2,1495,Bladder,2,val
2,245,Breast,3,train
3,1159,Esophagus,6,train
3,1665,Cervix,4,train
1,2188,Kidney,8,test
1,1827,Colon,5,train
1,1750,Cervix,4,test
1,2317,Pancreatic,12,val
3,1060,Esophagus,6,train
3,479,Breast,3,train
3,1134,Adrenal_gland,0,test
3,1905,Colon,5,train
2,875,Esophagus,6,val
2,1722,Colon,5,train
1,724,Breast,3,train
2,1798,Colon,5,train
2,1748,Colon,5,train
2,610,Breast,3,train
1,2390,Prostate,13,train
1,431,Breast,3,train
3,686,Breast,3,train
3,1025,Cervix,4,train
1,133,Breast,3,train
1,264,Breast,3,train
2,594,Breast,3,train
3,685,Breast,3,train
3,437,Breast,3,train
2,173,Breast,3,train
2,1783,Colon,5,train
1,1790,Cervix,4,test
3,1434,Adrenal_gland,0,train
2,880,Esophagus,6,train
2,1367,Adrenal_gland,0,train
1,75,Breast,3,train
3,845,Kidney,8,test
1,1474,Bile-duct,1,train
3,1397,Colon,5,train
2,706,Colon,5,train
3,2592,Uterus,18,train
2,2496,Colon,5,test
1,103,Breast,3,train
2,568,Breast,3,train
2,257,Breast,3,train
1,1731,Breast,3,train
1,1,Breast,3,train
3,2265,Ovarian,11,train
3,2280,Ovarian,11,train
1,941,Prostate,13,train
1,1426,Testis,16,train
1,1904,Colon,5,train
1,1563,Adrenal_gland,0,train
1,2377,Prostate,13,train
2,632,Breast,3,train
2,1772,Colon,5,train
3,1487,Bile-duct,1,train
1,1082,Thyroid,17,train
2,641,Breast,3,train
1,2564,Thyroid,17,test
3,1638,Breast,3,train
3,1621,Breast,3,train
3,764,Colon,5,train
3,1927,Colon,5,train
2,2034,Kidney,8,val
2,2312,Skin,14,train
2,452,Breast,3,train
2,1222,Testis,16,train
1,2543,Thyroid,17,test
3,664,Breast,3,train
1,2121,HeadNeck,7,test
3,1681,Cervix,4,train
3,1219,Adrenal_gland,0,train
3,142,Breast,3,train
3,403,Breast,3,train
2,1700,Colon,5,train
3,488,Breast,3,val
3,2299,Ovarian,11,test
1,1898,Colon,5,train
2,901,Lung,10,train
1,2555,Thyroid,17,train
3,632,Breast,3,train
3,1081,Cervix,4,train
1,352,Breast,3,train
3,723,Colon,5,train
1,580,Breast,3,train
1,189,Breast,3,train
2,2377,Testis,16,train
1,856,Colon,5,train
2,1115,Adrenal_gland,0,train
1,2147,HeadNeck,7,train
3,930,Lung,10,test
1,676,Breast,3,train
1,2591,Uterus,18,test
2,1242,Testis,16,test
3,624,Breast,3,train
3,2472,Testis,16,val
2,755,Colon,5,train
1,10,Breast,3,train
1,2175,Kidney,8,test
3,2045,HeadNeck,7,train
3,1659,Breast,3,train
3,509,Breast,3,train
3,799,Colon,5,train
3,109,Breast,3,train
3,1633,Breast,3,train
1,362,Breast,3,train
3,2671,Colon,5,train
2,1519,Breast,3,train
2,993,Esophagus,6,test
3,117,Breast,3,val
3,118,Breast,3,train
1,1408,Bile-duct,1,train
1,1968,Colon,5,train
2,1523,Breast,3,train
2,1266,Bile-duct,1,train
1,2594,Colon,5,train
1,1891,Colon,5,train
3,709,Colon,5,train
2,344,Breast,3,train
2,355,Breast,3,train
2,472,Breast,3,train
3,352,Breast,3,train
2,1988,HeadNeck,7,train
1,1534,Adrenal_gland,0,train
2,1297,Colon,5,train
3,463,Breast,3,train
3,2121,HeadNeck,7,train
2,2355,Testis,16,test
2,1401,Bile-duct,1,train
3,1797,Colon,5,train
2,2284,Skin,14,val
3,997,Uterus,18,val
2,1281,Bile-duct,1,train
2,1930,HeadNeck,7,train
3,2030,HeadNeck,7,val
2,574,Breast,3,train
3,1497,Bile-duct,1,train
3,1814,Colon,5,train
1,1464,Bile-duct,1,train
3,2085,HeadNeck,7,train
1,1107,Thyroid,17,train
1,767,Colon,5,train
1,1401,Bile-duct,1,train
1,1388,Bile-duct,1,train
3,1404,Adrenal_gland,0,train
1,1526,Adrenal_gland,0,train
3,655,Breast,3,train
1,518,Breast,3,train
3,1203,Adrenal_gland,0,test
1,1842,Colon,5,train
1,376,Breast,3,train
3,854,Breast,3,train
2,20,Breast,3,train
2,1025,Cervix,4,train
1,1045,Lung,10,train
3,1032,Thyroid,17,train
3,1856,Colon,5,train
3,1061,Esophagus,6,train
2,854,Colon,5,train
1,769,Colon,5,train
1,1318,Adrenal_gland,0,train
1,2254,Lung,10,train
3,2176,Liver,9,val
3,1234,Cervix,4,train
3,2254,Liver,9,train
3,65,Breast,3,train
3,98,Breast,3,train
2,155,Breast,3,train
2,1050,Adrenal_gland,0,val
1,387,Breast,3,train
3,694,Breast,3,val
2,2346,Stomach,15,train
3,2430,Stomach,15,test
2,1592,Colon,5,train
2,2498,Colon,5,train
2,1344,Adrenal_gland,0,train
3,2124,HeadNeck,7,train
2,2208,Pancreatic,12,train
2,914,Lung,10,train
1,32,Breast,3,train
3,2239,Liver,9,val
3,1313,Testis,16,val
2,1660,Colon,5,train
2,2237,Prostate,13,val
1,2259,Lung,10,train
3,1682,Cervix,4,train
1,2557,Thyroid,17,train
1,1633,Bile-duct,1,train
3,1094,Adrenal_gland,0,train
2,298,Breast,3,train
3,2204,Liver,9,test
3,1157,Esophagus,6,train
1,44,Breast,3,train
3,1291,Testis,16,val
3,2083,HeadNeck,7,train
1,512,Breast,3,train
3,2181,Liver,9,train
1,1175,Adrenal_gland,0,train
3,443,Breast,3,train
1,513,Breast,3,train
3,2478,Testis,16,train
3,1103,Adrenal_gland,0,test
3,568,Breast,3,train
3,1408,Adrenal_gland,0,train
2,1893,HeadNeck,7,test
2,1098,Esophagus,6,train
1,2398,Prostate,13,val
1,1646,Bile-duct,1,train
3,1453,Adrenal_gland,0,train
2,1877,HeadNeck,7,train
3,1319,Bile-duct,1,train
2,2140,Ovarian,11,train
2,2019,Kidney,8,test
1,2446,Skin,14,test
1,807,Colon,5,train
1,1343,Cervix,4,train
3,740,Colon,5,train
2,1148,Pancreatic,12,val
3,1999,HeadNeck,7,val
2,211,Breast,3,train
3,985,Uterus,18,val
1,2558,Thyroid,17,val
3,1422,Adrenal_gland,0,train
2,2183,Pancreatic,12,train
2,1177,Cervix,4,train
3,2638,Colon,5,train
1,742,Colon,5,train
3,2294,Ovarian,11,train
3,1615,Breast,3,train
3,1101,Adrenal_gland,0,test
3,1426,Adrenal_gland,0,train
3,538,Breast,3,train
2,424,Breast,3,train
1,290,Breast,3,train
3,761,Colon,5,test
1,1624,Bile-duct,1,val
2,2096,Liver,9,test
3,2426,Stomach,15,train
2,2091,Liver,9,train
3,2577,Uterus,18,test
3,2275,Ovarian,11,test
2,584,Breast,3,train
1,751,Colon,5,train
3,609,Breast,3,train
2,553,Breast,3,train
1,391,Breast,3,train
3,2323,Pancreatic,12,train
1,43,Breast,3,train
2,1860,HeadNeck,7,train
1,198,Breast,3,train
3,393,Breast,3,train
3,2167,Liver,9,train
3,1600,Bladder,2,train
3,787,Colon,5,test
3,602,Breast,3,val
3,22,Breast,3,train
3,2543,Uterus,18,train
2,1909,HeadNeck,7,train
2,2290,Skin,14,val
3,1768,Colon,5,train
1,11,Breast,3,train
2,1675,Colon,5,train
2,652,Breast,3,val
1,1673,Bladder,2,test
2,1378,Adrenal_gland,0,train
3,1781,Colon,5,train
3,1385,Colon,5,train
1,1829,Colon,5,train
2,2049,Liver,9,train
2,657,Breast,3,train
2,417,Breast,3,train
1,2033,Colon,5,test
3,1572,Bladder,2,train
2,1240,Testis,16,val
2,561,Breast,3,train
2,1055,Adrenal_gland,0,train
1,965,Colon,5,train
3,2058,HeadNeck,7,train
1,1339,Cervix,4,test
2,1109,Adrenal_gland,0,train
3,44,Breast,3,train
1,1259,Esophagus,6,train
3,2360,Prostate,13,train
3,1075,Esophagus,6,val
1,2006,Colon,5,val
2,1305,Colon,5,train
3,2257,Lung,10,val
1,2350,Pancreatic,12,train
2,294,Breast,3,train
1,443,Breast,3,train
2,935,Thyroid,17,test
3,1537,Bile-duct,1,train
3,1706,Colon,5,train
2,2251,Skin,14,val
3,2539,Uterus,18,train
1,1473,Bile-duct,1,test
1,860,Colon,5,train
1,1122,Esophagus,6,train
3,1227,Cervix,4,train
1,2307,Ovarian,11,train
1,514,Breast,3,train
1,1913,Colon,5,train
1,300,Breast,3,train
1,958,Kidney,8,train
2,140,Breast,3,train
3,87,Breast,3,train
3,2210,Liver,9,test
1,384,Breast,3,train
3,1172,Esophagus,6,train
3,601,Breast,3,train
3,1593,Bladder,2,test
1,2128,HeadNeck,7,train
3,2153,Kidney,8,test
3,2194,Liver,9,train
3,967,Uterus,18,train
1,1118,Esophagus,6,train
1,1935,Colon,5,train
2,974,Thyroid,17,val
1,2076,Esophagus,6,train
1,2569,Thyroid,17,test
2,183,Breast,3,train
1,2085,Esophagus,6,train
2,947,Thyroid,17,test
2,130,Breast,3,train
2,172,Breast,3,train
2,1588,Colon,5,train
2,216,Breast,3,train
3,2315,Pancreatic,12,test
3,2143,Kidney,8,test
1,808,Colon,5,train
2,2336,Stomach,15,test
2,1330,Colon,5,train
3,2217,Liver,9,train
1,225,Breast,3,train
2,2189,Pancreatic,12,val
1,806,Colon,5,train
1,1018,Pancreatic,12,val
1,122,Breast,3,train
1,982,Esophagus,6,train
3,2463,Testis,16,train
1,442,Breast,3,train
2,809,Kidney,8,test
2,958,Skin,14,test
3,166,Breast,3,train
1,147,Breast,3,train
1,538,Breast,3,train
1,1746,Breast,3,train
2,580,Breast,3,train
3,1587,Bladder,2,test
2,1682,Colon,5,train
3,899,Esophagus,6,train
3,588,Breast,3,train
2,444,Breast,3,train
2,2095,Liver,9,train
1,1963,Colon,5,train
2,2047,Liver,9,train
2,913,Lung,10,test
1,2415,Skin,14,train
2,478,Breast,3,train
2,1484,Bladder,2,val
3,2720,Colon,5,train
3,1492,Bile-duct,1,train
2,1492,Bladder,2,test
2,1964,HeadNeck,7,val
1,1524,Adrenal_gland,0,train
1,1822,Colon,5,train
2,2297,Skin,14,train
2,2075,Liver,9,train
2,50,Breast,3,train
3,610,Breast,3,train
1,729,Breast,3,train
3,88,Breast,3,train
3,2038,HeadNeck,7,train
2,1130,Pancreatic,12,val
3,1372,Colon,5,train
3,1,Breast,3,train
2,2040,Kidney,8,test
1,878,Lung,10,train
3,1479,Bile-duct,1,train
3,585,Breast,3,train
2,1632,Colon,5,train
3,1594,Bladder,2,val
2,2032,Kidney,8,val
2,461,Breast,3,train
3,566,Breast,3,train
2,2076,Liver,9,train
1,2414,Skin,14,test
2,1422,Bile-duct,1,train
3,244,Breast,3,train
1,1783,Cervix,4,train
2,683,Colon,5,train
3,2705,Colon,5,train
2,742,Colon,5,train
2,1444,Bile-duct,1,train
1,1434,Testis,16,train
1,2514,Testis,16,train
2,135,Breast,3,train
2,501,Breast,3,train
2,415,Breast,3,train
1,1532,Adrenal_gland,0,train
3,172,Breast,3,train
3,2301,Ovarian,11,val
2,2235,Prostate,13,train
1,1887,Colon,5,train
3,734,Colon,5,train
3,928,Esophagus,6,train
3,569,Breast,3,train
2,1176,Cervix,4,train
1,1723,Breast,3,train
1,2440,Skin,14,train
1,1267,Adrenal_gland,0,train
1,1269,Adrenal_gland,0,train
3,1231,Cervix,4,train
3,1169,Esophagus,6,train
3,2677,Colon,5,train
3,730,Colon,5,train
3,453,Breast,3,train
1,2052,Colon,5,train
2,1650,Colon,5,train
2,2410,Thyroid,17,train
1,975,Ovarian,11,val
1,1463,Bile-duct,1,train
3,1810,Colon,5,train
1,33,Breast,3,train
1,2596,Colon,5,train
3,1138,Adrenal_gland,0,train
2,2102,Liver,9,test
2,1513,Breast,3,train
1,1026,Lung,10,val
1,1132,Esophagus,6,train
2,1054,Adrenal_gland,0,test
1,504,Breast,3,train
1,607,Breast,3,train
3,554,Breast,3,train
2,1427,Bile-duct,1,val
2,31,Breast,3,train
1,797,Colon,5,train
2,1799,Colon,5,train
3,320,Breast,3,train
2,752,Colon,5,train
1,2036,Colon,5,train
3,559,Breast,3,train
2,2333,Stomach,15,train
1,173,Breast,3,train
2,2113,Lung,10,train
2,2203,Pancreatic,12,val
3,1899,Colon,5,train
3,2222,Liver,9,train
2,331,Breast,3,train
1,2109,HeadNeck,7,train
1,956,Kidney,8,val
3,276,Breast,3,train
1,374,Breast,3,train
1,1056,Lung,10,train
3,829,Lung,10,val
2,719,Colon,5,train
2,86,Breast,3,train
3,1451,Adrenal_gland,0,train
1,1832,Colon,5,train
3,1039,Thyroid,17,train
3,675,Breast,3,train
3,2615,Uterus,18,test
1,2560,Thyroid,17,test
3,747,Colon,5,train
3,2388,Skin,14,train
3,2622,Uterus,18,train
3,326,Breast,3,train
3,426,Breast,3,train
1,2167,HeadNeck,7,train
1,1247,Esophagus,6,train
3,2352,Prostate,13,train
1,832,Colon,5,train
2,665,Breast,3,train
2,998,Esophagus,6,train
1,500,Breast,3,train
1,536,Breast,3,train
3,1611,Breast,3,train
1,2428,Skin,14,test
3,1455,Adrenal_gland,0,train
1,482,Breast,3,train
2,263,Breast,3,train
2,986,Thyroid,17,train
3,2078,HeadNeck,7,train
3,2259,Lung,10,test
2,544,Breast,3,train
2,1637,Colon,5,train
3,2434,Stomach,15,test
2,2152,Pancreatic,12,train
3,2670,Colon,5,train
2,1041,Adrenal_gland,0,train
3,2255,Liver,9,train
2,2216,Prostate,13,test
2,2406,Thyroid,17,train
2,213,Breast,3,train
1,462,Breast,3,train
2,1133,Pancreatic,12,train
3,507,Breast,3,train
1,1288,Pancreatic,12,val
3,2581,Uterus,18,val
1,1803,Cervix,4,train
1,287,Breast,3,train
1,665,Breast,3,train
2,2272,Skin,14,train
3,833,Breast,3,train
3,253,Breast,3,train
2,2119,Ovarian,11,train
1,499,Breast,3,train
2,2008,HeadNeck,7,train
2,2415,Thyroid,17,val
3,1435,Adrenal_gland,0,train
1,1637,Bile-duct,1,train
1,1758,Cervix,4,train
1,671,Breast,3,train
2,1216,Testis,16,train
2,628,Breast,3,train
1,2360,Prostate,13,val
3,2137,Kidney,8,test
2,79,Breast,3,train
1,1047,Lung,10,val
2,1342,Adrenal_gland,0,train
1,546,Breast,3,train
2,1962,HeadNeck,7,train
1,2393,Prostate,13,test
3,358,Breast,3,train
1,416,Breast,3,train
2,897,Lung,10,train
3,163,Breast,3,train
3,1278,Bile-duct,1,train
2,1026,Cervix,4,train
2,859,Stomach,15,train
1,1058,Lung,10,test
1,1301,Pancreatic,12,test
3,1027,Cervix,4,test
1,179,Breast,3,train
2,2462,Colon,5,train
1,1428,Testis,16,train
1,246,Breast,3,train
1,1340,Cervix,4,train
1,2635,Colon,5,train
1,850,Colon,5,train
2,2157,Pancreatic,12,test
2,1911,HeadNeck,7,train
3,2504,Thyroid,17,train
1,2585,Uterus,18,train
3,82,Breast,3,train
1,882,Lung,10,train
1,2068,Esophagus,6,train
1,1333,Cervix,4,val
3,2208,Liver,9,train
2,88,Breast,3,train
1,415,Breast,3,train
2,2175,Pancreatic,12,val
1,780,Colon,5,train
2,1208,Bile-duct,1,train
3,811,Colon,5,train
2,2263,Skin,14,val
1,1950,Colon,5,train
3,2196,Liver,9,val
3,2479,Testis,16,train
2,887,Esophagus,6,train
2,1589,Colon,5,train
1,2533,Testis,16,train
1,711,Breast,3,train
1,1077,Thyroid,17,train
3,328,Breast,3,train
3,271,Breast,3,train
3,1402,Adrenal_gland,0,train
2,1255,Testis,16,test
1,2177,Kidney,8,train
2,1125,Pancreatic,12,train
1,835,Colon,5,train
1,1452,Bile-duct,1,train
2,2289,Skin,14,train
3,2291,Ovarian,11,test
2,1078,Esophagus,6,train
1,2201,Liver,9,test
3,1311,Testis,16,val
3,96,Breast,3,train
2,1875,HeadNeck,7,train
3,2631,Uterus,18,val
3,414,Breast,3,train
1,2002,Colon,5,train
1,2426,Skin,14,train
1,2070,Esophagus,6,train
2,1961,HeadNeck,7,val
3,2496,Thyroid,17,val
1,1765,Cervix,4,train
1,2000,Colon,5,train
2,1980,HeadNeck,7,train
3,526,Breast,3,train
3,825,Lung,10,train
2,1745,Colon,5,train
1,344,Breast,3,train
3,149,Breast,3,train
2,1581,Colon,5,train
3,199,Breast,3,train
2,1381,Adrenal_gland,0,test
2,1012,Esophagus,6,train
3,856,Breast,3,train
2,602,Breast,3,train
3,12,Breast,3,train
2,2324,Stomach,15,test
1,872,Lung,10,train
3,1053,Esophagus,6,train
2,753,Colon,5,train
2,179,Breast,3,train
2,1390,Adrenal_gland,0,train
2,1301,Colon,5,train
3,2408,Skin,14,test
3,2633,Uterus,18,train
3,496,Breast,3,train
3,1613,Breast,3,train
1,1591,Bile-duct,1,train
1,2476,Stomach,15,train
3,2289,Ovarian,11,val
3,176,Breast,3,train
1,2203,Liver,9,train
3,81,Breast,3,train
1,1009,Esophagus,6,train
1,795,Colon,5,train
3,1407,Adrenal_gland,0,train
2,2348,Stomach,15,val
1,357,Breast,3,train
3,55,Breast,3,train
1,26,Breast,3,train
2,1820,Esophagus,6,train
1,2537,Thyroid,17,train
3,2645,Colon,5,train
1,1344,Cervix,4,train
3,53,Breast,3,train
1,2137,HeadNeck,7,train
1,137,Breast,3,train
1,1069,Thyroid,17,train
3,214,Breast,3,train
3,1334,Bile-duct,1,train
3,872,Prostate,13,val
2,1789,Colon,5,train
2,1746,Colon,5,train
2,1142,Pancreatic,12,train
2,1310,Colon,5,train
3,595,Breast,3,train
3,2377,Skin,14,train
1,2449,Skin,14,train
3,1735,Colon,5,train
2,2438,Colon,5,train
1,2272,Ovarian,11,train
1,582,Breast,3,train
2,1517,Breast,3,train
3,304,Breast,3,train
1,2421,Skin,14,train
3,516,Breast,3,train
3,1326,Bile-duct,1,train
3,1839,Colon,5,train
2,682,Colon,5,train
3,1038,Thyroid,17,train
1,2305,Ovarian,11,test
3,2542,Uterus,18,train
2,943,Thyroid,17,val
1,1110,Thyroid,17,val
3,2678,Colon,5,train
1,1234,Esophagus,6,test
3,2466,Testis,16,train
2,828,Bladder,2,train
2,222,Breast,3,train
2,468,Breast,3,train
2,521,Breast,3,train
2,1944,HeadNeck,7,test
3,355,Breast,3,train
3,2199,Liver,9,train
3,738,Colon,5,train
1,1459,Bile-duct,1,train
2,2093,Liver,9,train
1,1037,Lung,10,val
2,1206,Bile-duct,1,train
2,1530,Breast,3,train
2,202,Breast,3,train
3,1438,Adrenal_gland,0,train
3,1765,Colon,5,train
1,2608,Colon,5,train
1,1853,Colon,5,train
2,1002,Esophagus,6,train
1,314,Breast,3,train
3,2179,Liver,9,train
2,368,Breast,3,train
1,182,Breast,3,train
2,2052,Liver,9,train
3,938,Lung,10,val
2,740,Colon,5,train
1,866,Colon,5,train
2,1992,HeadNeck,7,train
1,1010,Esophagus,6,train
3,1261,Bile-duct,1,train
2,2412,Thyroid,17,train
1,535,Breast,3,train
3,264,Breast,3,train
1,83,Breast,3,train
2,1809,Colon,5,train
1,2654,Colon,5,train
3,475,Breast,3,train
2,1100,Esophagus,6,train
2,995,Esophagus,6,train
2,858,Stomach,15,val
1,1789,Cervix,4,train
2,1058,Adrenal_gland,0,test
1,2394,Prostate,13,train
2,1368,Adrenal_gland,0,train
3,2566,Uterus,18,train
1,559,Breast,3,train
1,886,Lung,10,val
3,1384,Colon,5,train
3,781,Colon,5,train
3,1212,Adrenal_gland,0,train
1,2573,Thyroid,17,test
3,79,Breast,3,val
3,2057,HeadNeck,7,val
1,1862,Colon,5,train
3,186,Breast,3,train
3,1605,Bladder,2,train
2,1061,Adrenal_gland,0,train
1,2523,Testis,16,val
3,1837,Colon,5,train
3,2006,HeadNeck,7,train
2,1712,Colon,5,train
2,853,Colon,5,train
3,704,Breast,3,train
1,1510,Colon,5,train
1,1302,Pancreatic,12,train
3,547,Breast,3,train
3,2700,Colon,5,train
3,1846,Colon,5,train
3,937,Lung,10,train
2,2156,Pancreatic,12,test
1,1828,Colon,5,train
2,1163,Adrenal_gland,0,train
2,2470,Colon,5,train
2,2331,Stomach,15,test
3,29,Breast,3,train
2,1613,Colon,5,train
1,727,Breast,3,train
1,380,Breast,3,train
1,1926,Colon,5,train
3,69,Breast,3,train
2,1151,Adrenal_gland,0,train
1,1349,Cervix,4,train
2,63,Breast,3,train
3,2482,Testis,16,test
1,1400,Bile-duct,1,val
1,239,Breast,3,train
3,471,Breast,3,train
1,408,Breast,3,train
3,2031,HeadNeck,7,train
1,929,Breast,3,train
3,931,Lung,10,train
2,1817,Esophagus,6,val
2,1263,Testis,16,val
1,63,Breast,3,train
2,975,Thyroid,17,train
2,1122,Adrenal_gland,0,train
1,1479,Colon,5,train
2,1182,Cervix,4,train
3,1284,Bile-duct,1,train
2,985,Thyroid,17,train
3,2095,HeadNeck,7,train
3,1680,Cervix,4,val
3,388,Breast,3,train
3,2055,HeadNeck,7,train
3,1365,Colon,5,train
3,1506,Bile-duct,1,train
2,2380,Testis,16,val
3,1264,Bile-duct,1,train
2,803,Kidney,8,test
2,1741,Colon,5,train
2,1952,HeadNeck,7,test
1,970,Ovarian,11,train
3,1041,Thyroid,17,train
3,722,Colon,5,train
2,1969,HeadNeck,7,test
1,1603,Bile-duct,1,train
3,221,Breast,3,train
1,1525,Adrenal_gland,0,val
1,2196,Liver,9,train
1,2404,Prostate,13,train
1,903,Breast,3,train
3,683,Breast,3,train
3,859,Breast,3,train
3,714,Colon,5,train
3,670,Breast,3,train
3,2287,Ovarian,11,train
1,2069,Esophagus,6,train
3,1184,Esophagus,6,train
3,1040,Thyroid,17,test
2,2000,HeadNeck,7,test
1,1721,Breast,3,train
1,691,Breast,3,train
3,396,Breast,3,val
2,2308,Skin,14,train
3,2454,Stomach,15,train
1,259,Breast,3,train
1,734,Breast,3,train
1,634,Breast,3,train
1,281,Breast,3,train
3,2059,HeadNeck,7,train
1,1607,Bile-duct,1,test
2,1649,Colon,5,train
1,1363,Cervix,4,train
3,889,Kidney,8,train
1,2645,Colon,5,train
1,484,Breast,3,test
2,111,Breast,3,train
2,467,Breast,3,train
2,492,Breast,3,train
3,1403,Adrenal_gland,0,train
1,978,Esophagus,6,train
1,2640,Colon,5,train
2,2230,Prostate,13,train
1,920,Prostate,13,val
2,647,Breast,3,train
2,1715,Colon,5,train
3,208,Breast,3,train
2,449,Breast,3,train
2,1663,Colon,5,train
1,1109,Thyroid,17,train
2,124,Breast,3,train
2,1209,Bile-duct,1,train
1,1860,Colon,5,train
2,333,Breast,3,train
2,863,Ovarian,11,val
1,495,Breast,3,train
2,416,Breast,3,train
2,843,Kidney,8,train
3,154,Breast,3,train
1,2349,Pancreatic,12,train
1,2592,Colon,5,train
1,235,Breast,3,train
2,2082,Liver,9,train
1,102,Breast,3,train
2,900,Lung,10,train
3,952,Lung,10,train
3,1887,Colon,5,train
2,195,Breast,3,train
3,1791,Colon,5,train
2,505,Breast,3,train
2,978,Thyroid,17,train
1,2509,Stomach,15,train
3,2530,Uterus,18,val
1,1990,Colon,5,train
1,1675,Bladder,2,val
1,1573,Adrenal_gland,0,train
3,2495,Thyroid,17,train
3,1629,Breast,3,train
3,784,Colon,5,train
1,789,Colon,5,train
2,491,Breast,3,train
3,1550,Bile-duct,1,train
2,1325,Colon,5,train
2,114,Breast,3,train
1,818,Colon,5,train
3,2593,Uterus,18,train
3,1704,Colon,5,train
1,453,Breast,3,train
3,259,Breast,3,train
1,901,Breast,3,train
2,1203,Bile-duct,1,train
2,369,Breast,3,train
2,1371,Adrenal_gland,0,train
1,104,Breast,3,train
1,1094,Cervix,4,train
2,1871,HeadNeck,7,train
2,2068,Liver,9,val
2,1878,HeadNeck,7,train
3,1028,Cervix,4,train
2,1131,Pancreatic,12,train
1,74,Breast,3,train
3,1006,Uterus,18,train
1,2586,Uterus,18,train
1,1659,Bile-duct,1,train
1,1645,Bile-duct,1,train
1,2647,Colon,5,train
3,2015,HeadNeck,7,train
2,13,Breast,3,train
1,1636,Bile-duct,1,val
2,1959,HeadNeck,7,train
2,1317,Colon,5,train
2,711,Colon,5,train
1,48,Breast,3,train
2,1819,Esophagus,6,train
1,1308,Adrenal_gland,0,train
3,1864,Colon,5,train
1,1650,Bile-duct,1,train
2,1764,Colon,5,train
1,1813,Cervix,4,train
1,957,Kidney,8,train
3,191,Breast,3,train
1,2529,Testis,16,test
3,1578,Bladder,2,val
3,459,Breast,3,train
1,2491,Stomach,15,train
3,720,Colon,5,val
3,791,Colon,5,train
1,981,Esophagus,6,test
1,393,Breast,3,train
2,539,Breast,3,train
2,212,Breast,3,train
2,1385,Adrenal_gland,0,train
2,1536,Breast,3,train
3,404,Breast,3,train
2,2449,Colon,5,train
3,693,Breast,3,train
3,1187,Adrenal_gland,0,train
2,806,Kidney,8,train
3,1577,Bladder,2,train
3,2540,Uterus,18,train
3,608,Breast,3,train
3,2624,Uterus,18,train
2,2133,Ovarian,11,val
3,2525,Uterus,18,val
3,335,Breast,3,train
1,1101,Thyroid,17,train
2,579,Breast,3,train
2,199,Breast,3,train
2,807,Kidney,8,test
3,1854,Colon,5,train
1,543,Breast,3,train
1,2202,Liver,9,train
1,158,Breast,3,train
3,2378,Skin,14,train
3,1054,Esophagus,6,train
3,1424,Adrenal_gland,0,test
1,474,Breast,3,train
1,1757,Cervix,4,train
3,2100,HeadNeck,7,train
1,2454,Skin,14,train
1,712,Breast,3,train
2,71,Breast,3,train
1,2281,Ovarian,11,test
1,861,Colon,5,train
1,2607,Colon,5,train
3,1491,Bile-duct,1,train
1,1948,Colon,5,train
3,1123,Adrenal_gland,0,train
3,868,Prostate,13,test
1,1718,Breast,3,train
2,16,Breast,3,train
1,428,Breast,3,train
2,1119,Adrenal_gland,0,train
1,912,Kidney,8,val
1,1727,Breast,3,train
1,1958,Colon,5,train
1,485,Breast,3,train
1,801,Colon,5,train
2,976,Thyroid,17,test
3,2641,Colon,5,train
1,608,Breast,3,train
1,2452,Skin,14,val
1,1393,Bile-duct,1,train
2,1913,HeadNeck,7,train
2,2405,Thyroid,17,train
3,2447,Stomach,15,test
3,641,Breast,3,train
2,583,Breast,3,train
2,1677,Colon,5,train
1,1697,Breast,3,train
1,1354,Cervix,4,train
3,1546,Bile-duct,1,train
2,141,Breast,3,train
3,2554,Uterus,18,train
2,1716,Colon,5,train
3,1419,Adrenal_gland,0,train
2,745,Colon,5,train
2,411,Breast,3,train
3,1296,Testis,16,train
3,1396,Colon,5,train
1,799,Colon,5,train
2,1383,Adrenal_gland,0,train
2,334,Breast,3,train
2,1953,HeadNeck,7,train
3,94,Breast,3,train
2,399,Breast,3,train
3,467,Breast,3,train
3,139,Breast,3,train
1,480,Breast,3,train
3,653,Breast,3,train
3,1357,Colon,5,train
1,859,Colon,5,train
2,1187,Cervix,4,train
1,718,Breast,3,train
2,1094,Esophagus,6,train
1,828,Colon,5,test
2,603,Breast,3,train
3,2467,Testis,16,train
3,85,Breast,3,train
3,378,Breast,3,train
2,1709,Colon,5,train
1,92,Breast,3,train
3,2414,Stomach,15,train
3,1512,Bile-duct,1,train
3,2574,Uterus,18,train
3,1748,Colon,5,train
1,1163,Cervix,4,val
2,2188,Pancreatic,12,train
3,2269,Ovarian,11,train
2,1950,HeadNeck,7,train
3,1043,Esophagus,6,train
2,295,Breast,3,train
1,2172,Kidney,8,test
2,1557,Breast,3,train
2,1872,HeadNeck,7,train
1,646,Breast,3,train
3,171,Breast,3,val
3,1685,Cervix,4,train
2,1362,Adrenal_gland,0,val
1,1314,Adrenal_gland,0,train
2,318,Breast,3,train
1,1888,Colon,5,train
2,2138,Ovarian,11,val
3,2266,Ovarian,11,test
3,246,Breast,3,train
2,1535,Breast,3,train
3,2214,Liver,9,train
3,1416,Adrenal_gland,0,train
2,7,Breast,3,train
2,2028,Kidney,8,val
1,1593,Bile-duct,1,train
3,2106,HeadNeck,7,train
3,759,Colon,5,train
1,2089,Esophagus,6,train
1,400,Breast,3,train
3,1433,Adrenal_gland,0,train
1,2636,Colon,5,train
1,183,Breast,3,train
3,870,Prostate,13,train
3,73,Breast,3,train
1,2648,Colon,5,train
3,2594,Uterus,18,test
1,737,Breast,3,train
1,1580,Bile-duct,1,train
3,108,Breast,3,train
2,1099,Esophagus,6,val
3,2258,Lung,10,train
3,2507,Thyroid,17,train
1,87,Breast,3,train
2,2145,Ovarian,11,train
2,440,Breast,3,train
1,76,Breast,3,train
1,2290,Ovarian,11,train
2,1291,Bile-duct,1,train
1,401,Breast,3,train
2,215,Breast,3,train
3,506,Breast,3,train
2,780,Breast,3,train
2,1064,Adrenal_gland,0,train
3,2548,Uterus,18,train
3,1883,Colon,5,train
2,2254,Skin,14,train
1,178,Breast,3,train
2,1070,Adrenal_gland,0,val
1,2399,Prostate,13,train
1,2646,Colon,5,train
1,2583,Uterus,18,val
3,1166,Esophagus,6,train
1,1643,Bile-duct,1,train
3,2616,Uterus,18,val
3,751,Colon,5,train
1,2334,Pancreatic,12,train
3,2716,Colon,5,train
2,1568,Cervix,4,train
1,1970,Colon,5,train
3,2389,Skin,14,train
1,936,Prostate,13,val
3,1998,HeadNeck,7,val
2,1945,HeadNeck,7,train
1,1806,Cervix,4,val
3,1495,Bile-duct,1,train
1,1123,Esophagus,6,train
3,1206,Pancreatic,12,train
3,2628,Uterus,18,test
2,2426,Thyroid,17,val
3,2394,Skin,14,train
2,458,Breast,3,train
3,545,Breast,3,train
1,1445,Testis,16,train
1,1725,Breast,3,train
3,1475,Bile-duct,1,train
1,1114,Thyroid,17,test
3,515,Breast,3,train
2,1744,Colon,5,train
1,2261,Lung,10,test
1,184,Breast,3,train
3,1551,Bile-duct,1,train
3,1446,Adrenal_gland,0,test
1,813,Colon,5,train
2,1024,Cervix,4,val
2,2247,Skin,14,val
1,1739,Breast,3,train
1,2083,Esophagus,6,val
2,1978,HeadNeck,7,test
3,1069,Esophagus,6,train
3,2698,Colon,5,train
2,1545,Breast,3,train
2,2361,Testis,16,train
1,2127,HeadNeck,7,val
2,1861,HeadNeck,7,train
3,2238,Liver,9,test
1,847,Colon,5,train
1,1644,Bile-duct,1,train
3,188,Breast,3,train
3,1602,Bladder,2,val
1,2141,HeadNeck,7,train
1,1702,Breast,3,train
1,2626,Colon,5,val
3,728,Colon,5,train
3,1092,Cervix,4,train
2,1894,HeadNeck,7,test
3,306,Breast,3,train
1,2546,Thyroid,17,test
3,1801,Colon,5,train
1,1498,Colon,5,train
3,1244,Cervix,4,train
3,2011,HeadNeck,7,train
1,1347,Cervix,4,val
2,942,Thyroid,17,train
2,1869,HeadNeck,7,val
3,1819,Colon,5,train
1,1129,Esophagus,6,test
2,2441,Colon,5,train
3,525,Breast,3,train
1,2604,Colon,5,train
1,1276,Adrenal_gland,0,train
3,416,Breast,3,train
3,2016,HeadNeck,7,train
1,2140,HeadNeck,7,train
3,49,Breast,3,train
3,905,Esophagus,6,train
2,765,Colon,5,train
1,1994,Colon,5,train
3,1086,Cervix,4,train
2,2132,Ovarian,11,test
2,180,Breast,3,train
1,519,Breast,3,train
3,1749,Colon,5,train
3,1265,Bile-duct,1,train
3,2327,Pancreatic,12,train
3,2024,HeadNeck,7,train
2,1620,Colon,5,train
2,473,Breast,3,train
3,72,Breast,3,train
1,1564,Adrenal_gland,0,val
1,1186,Adrenal_gland,0,train
2,759,Colon,5,train
1,2371,Prostate,13,train
1,1604,Bile-duct,1,train
3,277,Breast,3,test
1,490,Breast,3,train
2,171,Breast,3,train
2,761,Colon,5,train
1,2225,Liver,9,test
2,1976,HeadNeck,7,val
2,1608,Colon,5,train
3,160,Breast,3,train
2,1898,HeadNeck,7,test
1,70,Breast,3,train
3,1150,Esophagus,6,train
1,2130,HeadNeck,7,train
1,2486,Stomach,15,test
2,1480,Bladder,2,train
3,39,Breast,3,train
2,1864,HeadNeck,7,train
3,1228,Cervix,4,train
1,1368,Cervix,4,val
1,1954,Colon,5,train
3,789,Colon,5,train
2,2004,HeadNeck,7,test
2,582,Breast,3,train
1,1043,Lung,10,val
2,1641,Colon,5,train
1,418,Breast,3,train
2,2090,Liver,9,train
1,1664,Bladder,2,val
2,1598,Colon,5,train
3,706,Colon,5,train
2,2341,Stomach,15,test
1,771,Colon,5,train
1,1179,Adrenal_gland,0,test
1,2264,Lung,10,train
3,286,Breast,3,train
2,1795,Colon,5,train
2,1158,Adrenal_gland,0,train
1,2457,Skin,14,test
3,1197,Adrenal_gland,0,train
3,1356,Colon,5,train
3,1943,Colon,5,train
2,519,Breast,3,train
1,140,Breast,3,train
2,337,Breast,3,train
1,355,Breast,3,train
1,1896,Colon,5,train
3,1696,Cervix,4,train
1,1295,Pancreatic,12,val
3,672,Breast,3,train
2,2364,Testis,16,test
3,2178,Liver,9,val
3,1300,Testis,16,train
1,985,Esophagus,6,train
1,1876,Colon,5,train
2,640,Breast,3,train
2,836,Kidney,8,train
2,1160,Adrenal_gland,0,train
2,619,Breast,3,train
1,337,Breast,3,train
1,481,Breast,3,train
1,1462,Bile-duct,1,train
1,79,Breast,3,train
1,1944,Colon,5,train
2,653,Breast,3,train
1,2466,Stomach,15,val
1,2157,HeadNeck,7,train
2,1013,Esophagus,6,val
3,1892,Colon,5,train
2,0,Breast,3,train
3,2432,Stomach,15,train
2,1932,HeadNeck,7,train
2,481,Breast,3,train
1,1686,Breast,3,train
1,1611,Bile-duct,1,test
1,1782,Cervix,4,train
3,1456,Adrenal_gland,0,test
3,1473,Bile-duct,1,test
3,916,Esophagus,6,train
1,1684,Breast,3,train
2,84,Breast,3,train
3,1646,Breast,3,train
3,1561,Bladder,2,val
3,2172,Liver,9,val
3,2274,Ovarian,11,train
1,2221,Liver,9,test
2,1678,Colon,5,train
3,1915,Colon,5,train
3,1891,Colon,5,train
1,2615,Colon,5,train
3,739,Colon,5,train
2,1019,Esophagus,6,train
1,620,Breast,3,train
2,1311,Colon,5,train
1,987,Esophagus,6,train
1,1706,Breast,3,train
1,2412,Prostate,13,train
3,1458,Adrenal_gland,0,train
2,108,Breast,3,train
2,2021,Kidney,8,train
3,1923,Colon,5,train
3,510,Breast,3,train
1,1902,Colon,5,train
2,1213,Testis,16,val
1,914,Kidney,8,test
1,609,Breast,3,train
1,1870,Colon,5,train
3,752,Colon,5,train
2,1521,Breast,3,train
1,1358,Cervix,4,train
1,465,Breast,3,test
3,1376,Colon,5,train
1,2104,HeadNeck,7,train
1,1207,Adrenal_gland,0,train
3,1947,Esophagus,6,train
1,623,Breast,3,train
2,2170,Pancreatic,12,train
1,1024,Pancreatic,12,train
2,2301,Skin,14,train
1,1689,Breast,3,train
2,2042,Liver,9,train
3,1596,Bladder,2,test
2,345,Breast,3,train
3,1871,Colon,5,train
2,1558,Cervix,4,train
2,237,Breast,3,train
3,1348,Bile-duct,1,test
3,2202,Liver,9,train
2,1466,Bladder,2,train
2,651,Breast,3,train
3,2170,Liver,9,train
3,2326,Pancreatic,12,train
2,506,Breast,3,train
3,2111,HeadNeck,7,train
2,1126,Pancreatic,12,train
3,2051,HeadNeck,7,train
3,93,Breast,3,train
1,2520,Testis,16,train
1,1787,Cervix,4,train
3,1679,Cervix,4,val
3,961,Uterus,18,train
3,133,Breast,3,train
1,1597,Bile-duct,1,train
1,2329,Pancreatic,12,train
2,235,Breast,3,train
1,2169,Kidney,8,val
2,2388,Thyroid,17,val
3,1059,Esophagus,6,test
1,2327,Pancreatic,12,train
1,1848,Colon,5,train
1,1522,Adrenal_gland,0,val
3,370,Breast,3,train
2,509,Breast,3,train
3,2295,Ovarian,11,test
3,2682,Colon,5,train
3,1481,Bile-duct,1,train
3,2235,Liver,9,train
2,698,Colon,5,train
3,122,Breast,3,train
1,2236,Liver,9,train
1,1441,Testis,16,train
2,1300,Colon,5,train
1,1856,Colon,5,train
1,1911,Colon,5,val
3,2544,Uterus,18,val
1,716,Breast,3,train
2,73,Breast,3,train
2,825,Bladder,2,test
1,197,Breast,3,train
3,918,Esophagus,6,train
3,631,Breast,3,train
1,2322,Pancreatic,12,val
3,1584,Bladder,2,train
2,255,Breast,3,train
2,1616,Colon,5,train
1,636,Breast,3,test
1,2258,Lung,10,train
1,2160,HeadNeck,7,train
2,1671,Colon,5,train
2,1881,HeadNeck,7,train
3,17,Breast,3,train
3,1505,Bile-duct,1,train
3,1079,Cervix,4,train
3,2302,Ovarian,11,train
1,2389,Prostate,13,train
3,1099,Adrenal_gland,0,train
3,2651,Colon,5,train
2,1840,Esophagus,6,train
1,117,Breast,3,train
1,334,Breast,3,train
3,1533,Bile-duct,1,train
1,131,Breast,3,train
3,272,Breast,3,train
1,1642,Bile-duct,1,train
2,1200,Bile-duct,1,train
2,498,Breast,3,train
3,707,Colon,5,train
3,1152,Esophagus,6,train
2,1075,Esophagus,6,train
2,1938,HeadNeck,7,train
1,1112,Thyroid,17,val
2,1696,Colon,5,train
1,1270,Adrenal_gland,0,train
1,824,Colon,5,train
3,1177,Esophagus,6,test
3,1119,Adrenal_gland,0,val
1,1139,Esophagus,6,train
1,1638,Bile-duct,1,train
1,1089,Skin,14,test
1,2458,Skin,14,val
3,2672,Colon,5,train
1,204,Breast,3,train
3,576,Breast,3,train
1,530,Breast,3,train
3,1021,Skin,14,train
3,2253,Liver,9,val
3,2282,Ovarian,11,train
3,343,Breast,3,train
1,91,Breast,3,train
2,1218,Testis,16,train
3,1554,Bladder,2,val
3,2395,Skin,14,train
3,2151,Kidney,8,val
2,715,Colon,5,train
1,2497,Stomach,15,train
3,1867,Colon,5,train
3,1583,Bladder,2,test
3,464,Breast,3,train
2,1667,Colon,5,train
1,1691,Breast,3,train
1,1993,Colon,5,train
1,1486,Colon,5,train
3,417,Breast,3,train
3,1460,Adrenal_gland,0,train
3,1870,Colon,5,train
2,1376,Adrenal_gland,0,train
2,743,Colon,5,train
3,2703,Colon,5,train
2,2241,Prostate,13,test
3,1240,Cervix,4,test
1,2319,Pancreatic,12,test
3,1960,Esophagus,6,test
2,2435,Colon,5,train
1,1881,Colon,5,train
2,231,Breast,3,train
2,909,Lung,10,test
1,1168,Cervix,4,train
3,1493,Bile-duct,1,test
1,2149,HeadNeck,7,train
2,429,Breast,3,train
1,2503,Stomach,15,test
3,2317,Pancreatic,12,val
3,157,Breast,3,train
1,618,Breast,3,train
1,2602,Colon,5,train
2,1935,HeadNeck,7,train
3,926,Esophagus,6,test
3,1770,Colon,5,train
1,2345,Pancreatic,12,train
1,1969,Colon,5,train
1,785,Colon,5,train
2,1729,Colon,5,train
3,1415,Adrenal_gland,0,train
1,299,Breast,3,train
2,360,Breast,3,train
1,995,Esophagus,6,train
3,572,Breast,3,train
1,273,Breast,3,train
2,873,Esophagus,6,test
2,371,Breast,3,train
3,503,Breast,3,train
1,949,Prostate,13,train
1,1610,Bile-duct,1,train
3,658,Breast,3,train
2,1814,Esophagus,6,val
1,1068,Thyroid,17,train
2,1771,Colon,5,train
3,1674,Cervix,4,test
2,2293,Skin,14,val
1,2637,Colon,5,train
1,1011,Esophagus,6,train
2,659,Breast,3,train
2,2428,Thyroid,17,train
1,759,Colon,5,train
1,1038,Lung,10,val
1,1282,Pancreatic,12,train
2,769,Colon,5,val
1,56,Breast,3,train
3,804,Colon,5,train
1,277,Breast,3,train
3,1652,Breast,3,train
1,2473,Stomach,15,test
1,1981,Colon,5,train
2,2497,Colon,5,train
1,402,Breast,3,train
2,128,Breast,3,train
2,1023,Cervix,4,train
3,2201,Liver,9,train
3,455,Breast,3,train
2,2374,Testis,16,val
3,1112,Adrenal_gland,0,train
1,2086,Esophagus,6,test
1,630,Breast,3,train
3,1196,Adrenal_gland,0,test
3,873,Prostate,13,val
2,1399,Bile-duct,1,train
2,1653,Colon,5,train
1,1151,Cervix,4,train
1,550,Breast,3,val
1,2217,Liver,9,train
1,15,Breast,3,train
1,49,Breast,3,train
3,2492,Thyroid,17,train
2,2226,Prostate,13,test
3,2583,Uterus,18,train
1,2445,Skin,14,test
2,1984,HeadNeck,7,train
3,1051,Esophagus,6,train
2,1091,Esophagus,6,train
2,1910,HeadNeck,7,test
3,2481,Testis,16,val
3,1266,Bile-duct,1,val
3,2648,Colon,5,train
1,2227,Liver,9,train
3,2555,Uterus,18,train
3,2719,Colon,5,train
2,1669,Colon,5,train
3,697,Breast,3,train
1,134,Breast,3,train
2,1452,Bile-duct,1,train
3,2420,Stomach,15,train
3,1916,Colon,5,train
2,2478,Colon,5,train
3,0,Breast,3,train
2,346,Breast,3,train
2,918,Lung,10,val
2,1796,Colon,5,train
2,1565,Cervix,4,train
2,1580,Colon,5,train
3,2513,Thyroid,17,train
3,1598,Bladder,2,val
1,154,Breast,3,train
3,2428,Stomach,15,val
3,1732,Colon,5,val
3,2684,Colon,5,train
3,1395,Colon,5,train
1,2480,Stomach,15,train
2,790,Breast,3,train
2,1293,Bile-duct,1,test
2,2407,Thyroid,17,train
2,965,Skin,14,val
3,500,Breast,3,train
1,984,Esophagus,6,train
1,1661,Bladder,2,test
2,314,Breast,3,train
1,1064,Thyroid,17,train
1,787,Colon,5,val
3,1077,Cervix,4,train
3,684,Breast,3,train
2,663,Breast,3,train
2,493,Breast,3,train
3,2424,Stomach,15,train
2,872,Esophagus,6,train
2,2425,Thyroid,17,train
3,616,Breast,3,train
3,1482,Bile-duct,1,train
1,2289,Ovarian,11,train
1,243,Breast,3,train
1,1965,Colon,5,train
1,363,Breast,3,val
3,824,Lung,10,train
1,2031,Colon,5,train
2,148,Breast,3,train
1,381,Breast,3,train
3,970,Uterus,18,val
1,1197,Adrenal_gland,0,train
3,2437,Stomach,15,train
3,1514,Bile-duct,1,test
2,423,Breast,3,train
1,1035,Lung,10,train
1,1034,Lung,10,train
2,484,Breast,3,train
1,1272,Adrenal_gland,0,val
3,712,Colon,5,train
1,1823,Colon,5,train
3,1719,Colon,5,train
1,46,Breast,3,test
2,1149,Pancreatic,12,train
1,539,Breast,3,train
3,888,Kidney,8,train
2,187,Breast,3,train
2,316,Breast,3,train
1,2304,Ovarian,11,train
2,1548,Breast,3,train
1,265,Breast,3,train
1,1641,Bile-duct,1,train
3,1599,Bladder,2,test
3,2256,Lung,10,train
1,2092,Esophagus,6,val
3,1717,Colon,5,train
2,829,Prostate,13,train
1,261,Breast,3,train
1,755,Colon,5,val
1,680,Breast,3,train
2,721,Colon,5,train
1,1501,Colon,5,train
3,671,Breast,3,train
2,161,Breast,3,train
1,212,Breast,3,train
3,634,Breast,3,train
1,1121,Esophagus,6,train
3,598,Breast,3,train
2,722,Colon,5,train
2,1278,Bile-duct,1,train
3,630,Breast,3,train
1,2024,Colon,5,train
2,592,Breast,3,train
1,1337,Cervix,4,train
3,1195,Adrenal_gland,0,train
2,288,Breast,3,train
1,209,Breast,3,train
1,488,Breast,3,train
1,1217,Adrenal_gland,0,train
3,1666,Cervix,4,train
2,2057,Liver,9,val
2,72,Breast,3,test
2,2453,Colon,5,train
2,2446,Colon,5,train
3,2132,Kidney,8,test
1,2246,Liver,9,train
1,1546,Adrenal_gland,0,train
3,2614,Uterus,18,train
3,514,Breast,3,train
1,2313,Pancreatic,12,val
2,2358,Testis,16,train
2,2418,Thyroid,17,val
2,158,Breast,3,train
3,1230,Cervix,4,test
2,1862,HeadNeck,7,train
2,2433,Colon,5,train
2,406,Breast,3,train
1,791,Colon,5,train
1,1240,Esophagus,6,train
2,502,Breast,3,train
2,463,Breast,3,train
1,1225,Esophagus,6,train
1,116,Breast,3,val
3,1858,Colon,5,train
2,734,Colon,5,train
2,395,Breast,3,train
2,1111,Adrenal_gland,0,val
1,436,Breast,3,train
2,1705,Colon,5,train
2,110,Breast,3,train
3,284,Breast,3,train
3,181,Breast,3,train
2,1991,HeadNeck,7,train
2,351,Breast,3,train
2,1320,Colon,5,train
1,841,Colon,5,train
2,2015,Kidney,8,train
3,1654,Breast,3,train
1,2040,Colon,5,train
1,533,Breast,3,train
1,2171,Kidney,8,val
1,450,Breast,3,train
2,1884,HeadNeck,7,test
1,2588,Uterus,18,train
2,919,Lung,10,val
2,2249,Skin,14,train
3,1338,Bile-duct,1,train
1,757,Colon,5,train
1,2438,Skin,14,train
1,574,Breast,3,train
3,280,Breast,3,train
3,1946,Colon,5,train
3,1976,Esophagus,6,train
2,707,Colon,5,train
2,1403,Bile-duct,1,train
3,676,Breast,3,train
3,2418,Stomach,15,val
3,936,Lung,10,train
1,190,Breast,3,train
1,719,Breast,3,train
1,1362,Cervix,4,train
3,719,Colon,5,train
1,2234,Liver,9,test
2,1382,Adrenal_gland,0,train
3,2484,Thyroid,17,train
1,668,Breast,3,train
1,1557,Adrenal_gland,0,train
2,1457,Bladder,2,train
2,1110,Adrenal_gland,0,train
2,1654,Colon,5,train
3,2659,Colon,5,train
1,2132,HeadNeck,7,train
2,785,Breast,3,train
2,2432,Colon,5,train
3,562,Breast,3,train
3,1637,Breast,3,test
1,1134,Esophagus,6,train
2,2161,Pancreatic,12,val
3,2567,Uterus,18,val
3,239,Breast,3,train
3,553,Breast,3,train
3,1925,Colon,5,train
1,2018,Colon,5,train
2,2397,Thyroid,17,train
1,1425,Testis,16,val
3,558,Breast,3,train
1,2601,Colon,5,train
2,152,Breast,3,train
3,2027,HeadNeck,7,train
2,826,Bladder,2,train
2,1661,Colon,5,train
3,1281,Bile-duct,1,val
3,2686,Colon,5,train
3,1374,Colon,5,train
2,1668,Colon,5,val
1,1115,Esophagus,6,train
2,1973,HeadNeck,7,test
2,577,Breast,3,train
2,1004,Esophagus,6,train
2,2372,Testis,16,train
2,870,Esophagus,6,train
1,2485,Stomach,15,train
2,1022,Esophagus,6,val
2,41,Breast,3,train
1,193,Breast,3,train
2,1027,Cervix,4,train
3,1459,Adrenal_gland,0,train
1,168,Breast,3,train
3,1912,Colon,5,val
1,2212,Liver,9,train
2,738,Colon,5,train
3,1805,Colon,5,train
2,27,Breast,3,train
1,186,Breast,3,train
1,1419,Testis,16,train
2,380,Breast,3,train
3,947,Lung,10,val
3,1570,Bladder,2,val
2,2340,Stomach,15,val
3,86,Breast,3,train
3,950,Lung,10,test
1,78,Breast,3,train
2,362,Breast,3,train
2,2490,Colon,5,train
3,618,Breast,3,train
2,119,Breast,3,train
2,1120,Adrenal_gland,0,train
2,697,Colon,5,train
1,979,Esophagus,6,train
2,129,Breast,3,train
1,571,Breast,3,train
2,1290,Bile-duct,1,train
2,457,Breast,3,train
2,686,Colon,5,train
2,1785,Colon,5,train
2,885,Esophagus,6,test
3,782,Colon,5,train
1,884,Lung,10,test
1,2395,Prostate,13,train
2,1470,Bladder,2,train
2,2278,Skin,14,val
2,25,Breast,3,train
3,1494,Bile-duct,1,train
1,888,Lung,10,train
1,1281,Pancreatic,12,train
1,1324,Cervix,4,train
1,831,Colon,5,train
1,2525,Testis,16,train
3,1701,Colon,5,train
2,1355,Adrenal_gland,0,train
3,2231,Liver,9,val
2,1664,Colon,5,train
3,1894,Colon,5,test
2,1855,HeadNeck,7,train
2,855,Stomach,15,train
3,621,Breast,3,train
3,597,Breast,3,train
3,1895,Colon,5,train
2,1824,Esophagus,6,train
2,218,Breast,3,train
2,1810,Colon,5,train
1,1130,Esophagus,6,train
2,1360,Adrenal_gland,0,train
1,1174,Adrenal_gland,0,train
1,881,Lung,10,train
2,2055,Liver,9,train
3,2620,Uterus,18,train
3,1507,Bile-duct,1,train
2,789,Breast,3,train
2,2417,Thyroid,17,test
1,2634,Colon,5,train
3,254,Breast,3,train
2,1286,Bile-duct,1,train
1,1311,Adrenal_gland,0,train
2,750,Colon,5,train
3,1914,Colon,5,train
3,1888,Colon,5,train
1,2220,Liver,9,train
1,521,Breast,3,train
3,776,Colon,5,train
2,2092,Liver,9,val
3,2538,Uterus,18,test
2,1448,Bile-duct,1,train
1,1215,Adrenal_gland,0,train
2,1072,Adrenal_gland,0,train
2,1754,Colon,5,train
2,2166,Pancreatic,12,test
1,1399,Bile-duct,1,train
1,2411,Prostate,13,train
2,1090,Esophagus,6,test
1,2574,Thyroid,17,train
1,2556,Thyroid,17,train
2,87,Breast,3,train
3,1742,Colon,5,train
3,2537,Uterus,18,test
1,1275,Adrenal_gland,0,train
3,1218,Adrenal_gland,0,train
1,917,Kidney,8,val
2,190,Breast,3,train
2,1899,HeadNeck,7,train
1,2453,Skin,14,val
2,1821,Esophagus,6,train
3,1784,Colon,5,train
3,1526,Bile-duct,1,train
2,1590,Colon,5,train
1,2062,Esophagus,6,train
2,2481,Colon,5,train
1,464,Breast,3,train
2,2100,Liver,9,test
2,60,Breast,3,train
3,1427,Adrenal_gland,0,val
2,441,Breast,3,train
3,1543,Bile-duct,1,train
2,2492,Colon,5,train
2,2323,Stomach,15,test
3,250,Breast,3,train
2,768,Colon,5,train
1,319,Breast,3,train
1,1998,Colon,5,train
3,1952,Esophagus,6,train
3,941,Lung,10,val
1,2383,Prostate,13,train
3,1926,Colon,5,train
1,777,Colon,5,train
2,710,Colon,5,val
3,827,Lung,10,test
2,650,Breast,3,train
3,689,Breast,3,train
2,367,Breast,3,train
1,2542,Thyroid,17,test
1,2223,Liver,9,test
2,1768,Colon,5,train
1,148,Breast,3,train
3,350,Breast,3,train
2,2520,Colon,5,train
3,2696,Colon,5,train
1,810,Colon,5,val
3,698,Breast,3,test
1,1461,Bile-duct,1,test
3,1224,Cervix,4,train
1,2159,HeadNeck,7,train
2,1735,Colon,5,train
2,821,Breast,3,train
2,2031,Kidney,8,val
1,603,Breast,3,train
2,310,Breast,3,train
2,2404,Thyroid,17,train
2,798,Kidney,8,train
1,1622,Bile-duct,1,train
1,1785,Cervix,4,train
3,2343,Prostate,13,train
3,1743,Colon,5,train
1,846,Colon,5,test
1,332,Breast,3,train
3,2639,Colon,5,train
2,206,Breast,3,train
3,2643,Colon,5,train
2,636,Breast,3,train
3,161,Breast,3,train
1,2096,Esophagus,6,train
3,1585,Bladder,2,test
2,546,Breast,3,train
2,1999,HeadNeck,7,train
1,2465,Skin,14,test
1,1150,Cervix,4,train
2,1904,HeadNeck,7,train
2,566,Breast,3,train
3,1707,Colon,5,train
2,2330,Stomach,15,val
1,2151,HeadNeck,7,train
3,1989,HeadNeck,7,train
2,1262,Testis,16,train
3,1420,Adrenal_gland,0,train
3,1758,Colon,5,train
3,1113,Adrenal_gland,0,train
3,19,Breast,3,train
2,19,Breast,3,train
1,1518,Colon,5,train
1,604,Breast,3,train
1,1927,Colon,5,train
3,1047,Esophagus,6,train
2,170,Breast,3,train
2,2053,Liver,9,train
2,1983,HeadNeck,7,train
2,575,Breast,3,train
3,841,Colon,5,train
2,186,Breast,3,train
3,2442,Stomach,15,test
3,1648,Breast,3,train
3,257,Breast,3,train
1,23,Breast,3,train
2,1534,Breast,3,train
3,203,Breast,3,train
1,210,Breast,3,train
2,483,Breast,3,train
3,1944,Colon,5,train
3,1144,Adrenal_gland,0,train
2,37,Breast,3,train
1,1728,Breast,3,train
1,249,Breast,3,train
3,466,Breast,3,train
2,526,Breast,3,train
1,1091,Cervix,4,val
3,861,Bladder,2,train
2,1755,Colon,5,train
2,2506,Colon,5,train
2,925,Lung,10,val
2,1887,HeadNeck,7,val
2,2518,Colon,5,val
2,390,Breast,3,train
1,2619,Colon,5,train
2,2521,Colon,5,train
1,461,Breast,3,train
2,1856,HeadNeck,7,val
1,1602,Bile-duct,1,train
2,254,Breast,3,train
1,1243,Esophagus,6,train
1,2274,Ovarian,11,train
1,214,Breast,3,train
1,1836,Colon,5,train
1,1957,Colon,5,train
1,1516,Colon,5,train
3,1050,Esophagus,6,train
2,760,Colon,5,train
1,417,Breast,3,train
2,1065,Adrenal_gland,0,train
2,625,Breast,3,train
1,1467,Bile-duct,1,train
3,144,Breast,3,train
3,1571,Bladder,2,test
2,2431,Uterus,18,test
3,527,Breast,3,train
1,1741,Breast,3,train
2,762,Colon,5,train
3,863,Prostate,13,val
2,2153,Pancreatic,12,test
1,2262,Lung,10,train
1,792,Colon,5,train
3,1500,Bile-duct,1,train
1,1209,Adrenal_gland,0,train
3,2609,Uterus,18,test
1,594,Breast,3,train
1,505,Breast,3,train
2,2232,Prostate,13,train
2,2062,Liver,9,train
2,1446,Bile-duct,1,val
2,2455,Colon,5,train
1,1947,Colon,5,train
1,1820,Cervix,4,train
3,1439,Adrenal_gland,0,train
1,977,Ovarian,11,train
2,904,Lung,10,train
2,644,Breast,3,train
1,1529,Adrenal_gland,0,train
1,2038,Colon,5,train
1,1360,Cervix,4,train
2,2084,Liver,9,train
1,1057,Lung,10,train
3,2356,Prostate,13,train
3,657,Breast,3,test
3,946,Lung,10,train
1,1761,Cervix,4,test
3,2273,Ovarian,11,train
3,921,Esophagus,6,train
3,1399,Adrenal_gland,0,test
1,475,Breast,3,train
1,2478,Stomach,15,test
3,336,Breast,3,train
3,368,Breast,3,train
2,1350,Adrenal_gland,0,train
3,844,Kidney,8,val
1,467,Breast,3,train
1,2649,Colon,5,train
2,535,Breast,3,train
3,2517,Thyroid,17,train
2,2305,Skin,14,train
1,802,Colon,5,train
2,639,Breast,3,train
2,292,Breast,3,train
1,1737,Breast,3,train
1,836,Colon,5,train
3,152,Breast,3,train
3,2618,Uterus,18,test
1,370,Breast,3,train
3,1822,Colon,5,train
1,1072,Thyroid,17,train
3,589,Breast,3,train
1,2464,Skin,14,train
3,225,Breast,3,train
3,1243,Cervix,4,val
2,2409,Thyroid,17,train
2,2039,Kidney,8,val
3,1937,Colon,5,train
1,244,Breast,3,train
1,2021,Colon,5,train
3,2710,Colon,5,train
1,1416,Testis,16,train
1,1826,Colon,5,train
2,328,Breast,3,val
1,2164,HeadNeck,7,val
2,2224,Prostate,13,val
2,1967,HeadNeck,7,test
2,1801,Colon,5,train
2,777,Lung,10,train
1,834,Colon,5,train
2,1370,Adrenal_gland,0,train
3,2369,Prostate,13,train
2,2146,Ovarian,11,val
2,669,Breast,3,train
1,1762,Cervix,4,train
3,2655,Colon,5,train
2,590,Breast,3,train
3,168,Breast,3,train
3,134,Breast,3,train
1,1632,Bile-duct,1,train
3,1662,Breast,3,train
2,323,Breast,3,train
2,839,Kidney,8,train
1,85,Breast,3,train
1,1975,Colon,5,train
2,812,Kidney,8,test
3,2036,HeadNeck,7,train
1,1260,Esophagus,6,train
2,946,Thyroid,17,train
3,402,Breast,3,train
3,2206,Liver,9,test
1,153,Breast,3,train
3,2297,Ovarian,11,val
3,2066,HeadNeck,7,train
2,94,Breast,3,train
1,2587,Uterus,18,test
1,1084,Thyroid,17,val
3,1886,Colon,5,train
2,2443,Colon,5,train
1,1743,Breast,3,train
1,1076,Thyroid,17,train
1,1203,Adrenal_gland,0,train
1,256,Breast,3,train
3,1480,Bile-duct,1,val
3,452,Breast,3,train
3,2702,Colon,5,train
1,1019,Pancreatic,12,val
2,726,Colon,5,train
1,2531,Testis,16,test
3,1953,Esophagus,6,train
2,689,Colon,5,train
2,1192,Cervix,4,train
1,2091,Esophagus,6,train
3,339,Breast,3,train
3,1875,Colon,5,train
1,2103,HeadNeck,7,test
3,1253,Bile-duct,1,test
2,573,Breast,3,train
1,1941,Colon,5,train
1,1032,Lung,10,train
2,656,Breast,3,train
1,2082,Esophagus,6,val
2,2213,Prostate,13,val
2,480,Breast,3,train
1,429,Breast,3,train
2,2299,Skin,14,test
3,27,Breast,3,train
2,1284,Bile-duct,1,train
3,771,Colon,5,train
1,1422,Testis,16,train
3,1096,Adrenal_gland,0,train
1,1210,Adrenal_gland,0,train
1,2008,Colon,5,train
3,551,Breast,3,train
2,1686,Colon,5,train
2,402,Breast,3,train
2,271,Breast,3,train
3,1807,Colon,5,train
1,2424,Skin,14,train
1,2017,Colon,5,test
2,691,Colon,5,train
1,960,Kidney,8,train
1,1127,Esophagus,6,val
2,2385,Thyroid,17,train
2,895,Lung,10,test
3,708,Colon,5,train
1,2433,Skin,14,train
3,1411,Adrenal_gland,0,train
2,1229,Testis,16,val
3,896,Ovarian,11,train
3,353,Breast,3,train
1,2205,Liver,9,val
2,1377,Adrenal_gland,0,train
3,775,Colon,5,train
1,911,Colon,5,train
1,935,Prostate,13,train
3,1267,Bile-duct,1,test
1,2562,Thyroid,17,train
1,2138,HeadNeck,7,train
3,385,Breast,3,train
3,2186,Liver,9,train
2,305,Breast,3,train
3,2242,Liver,9,train
3,1345,Bile-duct,1,train
1,1017,Esophagus,6,train
2,911,Lung,10,train
2,607,Breast,3,train
1,245,Breast,3,train
1,2492,Stomach,15,train
3,1437,Adrenal_gland,0,train
3,2505,Thyroid,17,val
3,1295,Testis,16,train
2,1852,HeadNeck,7,train
3,1445,Adrenal_gland,0,train
2,1009,Esophagus,6,val
3,472,Breast,3,train
1,2351,Pancreatic,12,test
1,494,Breast,3,train
1,2148,HeadNeck,7,val
2,1546,Breast,3,train
2,241,Breast,3,train
2,1823,Esophagus,6,train
3,147,Breast,3,train
1,1916,Colon,5,train
2,678,Colon,5,train
1,2385,Prostate,13,test
2,382,Breast,3,train
1,704,Breast,3,test
1,1251,Esophagus,6,val
2,643,Breast,3,test
1,907,Breast,3,train
2,358,Breast,3,test
3,2185,Liver,9,test
3,842,Colon,5,train
2,2117,Ovarian,11,val
3,445,Breast,3,train
2,265,Breast,3,train
2,456,Breast,3,train
3,2262,Lung,10,val
3,1980,Esophagus,6,train
1,677,Breast,3,train
2,2468,Colon,5,train
3,2601,Uterus,18,train
3,1333,Bile-duct,1,train
3,2621,Uterus,18,val
2,2038,Kidney,8,train
1,2019,Colon,5,train
3,1802,Colon,5,train
1,2237,Liver,9,val
3,1448,Adrenal_gland,0,train
3,123,Breast,3,train
3,1767,Colon,5,train
1,162,Breast,3,train
2,1704,Colon,5,train
3,2406,Skin,14,train
1,1715,Breast,3,train
1,1005,Esophagus,6,train
2,2383,Thyroid,17,train
3,13,Breast,3,train
1,248,Breast,3,train
2,159,Breast,3,val
1,1901,Colon,5,train
3,1985,Esophagus,6,train
1,1712,Breast,3,train
2,1833,Esophagus,6,train
3,2183,Liver,9,train
2,1666,Colon,5,val
1,1977,Colon,5,train
2,2200,Pancreatic,12,train
1,1113,Thyroid,17,train
2,778,Lung,10,train
1,2106,HeadNeck,7,train
1,14,Breast,3,train
3,1193,Adrenal_gland,0,train
3,432,Breast,3,train
3,2192,Liver,9,test
3,2228,Liver,9,train
3,2573,Uterus,18,train
1,880,Lung,10,train
1,16,Breast,3,train
2,572,Breast,3,train
2,2186,Pancreatic,12,val
2,1327,Colon,5,train
3,2113,HeadNeck,7,train
1,119,Breast,3,train
1,1844,Colon,5,train
3,659,Breast,3,train
3,11,Breast,3,train
1,2051,Colon,5,train
1,883,Lung,10,train
1,1446,Bile-duct,1,train
2,188,Breast,3,train
1,1304,Adrenal_gland,0,train
2,941,Thyroid,17,test
3,2604,Uterus,18,train
3,502,Breast,3,train
2,963,Skin,14,train
1,123,Breast,3,val
1,1230,Esophagus,6,train
1,1552,Adrenal_gland,0,val
1,2061,Esophagus,6,train
3,1812,Colon,5,train
1,1779,Cervix,4,train
2,1684,Colon,5,train
2,258,Breast,3,train
3,218,Breast,3,train
1,1819,Cervix,4,val
2,2089,Liver,9,train
3,2093,HeadNeck,7,train
1,1651,Bile-duct,1,train
1,101,Breast,3,train
2,1835,Esophagus,6,val
1,595,Breast,3,train
2,91,Breast,3,train
1,1717,Breast,3,train
3,1873,Colon,5,train
3,1272,Bile-duct,1,train
3,2706,Colon,5,train
2,70,Breast,3,train
1,875,Lung,10,val
3,892,Stomach,15,train
3,1154,Esophagus,6,train
2,1372,Adrenal_gland,0,train
1,1166,Cervix,4,test
2,1337,Adrenal_gland,0,val
1,80,Breast,3,train
2,673,Breast,3,train
1,722,Breast,3,train
3,274,Breast,3,train
1,1266,Adrenal_gland,0,train
1,1714,Breast,3,train
1,1414,Testis,16,train
3,726,Colon,5,train
3,1249,Bile-duct,1,train
2,39,Breast,3,train
2,398,Breast,3,train
1,2014,Colon,5,train
3,1517,Bile-duct,1,val
1,1796,Cervix,4,train
3,665,Breast,3,train
2,2370,Testis,16,train
2,1570,Cervix,4,train
1,1677,Bladder,2,test
3,1816,Colon,5,train
2,714,Colon,5,train
2,2344,Stomach,15,val
2,1044,Adrenal_gland,0,val
3,960,Uterus,18,test
3,2112,HeadNeck,7,train
3,584,Breast,3,train
3,398,Breast,3,train
1,1764,Cervix,4,train
3,575,Breast,3,train
1,2231,Liver,9,test
1,1316,Adrenal_gland,0,train
2,1723,Colon,5,train
1,491,Breast,3,train
2,420,Breast,3,train
3,785,Colon,5,train
2,1049,Adrenal_gland,0,train
2,77,Breast,3,train
2,1939,HeadNeck,7,train
2,1750,Colon,5,train
3,843,Kidney,8,val
3,1979,Esophagus,6,train
2,1587,Colon,5,val
1,638,Breast,3,train
3,1386,Colon,5,train
1,460,Breast,3,train
3,1034,Thyroid,17,train
3,1573,Bladder,2,test
3,2350,Prostate,13,train
2,409,Breast,3,train
1,2590,Uterus,18,train
3,2077,HeadNeck,7,train
1,1825,Colon,5,train
1,820,Colon,5,train
3,2699,Colon,5,train
3,2160,Kidney,8,test
1,2631,Colon,5,train
3,1640,Breast,3,train
3,2165,Liver,9,val
2,1275,Bile-duct,1,val
2,1562,Cervix,4,train
3,2718,Colon,5,train
3,2094,HeadNeck,7,train
1,1742,Breast,3,train
1,2025,Colon,5,train
1,487,Breast,3,train
1,1427,Testis,16,train
3,2412,Stomach,15,test
2,883,Esophagus,6,val
2,133,Breast,3,train
3,435,Breast,3,train
1,55,Breast,3,train
3,890,Stomach,15,train
1,2306,Ovarian,11,train
1,591,Breast,3,train
3,293,Breast,3,train
3,2541,Uterus,18,train
1,596,Breast,3,train
2,144,Breast,3,train
2,1780,Colon,5,train
1,399,Breast,3,train
3,145,Breast,3,train
2,2486,Colon,5,val
1,349,Breast,3,train
2,428,Breast,3,train
2,1108,Adrenal_gland,0,train
3,1529,Bile-duct,1,train
2,1418,Bile-duct,1,train
2,1698,Colon,5,train
1,1506,Colon,5,train
1,1899,Colon,5,train
3,817,Lung,10,test
3,1339,Bile-duct,1,train
2,1228,Testis,16,train
2,1553,Breast,3,train
3,1759,Colon,5,train
2,1079,Esophagus,6,train
2,1786,Colon,5,train
3,1614,Breast,3,train
1,479,Breast,3,train
1,2228,Liver,9,train
3,315,Breast,3,train
2,852,Colon,5,train
1,919,Prostate,13,train
3,594,Breast,3,train
2,1215,Testis,16,test
2,2185,Pancreatic,12,val
3,159,Breast,3,train
3,1866,Colon,5,train
1,1615,Bile-duct,1,train
3,1102,Adrenal_gland,0,train
3,2246,Liver,9,train
2,1030,Cervix,4,train
2,1214,Testis,16,val
1,1133,Esophagus,6,val
2,1045,Adrenal_gland,0,train
2,1236,Testis,16,test
1,1908,Colon,5,train
3,2611,Uterus,18,val
3,1293,Testis,16,test
2,68,Breast,3,train
3,1452,Adrenal_gland,0,val
2,571,Breast,3,train
2,236,Breast,3,train
3,2346,Prostate,13,train
1,1352,Cervix,4,train
1,2215,Liver,9,train
3,744,Colon,5,train
1,247,Breast,3,train
1,829,Colon,5,train
3,367,Breast,3,train
1,1312,Adrenal_gland,0,train
1,2570,Thyroid,17,train
3,1358,Colon,5,train
1,821,Colon,5,train
1,1986,Colon,5,train
1,527,Breast,3,train
3,130,Breast,3,train
3,449,Breast,3,train
2,2447,Colon,5,val
3,1280,Bile-duct,1,train
3,2279,Ovarian,11,test
2,906,Lung,10,test
2,1361,Adrenal_gland,0,train
3,230,Breast,3,train
1,1494,Colon,5,train
1,1894,Colon,5,train
3,2667,Colon,5,train
2,1714,Colon,5,train
3,1756,Colon,5,test
3,1002,Uterus,18,train
3,2516,Thyroid,17,val
3,363,Breast,3,train
1,1216,Adrenal_gland,0,train
3,1689,Cervix,4,train
1,1588,Bile-duct,1,train
2,2402,Thyroid,17,train
3,2142,Kidney,8,val
3,2587,Uterus,18,train
2,2239,Prostate,13,train
1,1629,Bile-duct,1,train
2,1468,Bladder,2,train
3,1911,Colon,5,train
1,508,Breast,3,train
3,2568,Uterus,18,test
3,2341,Prostate,13,test
1,2577,Thyroid,17,train
1,2107,HeadNeck,7,test
3,1978,Esophagus,6,test
2,1987,HeadNeck,7,val
2,1080,Esophagus,6,train
3,2290,Ovarian,11,val
3,1994,HeadNeck,7,train
3,1241,Cervix,4,val
3,966,Uterus,18,train
3,1400,Adrenal_gland,0,train
3,862,Bladder,2,val
3,2358,Prostate,13,train
2,530,Breast,3,train
2,784,Breast,3,train
3,1294,Testis,16,train
2,1846,HeadNeck,7,train
2,150,Breast,3,train
1,1146,Esophagus,6,val
1,1065,Thyroid,17,train
3,1352,Colon,5,train
3,729,Colon,5,train
3,1622,Breast,3,train
2,2017,Kidney,8,test
3,1353,Colon,5,train
1,2437,Skin,14,train
1,114,Breast,3,train
2,2471,Colon,5,train
1,468,Breast,3,train
2,2253,Skin,14,train
1,1212,Adrenal_gland,0,train
3,1082,Cervix,4,train
2,28,Breast,3,train
3,180,Breast,3,train
1,1395,Bile-duct,1,train
2,175,Breast,3,train
2,196,Breast,3,train
3,2001,HeadNeck,7,test
1,2072,Esophagus,6,train
1,2145,HeadNeck,7,train
1,333,Breast,3,train
1,331,Breast,3,train
3,858,Breast,3,train
2,1825,Esophagus,6,train
3,1215,Adrenal_gland,0,train
1,1833,Colon,5,train
1,2028,Colon,5,train
3,1431,Adrenal_gland,0,train
3,2109,HeadNeck,7,train
2,2176,Pancreatic,12,train
3,2331,Pancreatic,12,train
2,1066,Adrenal_gland,0,train
1,438,Breast,3,train
2,1879,HeadNeck,7,train
1,1668,Bladder,2,val
2,520,Breast,3,train
1,489,Breast,3,train
1,2184,Kidney,8,test
1,2442,Skin,14,val
3,2497,Thyroid,17,train
3,331,Breast,3,train
1,1204,Adrenal_gland,0,train
2,307,Breast,3,train
3,1560,Bladder,2,train
3,1190,Adrenal_gland,0,train
2,2445,Colon,5,train
2,1092,Esophagus,6,train
2,587,Breast,3,train
2,24,Breast,3,train
3,1162,Esophagus,6,train
2,1103,Esophagus,6,val
3,580,Breast,3,train
3,840,Breast,3,train
2,705,Colon,5,train
3,392,Breast,3,train
1,1286,Pancreatic,12,val
1,572,Breast,3,train
1,2090,Esophagus,6,train
2,2218,Prostate,13,test
1,1592,Bile-duct,1,train
1,687,Breast,3,train
3,1658,Breast,3,train
3,243,Breast,3,train
3,1627,Breast,3,train
3,1530,Bile-duct,1,train
2,1279,Bile-duct,1,test
3,1378,Colon,5,train
1,996,Esophagus,6,train
2,1227,Testis,16,test
1,2153,HeadNeck,7,train
2,1897,HeadNeck,7,train
2,1685,Colon,5,train
1,804,Colon,5,train
1,1143,Esophagus,6,val
1,1477,Bile-duct,1,val
1,433,Breast,3,train
3,2663,Colon,5,train
1,2506,Stomach,15,val
2,1751,Colon,5,train
2,1971,HeadNeck,7,train
2,330,Breast,3,train
3,2054,HeadNeck,7,train
1,2316,Pancreatic,12,val
2,357,Breast,3,train
2,2003,HeadNeck,7,train
1,2123,HeadNeck,7,train
2,1576,Colon,5,train
1,2541,Thyroid,17,val
2,1522,Breast,3,train
2,1373,Adrenal_gland,0,train
3,311,Breast,3,train
2,1174,Cervix,4,train
1,1432,Testis,16,train
3,1262,Bile-duct,1,train
3,2632,Uterus,18,train
2,1276,Bile-duct,1,train
2,1556,Breast,3,train
1,1144,Esophagus,6,train
3,819,Lung,10,train
3,565,Breast,3,train
3,1771,Colon,5,train
2,792,Breast,3,train
1,1085,Skin,14,train
2,466,Breast,3,train
1,1614,Bile-duct,1,train
3,1663,Breast,3,train
2,955,Skin,14,test
2,1265,Bile-duct,1,train
3,1855,Colon,5,train
3,268,Breast,3,test
2,2472,Colon,5,train
2,353,Breast,3,train
2,1936,HeadNeck,7,train
3,640,Breast,3,train
1,1583,Bile-duct,1,train
1,1280,Pancreatic,12,train
3,673,Breast,3,train
2,725,Colon,5,train
3,2080,HeadNeck,7,train
3,1691,Cervix,4,train
2,2195,Pancreatic,12,train
1,548,Breast,3,train
2,1463,Bladder,2,train
2,500,Breast,3,train
3,606,Breast,3,train
1,1165,Cervix,4,train
2,1811,Esophagus,6,train
3,2372,Prostate,13,train
3,2393,Skin,14,train
3,351,Breast,3,train
1,157,Breast,3,train
3,1129,Adrenal_gland,0,train
3,2435,Stomach,15,val
2,332,Breast,3,train
2,1627,Colon,5,train
2,1784,Colon,5,train
1,1184,Adrenal_gland,0,train
1,637,Breast,3,train
1,59,Breast,3,test
2,2159,Pancreatic,12,train
2,688,Colon,5,train
1,1575,Bile-duct,1,train
2,1775,Colon,5,train
2,751,Colon,5,train
1,1810,Cervix,4,train
2,1314,Colon,5,train
3,2708,Colon,5,train
2,1165,Adrenal_gland,0,train
2,479,Breast,3,train
3,438,Breast,3,train
2,1005,Esophagus,6,val
2,824,Bladder,2,val
1,2484,Stomach,15,train
2,1375,Adrenal_gland,0,train
1,1476,Bile-duct,1,train
2,2359,Testis,16,train
3,1970,Esophagus,6,train
1,1104,Thyroid,17,train
3,2156,Kidney,8,val
3,229,Breast,3,train
2,1836,Esophagus,6,test
3,1436,Adrenal_gland,0,train
2,6,Breast,3,train
2,2259,Skin,14,train
1,1487,Colon,5,train
2,279,Breast,3,train
2,1308,Colon,5,test
2,570,Breast,3,train
2,1625,Colon,5,train
1,783,Colon,5,val
3,1806,Colon,5,val
1,2165,HeadNeck,7,val
3,2056,HeadNeck,7,train
3,1829,Colon,5,train
2,300,Breast,3,train
1,2403,Prostate,13,test
1,1574,Adrenal_gland,0,train
2,1776,Colon,5,train
1,2213,Liver,9,test
3,644,Breast,3,train
1,311,Breast,3,train
1,2300,Ovarian,11,train
2,1889,HeadNeck,7,train
1,283,Breast,3,train
2,391,Breast,3,train
2,1498,Bladder,2,val
2,486,Breast,3,train
2,2044,Liver,9,test
1,1938,Colon,5,train
1,1147,Cervix,4,test
3,1757,Colon,5,train
2,1369,Adrenal_gland,0,test
2,2273,Skin,14,val
2,795,Colon,5,train
1,196,Breast,3,train
3,1957,Esophagus,6,train
1,477,Breast,3,train
1,1940,Colon,5,train
2,960,Skin,14,train
2,2422,Thyroid,17,train
2,2094,Liver,9,train
3,1869,Colon,5,train
1,685,Breast,3,train
2,177,Breast,3,train
1,1055,Lung,10,train
1,2150,HeadNeck,7,train
2,1134,Pancreatic,12,train
3,2689,Colon,5,train
2,266,Breast,3,train
2,779,Lung,10,train
3,1860,Colon,5,train
1,297,Breast,3,train
3,1693,Cervix,4,val
3,173,Breast,3,train
2,2255,Skin,14,train
3,836,Breast,3,train
3,1366,Colon,5,train
1,827,Colon,5,train
1,2576,Thyroid,17,train
1,81,Breast,3,train
3,162,Breast,3,train
2,238,Breast,3,train
1,1088,Skin,14,test
3,1118,Adrenal_gland,0,train
1,1693,Breast,3,train
2,1728,Colon,5,train
3,2335,Prostate,13,train
2,1124,Pancreatic,12,train
1,2291,Ovarian,11,val
1,707,Breast,3,train
2,1753,Colon,5,train
3,1056,Esophagus,6,train
1,390,Breast,3,train
3,1948,Esophagus,6,train
2,412,Breast,3,train
2,2027,Kidney,8,train
1,2488,Stomach,15,train
2,2197,Pancreatic,12,train
1,2210,Liver,9,train
2,1658,Colon,5,train
3,1503,Bile-duct,1,train
1,510,Breast,3,train
1,372,Breast,3,train
1,1000,Esophagus,6,train
3,1066,Esophagus,6,train
1,2346,Pancreatic,12,test
3,1521,Bile-duct,1,train
2,2202,Pancreatic,12,test
1,226,Breast,3,train
1,714,Breast,3,train
3,1834,Colon,5,train
2,1808,Colon,5,train
2,638,Breast,3,train
3,1208,Pancreatic,12,test
3,973,Uterus,18,train
2,1433,Bile-duct,1,train
3,651,Breast,3,train
2,1006,Esophagus,6,train
3,919,Esophagus,6,train
1,2336,Pancreatic,12,test
2,2238,Prostate,13,test
2,1635,Colon,5,train
2,339,Breast,3,train
2,1577,Colon,5,train
2,917,Lung,10,train
2,252,Breast,3,train
2,1633,Colon,5,train
2,1488,Bladder,2,train
2,2077,Liver,9,test
2,2108,Lung,10,train
3,261,Breast,3,train
1,2183,Kidney,8,train
3,36,Breast,3,train
3,611,Breast,3,train
1,1105,Thyroid,17,train
2,2511,Colon,5,train
2,2194,Pancreatic,12,train
1,635,Breast,3,train
1,739,Colon,5,train
3,2264,Lung,10,test
1,1279,Pancreatic,12,train
1,1235,Esophagus,6,train
3,883,Prostate,13,val
3,911,Esophagus,6,test
1,1448,Bile-duct,1,train
2,2074,Liver,9,train
1,1874,Colon,5,train
2,45,Breast,3,val
1,893,Lung,10,val
2,813,Prostate,13,val
1,191,Breast,3,train
1,1335,Cervix,4,test
1,774,Colon,5,train
2,972,Thyroid,17,train
2,922,Lung,10,train
3,2462,Testis,16,val
2,2391,Thyroid,17,train
1,292,Breast,3,train
1,1248,Esophagus,6,train
2,1500,Bladder,2,val
1,2268,Ovarian,11,train
2,69,Breast,3,train
3,2666,Colon,5,train
1,853,Colon,5,train
1,73,Breast,3,train
3,1794,Colon,5,train
2,1132,Pancreatic,12,val
1,2606,Colon,5,train
1,793,Colon,5,train
2,274,Breast,3,train
3,170,Breast,3,train
2,1031,Adrenal_gland,0,train
3,104,Breast,3,train
3,2329,Pancreatic,12,train
3,2229,Liver,9,train
1,146,Breast,3,train
1,1177,Adrenal_gland,0,train
1,1623,Bile-duct,1,train
2,98,Breast,3,train
2,615,Breast,3,train
3,1963,Esophagus,6,test
1,1359,Cervix,4,train
2,2292,Skin,14,train
1,673,Breast,3,test
3,2032,HeadNeck,7,train
3,1343,Bile-duct,1,train
2,527,Breast,3,train
3,700,Breast,3,train
1,1768,Cervix,4,train
1,951,Prostate,13,train
3,2605,Uterus,18,test
2,1405,Bile-duct,1,train
1,306,Breast,3,train
1,2408,Prostate,13,train
2,1443,Bile-duct,1,train
2,1946,HeadNeck,7,test
3,1703,Colon,5,train
3,1524,Bile-duct,1,train
3,1015,Thyroid,17,train
1,1541,Adrenal_gland,0,train
2,727,Colon,5,train
3,2588,Uterus,18,val
1,733,Breast,3,train
2,1199,Bile-duct,1,val
1,728,Breast,3,train
2,2212,Pancreatic,12,val
1,659,Breast,3,train
3,758,Colon,5,train
1,940,Prostate,13,train
1,1431,Testis,16,test
1,1824,Colon,5,train
3,1137,Adrenal_gland,0,train
3,626,Breast,3,train
3,1761,Colon,5,val
1,1040,Lung,10,train
3,2499,Thyroid,17,train
3,2021,HeadNeck,7,train
2,118,Breast,3,train
1,255,Breast,3,train
2,552,Breast,3,train
1,237,Breast,3,train
1,1662,Bladder,2,train
3,143,Breast,3,train
1,904,Breast,3,train
3,78,Breast,3,train
2,1395,Adrenal_gland,0,train
2,2190,Pancreatic,12,train
1,2257,Lung,10,train
1,1550,Adrenal_gland,0,train
1,1145,Esophagus,6,train
3,2162,Kidney,8,train
1,921,Prostate,13,train
3,1678,Cervix,4,train
3,366,Breast,3,train
2,1874,HeadNeck,7,train
3,158,Breast,3,train
3,807,Colon,5,train
3,476,Breast,3,train
3,454,Breast,3,train
1,1625,Bile-duct,1,train
3,43,Breast,3,train
3,251,Breast,3,train
1,1511,Colon,5,train
2,2318,Stomach,15,val
3,1918,Colon,5,train
2,2201,Pancreatic,12,train
1,28,Breast,3,train
1,973,Ovarian,11,test
1,82,Breast,3,train
3,2584,Uterus,18,val
2,4,Breast,3,train
1,164,Breast,3,train
2,2121,Ovarian,11,train
3,64,Breast,3,train
2,1323,Colon,5,train
2,303,Breast,3,train
1,961,Kidney,8,train
1,1423,Testis,16,train
1,276,Breast,3,train
1,1403,Bile-duct,1,train
2,2491,Colon,5,test
2,410,Breast,3,train
1,166,Breast,3,train
3,1699,Cervix,4,test
3,395,Breast,3,train
2,1156,Adrenal_gland,0,train
3,669,Breast,3,train
3,2563,Uterus,18,train
1,2094,Esophagus,6,train
2,951,Thyroid,17,test
2,3,Breast,3,train
3,1588,Bladder,2,train
1,794,Colon,5,train
2,455,Breast,3,train
3,2345,Prostate,13,train
1,1817,Cervix,4,train
3,1048,Esophagus,6,train
3,2000,HeadNeck,7,train
1,2535,Testis,16,test
1,822,Colon,5,train
3,131,Breast,3,train
3,1544,Bile-duct,1,train
1,1805,Cervix,4,test
1,2255,Lung,10,test
1,1176,Adrenal_gland,0,train
2,1178,Cervix,4,train
3,2324,Pancreatic,12,train
2,1747,Colon,5,train
2,1420,Bile-duct,1,train
1,419,Breast,3,train
2,930,Uterus,18,test
2,381,Breast,3,train
1,1605,Bile-duct,1,train
1,222,Breast,3,train
2,1202,Bile-duct,1,train
2,1614,Colon,5,train
3,1936,Colon,5,train
2,1394,Adrenal_gland,0,train
1,877,Lung,10,train
1,1773,Cervix,4,train
3,887,Kidney,8,val
2,439,Breast,3,train
1,2400,Prostate,13,train
3,298,Breast,3,train
2,621,Breast,3,val
3,183,Breast,3,train
2,1681,Colon,5,train
2,542,Breast,3,train
3,314,Breast,3,train
1,280,Breast,3,train
3,2551,Uterus,18,val
1,1370,Bile-duct,1,train
1,305,Breast,3,train
1,1596,Bile-duct,1,train
2,1469,Bladder,2,test
3,1673,Cervix,4,train
3,544,Breast,3,train
1,867,Lung,10,train
3,1132,Adrenal_gland,0,train
1,7,Breast,3,train
3,190,Breast,3,train
2,1039,Adrenal_gland,0,train
1,2071,Esophagus,6,train
1,2459,Skin,14,test
2,1692,Colon,5,train
1,2418,Skin,14,val
3,2104,HeadNeck,7,train
1,741,Colon,5,train
2,85,Breast,3,train
2,1901,HeadNeck,7,train
3,2376,Skin,14,val
1,754,Colon,5,train
2,1607,Colon,5,train
3,529,Breast,3,test
3,1468,Bile-duct,1,train
1,2502,Stomach,15,val
3,2373,Prostate,13,train
2,384,Breast,3,train
1,2364,Prostate,13,test
1,1545,Adrenal_gland,0,train
1,1305,Adrenal_gland,0,test
2,1272,Bile-duct,1,train
3,711,Colon,5,val
2,1870,HeadNeck,7,train
1,2044,Colon,5,train
3,2306,Ovarian,11,test
1,606,Breast,3,train
3,2413,Stomach,15,train
1,1420,Testis,16,val
1,2119,HeadNeck,7,train
1,2652,Colon,5,train
1,900,Breast,3,train
3,57,Breast,3,train
3,2556,Uterus,18,train
1,2309,Ovarian,11,train
1,66,Breast,3,train
3,2330,Pancreatic,12,train
3,2087,HeadNeck,7,test
2,1602,Colon,5,train
1,1378,Bile-duct,1,train
3,1209,Pancreatic,12,test
1,1962,Colon,5,train
2,1347,Adrenal_gland,0,train
1,2519,Testis,16,train
1,938,Prostate,13,test
2,1387,Adrenal_gland,0,train
3,32,Breast,3,val
2,1532,Breast,3,train
2,2051,Liver,9,test
3,2662,Colon,5,train
2,2114,Lung,10,train
1,2511,Stomach,15,val
3,1323,Bile-duct,1,train
2,372,Breast,3,train
3,434,Breast,3,train
3,1730,Colon,5,train
1,1375,Bile-duct,1,test
3,1817,Colon,5,train
3,356,Breast,3,train
3,1619,Breast,3,train
1,2292,Ovarian,11,val
1,2482,Stomach,15,test
2,9,Breast,3,train
2,847,Stomach,15,train
1,2245,Liver,9,train
3,874,Prostate,13,val
1,1973,Colon,5,train
2,1925,HeadNeck,7,train
1,1001,Esophagus,6,train
1,667,Breast,3,train
2,207,Breast,3,train
2,109,Breast,3,train
1,1984,Colon,5,train
1,764,Colon,5,train
1,1711,Breast,3,train
3,447,Breast,3,train
2,167,Breast,3,train
1,1369,Cervix,4,train
3,2477,Testis,16,test
2,1244,Testis,16,train
2,329,Breast,3,val
1,1923,Colon,5,train
3,2560,Uterus,18,train
1,566,Breast,3,train
2,932,Uterus,18,train
3,1698,Cervix,4,test
3,444,Breast,3,train
2,1185,Cervix,4,test
1,1437,Testis,16,train
2,1719,Colon,5,train
3,456,Breast,3,train
3,2064,HeadNeck,7,train
2,1348,Adrenal_gland,0,train
1,340,Breast,3,train
1,1674,Bladder,2,train
3,431,Breast,3,train
2,1915,HeadNeck,7,val
2,2363,Testis,16,train
2,1842,Esophagus,6,test
2,1790,Colon,5,train
3,746,Colon,5,train
2,746,Colon,5,train
3,1010,Thyroid,17,train
2,1429,Bile-duct,1,train
3,1484,Bile-duct,1,train
3,1702,Colon,5,train
1,1756,Cervix,4,test
2,1462,Bladder,2,test
1,1528,Adrenal_gland,0,train
1,934,Prostate,13,train
2,354,Breast,3,train
3,1893,Colon,5,train
3,633,Breast,3,train
3,2131,HeadNeck,7,train
1,600,Breast,3,train
1,765,Colon,5,train
1,330,Breast,3,train
3,1844,Colon,5,train
3,1986,Esophagus,6,val
3,487,Breast,3,train
2,1603,Colon,5,train
1,2126,HeadNeck,7,test
2,1917,HeadNeck,7,val
2,460,Breast,3,train
3,2526,Uterus,18,val
3,923,Esophagus,6,train
1,1472,Bile-duct,1,train
1,2512,Testis,16,train
3,1878,Colon,5,train
2,233,Breast,3,train
2,2454,Colon,5,train
3,1671,Cervix,4,train
1,2022,Colon,5,train
2,1689,Colon,5,train
2,2317,Stomach,15,train
1,1517,Colon,5,train
3,2410,Skin,14,train
1,434,Breast,3,train
3,1204,Pancreatic,12,val
2,2387,Thyroid,17,val
3,645,Breast,3,train
2,1219,Testis,16,train
3,1523,Bile-duct,1,train
1,286,Breast,3,train
3,600,Breast,3,train
2,2271,Skin,14,test
1,1417,Testis,16,train
1,717,Breast,3,train
2,1761,Colon,5,train
3,226,Breast,3,train
1,2598,Colon,5,train
2,1380,Adrenal_gland,0,train
3,99,Breast,3,train
1,1341,Cervix,4,train
1,98,Breast,3,train
2,1060,Adrenal_gland,0,train
2,385,Breast,3,train
1,695,Breast,3,train
2,267,Breast,3,train
1,2618,Colon,5,train
2,497,Breast,3,train
3,1142,Adrenal_gland,0,train
3,1929,Colon,5,train
1,2547,Thyroid,17,train
3,1440,Adrenal_gland,0,train
1,2342,Pancreatic,12,train
1,1226,Esophagus,6,train
2,1067,Adrenal_gland,0,train
1,71,Breast,3,train
3,2707,Colon,5,train
3,1921,Colon,5,train
3,390,Breast,3,train
3,934,Lung,10,train
2,1205,Bile-duct,1,train
3,1668,Cervix,4,train
1,644,Breast,3,train
2,690,Colon,5,train
2,2338,Stomach,15,train
2,741,Colon,5,train
2,2256,Skin,14,test
1,1665,Bladder,2,test
3,2557,Uterus,18,val
3,132,Breast,3,train
1,682,Breast,3,train
3,1394,Colon,5,train
1,2243,Liver,9,val
3,410,Breast,3,train
1,2621,Colon,5,train
2,2522,Colon,5,train
3,2617,Uterus,18,test
3,2685,Colon,5,train
1,1654,Bile-duct,1,train
3,1996,HeadNeck,7,train
3,1574,Bladder,2,test
1,2507,Stomach,15,test
3,915,Esophagus,6,train
2,1914,HeadNeck,7,train
3,1775,Colon,5,train
3,1954,Esophagus,6,train
1,1242,Esophagus,6,train
1,1745,Breast,3,train
1,2136,HeadNeck,7,train
2,1201,Bile-duct,1,train
2,2180,Pancreatic,12,test
2,1210,Bile-duct,1,train
2,720,Colon,5,train
1,322,Breast,3,train
1,899,Breast,3,train
1,1268,Adrenal_gland,0,train
2,2376,Testis,16,train
2,1560,Cervix,4,train
1,42,Breast,3,train
1,1227,Esophagus,6,test
1,1372,Bile-duct,1,train
3,2166,Liver,9,train
2,2023,Kidney,8,train
3,2635,Colon,5,train
3,484,Breast,3,train
2,1104,Esophagus,6,train
3,2664,Colon,5,train
1,278,Breast,3,train
1,617,Breast,3,train
3,832,Breast,3,train
2,1260,Testis,16,train
1,931,Breast,3,train
2,1769,Colon,5,train
2,2066,Liver,9,val
1,1489,Colon,5,train
3,1973,Esophagus,6,train
1,2567,Thyroid,17,val
1,633,Breast,3,train
2,185,Breast,3,train
2,1166,Adrenal_gland,0,train
2,209,Breast,3,train
2,2071,Liver,9,train
3,1669,Cervix,4,train
2,2354,Stomach,15,test
3,450,Breast,3,train
3,1909,Colon,5,test
2,33,Breast,3,train
2,454,Breast,3,train
1,590,Breast,3,train
3,1349,Bile-duct,1,train
3,2489,Thyroid,17,val
2,126,Breast,3,train
2,876,Esophagus,6,train
1,8,Breast,3,train
2,1537,Breast,3,train
2,1757,Colon,5,train
1,170,Breast,3,train
3,853,Bladder,2,test
2,1928,HeadNeck,7,train
1,348,Breast,3,train
1,213,Breast,3,train
2,980,Thyroid,17,train
1,1850,Colon,5,train
2,219,Breast,3,train
1,2143,HeadNeck,7,train
3,667,Breast,3,train
1,1397,Bile-duct,1,train
1,1080,Thyroid,17,train
1,2057,Colon,5,train
1,1192,Adrenal_gland,0,test
3,1548,Bile-duct,1,test
2,533,Breast,3,train
1,378,Breast,3,train
2,1885,HeadNeck,7,val
3,361,Breast,3,train
3,441,Breast,3,train
2,992,Esophagus,6,train
2,1135,Pancreatic,12,test
2,422,Breast,3,train
3,2630,Uterus,18,train
3,1065,Esophagus,6,train
1,2135,HeadNeck,7,train
2,1318,Colon,5,train
2,554,Breast,3,train
3,603,Breast,3,train
3,2534,Uterus,18,val
2,511,Breast,3,train
1,593,Breast,3,train
1,892,Lung,10,train
1,1029,Lung,10,test
2,1822,Esophagus,6,train
3,1226,Cervix,4,train
3,474,Breast,3,train
3,1697,Cervix,4,test
1,1972,Colon,5,train
2,633,Breast,3,train
1,1618,Bile-duct,1,val
3,2498,Thyroid,17,test
1,963,Colon,5,train
3,1307,Testis,16,train
3,2445,Stomach,15,test
2,1924,HeadNeck,7,train
3,1553,Bladder,2,train
1,2233,Liver,9,val
1,2162,HeadNeck,7,train
2,567,Breast,3,train
1,1202,Adrenal_gland,0,train
2,2429,Uterus,18,train
3,407,Breast,3,train
2,1594,Colon,5,train
2,2465,Colon,5,train
3,2288,Ovarian,11,train
1,274,Breast,3,train
1,524,Breast,3,train
2,1989,HeadNeck,7,train
2,189,Breast,3,train
1,952,Prostate,13,train
2,220,Breast,3,train
1,1263,Esophagus,6,val
2,1626,Colon,5,val
1,177,Breast,3,train
2,49,Breast,3,train
2,921,Lung,10,val
1,1413,Testis,16,val
1,913,Kidney,8,test
2,677,Colon,5,train
2,2516,Colon,5,train
3,125,Breast,3,train
2,281,Breast,3,train
2,2316,Stomach,15,train
2,1268,Bile-duct,1,train
3,1071,Esophagus,6,train
3,1750,Colon,5,train
3,1181,Esophagus,6,train
1,2287,Ovarian,11,test
1,683,Breast,3,train
2,2382,Thyroid,17,train
1,992,Esophagus,6,train
3,71,Breast,3,train
3,2305,Ovarian,11,train
1,2100,HeadNeck,7,train
3,1903,Colon,5,train
3,557,Breast,3,train
1,587,Breast,3,train
3,1171,Esophagus,6,train
2,2279,Skin,14,test
1,217,Breast,3,train
3,2396,Skin,14,val
1,2333,Pancreatic,12,val
2,2386,Thyroid,17,train
3,800,Colon,5,train
3,2067,HeadNeck,7,train
1,2402,Prostate,13,test
3,1030,Thyroid,17,train
3,1522,Bile-duct,1,val
3,2508,Thyroid,17,train
2,818,Bladder,2,val
3,2623,Uterus,18,train
3,2296,Ovarian,11,train
3,2234,Liver,9,train
1,94,Breast,3,train
2,421,Breast,3,train
1,382,Breast,3,train
1,672,Breast,3,train
3,2553,Uterus,18,train
1,1449,Bile-duct,1,val
1,172,Breast,3,train
2,1474,Bladder,2,train
3,433,Breast,3,train
2,771,Lung,10,train
2,517,Breast,3,train
1,291,Breast,3,train
1,395,Breast,3,train
2,1485,Bladder,2,train
3,1975,Esophagus,6,train
2,1543,Breast,3,train
2,2379,Testis,16,train
1,715,Breast,3,train
3,2320,Pancreatic,12,train
3,1924,Colon,5,train
1,848,Colon,5,train
1,2295,Ovarian,11,val
2,541,Breast,3,train
3,1023,Cervix,4,test
1,271,Breast,3,train
1,2413,Skin,14,test
1,814,Colon,5,train
1,506,Breast,3,train
1,910,Colon,5,train
2,744,Colon,5,train
2,1733,Colon,5,train
1,398,Breast,3,train
3,129,Breast,3,train
3,2673,Colon,5,train
3,334,Breast,3,train
3,1634,Breast,3,train
3,2035,HeadNeck,7,train
3,400,Breast,3,train
1,2423,Skin,14,train
2,1908,HeadNeck,7,train
1,1456,Bile-duct,1,train
3,25,Breast,3,train
3,2079,HeadNeck,7,train
3,1789,Colon,5,train
3,2527,Uterus,18,test
2,477,Breast,3,train
3,865,Prostate,13,test
3,299,Breast,3,train
1,569,Breast,3,train
2,2509,Colon,5,train
3,75,Breast,3,train
3,1795,Colon,5,train
2,2483,Colon,5,train
3,2571,Uterus,18,val
1,650,Breast,3,train
2,559,Breast,3,train
1,12,Breast,3,train
3,2561,Uterus,18,val
3,2034,HeadNeck,7,train
2,34,Breast,3,train
2,534,Breast,3,train
3,2450,Stomach,15,test
3,1813,Colon,5,train
3,1536,Bile-duct,1,train
3,617,Breast,3,train
3,1647,Breast,3,train
3,1959,Esophagus,6,train
1,2041,Colon,5,train
1,2194,Liver,9,train
2,2440,Colon,5,train
1,684,Breast,3,train
3,285,Breast,3,train
1,1595,Bile-duct,1,train
3,1312,Testis,16,val
2,2464,Colon,5,train
1,2001,Colon,5,train
2,1815,Esophagus,6,train
2,2258,Skin,14,train
3,262,Breast,3,train
1,2230,Liver,9,train
1,2617,Colon,5,train
3,1568,Bladder,2,val
1,1015,Esophagus,6,val
2,1186,Cervix,4,train
1,1544,Adrenal_gland,0,train
1,974,Ovarian,11,train
1,317,Breast,3,train
1,1232,Esophagus,6,train
2,757,Colon,5,train
1,1906,Colon,5,train
1,1185,Adrenal_gland,0,test
2,547,Breast,3,train
1,1389,Bile-duct,1,train
1,1233,Esophagus,6,train
3,2319,Pancreatic,12,val
1,1475,Bile-duct,1,train
3,2579,Uterus,18,train
2,194,Breast,3,train
1,2294,Ovarian,11,test
3,1058,Esophagus,6,train
2,1396,Adrenal_gland,0,train
2,1245,Testis,16,train
1,713,Breast,3,train
2,61,Breast,3,train
1,2487,Stomach,15,val
3,1429,Adrenal_gland,0,train
2,816,Bladder,2,test
3,2334,Prostate,13,train
3,1840,Colon,5,train
1,1440,Testis,16,train
3,2390,Skin,14,train
2,139,Breast,3,train
3,1011,Thyroid,17,val
1,459,Breast,3,train
3,560,Breast,3,train
1,551,Breast,3,train
2,2106,Liver,9,test
1,1116,Esophagus,6,train
1,2042,Colon,5,train
1,908,Breast,3,train
3,1314,Testis,16,train
2,694,Colon,5,train
1,1348,Cervix,4,train
3,1255,Bile-duct,1,train
2,2136,Ovarian,11,val
3,1715,Colon,5,train
2,162,Breast,3,train
2,1854,HeadNeck,7,train
1,1809,Cervix,4,train
3,1898,Colon,5,train
2,1542,Breast,3,train
1,1987,Colon,5,train
3,20,Breast,3,train
3,2528,Uterus,18,val
2,1797,Colon,5,train
2,1655,Colon,5,train
2,489,Breast,3,train
2,723,Colon,5,train
2,18,Breast,3,train
2,1198,Bile-duct,1,train
2,1309,Colon,5,train
1,1893,Colon,5,train
3,91,Breast,3,train
3,1617,Breast,3,train
2,1892,HeadNeck,7,train
2,886,Esophagus,6,train
2,931,Uterus,18,val
3,1740,Colon,5,train
3,2328,Pancreatic,12,val
1,1092,Cervix,4,val
1,1081,Thyroid,17,train
1,1053,Lung,10,test
3,2365,Prostate,13,train
1,2354,Pancreatic,12,train
2,1107,Esophagus,6,train
3,1504,Bile-duct,1,train
1,1767,Cervix,4,train
3,1686,Cervix,4,train
3,732,Colon,5,train
2,145,Breast,3,train
1,267,Breast,3,train
3,1777,Colon,5,train
3,2122,HeadNeck,7,train
2,981,Thyroid,17,train
3,699,Breast,3,train
2,507,Breast,3,train
2,879,Esophagus,6,train
3,2020,HeadNeck,7,test
1,109,Breast,3,train
2,1804,Colon,5,train
2,2469,Colon,5,train
2,1322,Colon,5,train
3,1292,Testis,16,test
3,1769,Colon,5,train
1,522,Breast,3,train
2,1003,Esophagus,6,train
2,1356,Adrenal_gland,0,train
1,1509,Colon,5,train
1,1014,Esophagus,6,train
1,732,Breast,3,train
3,440,Breast,3,train
3,1635,Breast,3,train
1,1740,Breast,3,train
3,2597,Uterus,18,test
3,1809,Colon,5,val
3,1078,Cervix,4,train
3,965,Uterus,18,train
3,340,Breast,3,train
2,1931,HeadNeck,7,train
2,844,Kidney,8,val
2,191,Breast,3,train
3,486,Breast,3,train
2,2401,Thyroid,17,val
1,2368,Prostate,13,val
1,748,Colon,5,train
1,640,Breast,3,train
2,1146,Pancreatic,12,test
3,90,Breast,3,train
3,1971,Esophagus,6,train
2,1465,Bladder,2,train
2,1351,Adrenal_gland,0,val
1,27,Breast,3,train
1,2397,Prostate,13,train
3,2493,Thyroid,17,train
3,345,Breast,3,train
2,1584,Colon,5,train
3,838,Breast,3,train
2,1591,Colon,5,train
1,1135,Esophagus,6,test
2,1391,Adrenal_gland,0,train
3,2468,Testis,16,test
2,994,Esophagus,6,train
1,1620,Bile-duct,1,train
3,2500,Thyroid,17,val
2,1533,Breast,3,train
1,1608,Bile-duct,1,train
3,1675,Cervix,4,train
1,141,Breast,3,test
1,1784,Cervix,4,train
1,969,Ovarian,11,train
2,749,Colon,5,train
2,1328,Colon,5,train
2,82,Breast,3,train
1,1701,Breast,3,train
1,1366,Cervix,4,train
2,1095,Esophagus,6,test
3,2519,Thyroid,17,train
1,2483,Stomach,15,train
3,2312,Ovarian,11,train
1,721,Breast,3,train
1,231,Breast,3,train
2,1920,HeadNeck,7,val
3,220,Breast,3,train
3,409,Breast,3,train
1,1949,Colon,5,train
2,1363,Adrenal_gland,0,test
2,1188,Cervix,4,train
1,38,Breast,3,train
3,321,Breast,3,train
3,2501,Thyroid,17,train
1,862,Colon,5,train
3,2281,Ovarian,11,val
2,1866,HeadNeck,7,train
1,1877,Colon,5,val
3,2184,Liver,9,test
2,970,Cervix,4,train
2,1007,Esophagus,6,train
2,550,Breast,3,train
1,2516,Testis,16,train
1,1453,Bile-duct,1,train
1,555,Breast,3,train
1,786,Colon,5,train
2,80,Breast,3,train
2,2399,Thyroid,17,train
1,605,Breast,3,train
3,2283,Ovarian,11,train
2,1830,Esophagus,6,train
2,1315,Colon,5,train
2,709,Colon,5,train
1,1533,Adrenal_gland,0,val
1,100,Breast,3,train
2,2298,Skin,14,train
1,628,Breast,3,train
2,1232,Testis,16,train
2,121,Breast,3,train
1,895,Lung,10,val
1,1720,Breast,3,train
3,2171,Liver,9,train
1,2055,Colon,5,train
1,1560,Adrenal_gland,0,train
2,53,Breast,3,train
1,2379,Prostate,13,train
3,1961,Esophagus,6,train
1,2388,Prostate,13,val
3,442,Breast,3,train
3,1800,Colon,5,train
2,1175,Cervix,4,train
2,681,Colon,5,train
2,2414,Thyroid,17,val
2,680,Colon,5,train
3,1773,Colon,5,train
2,1837,Esophagus,6,train
2,1127,Pancreatic,12,test
3,1949,Esophagus,6,train
1,1355,Cervix,4,train
1,950,Prostate,13,test
3,1017,Skin,14,val
3,1753,Colon,5,train
3,583,Breast,3,train
2,1113,Adrenal_gland,0,train
1,1553,Adrenal_gland,0,val
3,121,Breast,3,train
2,2135,Ovarian,11,test
2,264,Breast,3,train
3,1928,Colon,5,train
2,494,Breast,3,train
3,1933,Colon,5,train
3,1566,Bladder,2,train
1,1278,Adrenal_gland,0,train
1,1061,Uterus,18,train
3,1852,Colon,5,train
1,1709,Breast,3,train
3,2285,Ovarian,11,val
3,1539,Bile-duct,1,train
2,1047,Adrenal_gland,0,test
3,2469,Testis,16,train
3,2494,Thyroid,17,train
3,1371,Colon,5,test
3,877,Prostate,13,train
2,2507,Colon,5,train
2,201,Breast,3,train
1,2561,Thyroid,17,train
2,846,Stomach,15,train
3,1776,Colon,5,train
2,1573,Cervix,4,train
1,662,Breast,3,train
1,1759,Cervix,4,train
3,563,Breast,3,train
2,1702,Colon,5,train
1,234,Breast,3,train
2,1011,Esophagus,6,train
2,154,Breast,3,train
3,2164,Liver,9,val
1,2093,Esophagus,6,train
2,2187,Pancreatic,12,train
3,801,Colon,5,train
3,1774,Colon,5,train
3,1363,Colon,5,train
3,174,Breast,3,train
1,1329,Cervix,4,train
1,1292,Pancreatic,12,val
1,2186,Kidney,8,val
3,2134,Kidney,8,test
3,993,Uterus,18,val
3,2658,Colon,5,test
1,369,Breast,3,train
3,1282,Bile-duct,1,train
3,837,Breast,3,train
2,438,Breast,3,train
2,616,Breast,3,train
2,840,Kidney,8,train
3,374,Breast,3,train
3,1031,Thyroid,17,train
2,1340,Adrenal_gland,0,train
1,2582,Uterus,18,train
2,508,Breast,3,train
3,1990,HeadNeck,7,train
1,1738,Breast,3,train
1,316,Breast,3,test
2,1693,Colon,5,train
1,422,Breast,3,train
3,656,Breast,3,train
1,833,Colon,5,train
1,1398,Bile-duct,1,train
2,2122,Ovarian,11,val
3,313,Breast,3,train
2,525,Breast,3,train
2,1459,Bladder,2,train
3,1695,Cervix,4,train
1,1376,Bile-duct,1,train
2,881,Esophagus,6,train
1,805,Colon,5,train
3,891,Stomach,15,val
1,2357,Pancreatic,12,train
1,933,Prostate,13,test
3,913,Esophagus,6,train
3,1718,Colon,5,train
1,1507,Colon,5,train
1,1513,Colon,5,train
1,2624,Colon,5,train
3,1746,Colon,5,train
2,436,Breast,3,train
2,948,Thyroid,17,train
3,498,Breast,3,train
2,1907,HeadNeck,7,train
3,2207,Liver,9,val
1,509,Breast,3,train
2,984,Thyroid,17,val
1,1106,Thyroid,17,train
1,1481,Colon,5,train
2,2193,Pancreatic,12,val
3,137,Breast,3,train
3,1610,Bladder,2,train
1,2064,Esophagus,6,train
3,512,Breast,3,train
2,156,Breast,3,train
3,1359,Colon,5,train
1,2581,Uterus,18,train
3,1509,Bile-duct,1,train
1,753,Colon,5,train
3,372,Breast,3,train
2,2088,Liver,9,train
1,1818,Cervix,4,train
2,356,Breast,3,train
1,2074,Esophagus,6,train
1,2372,Prostate,13,train
2,593,Breast,3,train
1,2020,Colon,5,train
2,973,Thyroid,17,train
3,1155,Esophagus,6,train
1,2493,Stomach,15,train
2,560,Breast,3,train
1,1539,Adrenal_gland,0,val
2,1891,HeadNeck,7,train
1,30,Breast,3,train
1,1193,Adrenal_gland,0,train
3,2052,HeadNeck,7,train
1,126,Breast,3,train
2,291,Breast,3,train
1,1153,Cervix,4,train
3,233,Breast,3,train
1,583,Breast,3,train
1,1640,Bile-duct,1,train
1,2330,Pancreatic,12,train
3,1741,Colon,5,train
1,2620,Colon,5,train
2,866,Esophagus,6,train
2,448,Breast,3,train
2,386,Breast,3,train
3,1306,Testis,16,test
3,2307,Ovarian,11,val
2,871,Esophagus,6,train
1,2007,Colon,5,train
2,320,Breast,3,train
2,754,Colon,5,train
1,106,Breast,3,train
2,1471,Bladder,2,train
2,1063,Adrenal_gland,0,train
3,741,Colon,5,train
3,1848,Colon,5,train
1,885,Lung,10,train
3,688,Breast,3,train
3,614,Breast,3,train
1,368,Breast,3,test
2,64,Breast,3,train
3,1880,Colon,5,train
3,258,Breast,3,train
2,2080,Liver,9,train
3,1713,Colon,5,train
3,2644,Colon,5,train
2,1818,Esophagus,6,val
3,2511,Thyroid,17,train
1,2431,Skin,14,test
1,1945,Colon,5,train
2,184,Breast,3,train
2,78,Breast,3,train
1,611,Breast,3,train
2,2182,Pancreatic,12,train
2,827,Bladder,2,val
1,1443,Testis,16,train
1,343,Breast,3,train
1,1323,Cervix,4,train
1,1052,Lung,10,train
3,411,Breast,3,train
3,2652,Colon,5,train
3,2286,Ovarian,11,test
2,805,Kidney,8,train
1,547,Breast,3,train
3,1310,Testis,16,val
3,1988,HeadNeck,7,train
1,576,Breast,3,train
2,2079,Liver,9,train
1,768,Colon,5,train
2,2369,Testis,16,train
3,156,Breast,3,train
3,1276,Bile-duct,1,test
1,350,Breast,3,train
3,2115,HeadNeck,7,train
2,1139,Pancreatic,12,train
3,1238,Cervix,4,test
1,902,Breast,3,train
3,922,Esophagus,6,train
3,2182,Liver,9,train
2,1970,HeadNeck,7,train
1,2027,Colon,5,train
3,365,Breast,3,train
3,2174,Liver,9,train
1,1466,Bile-duct,1,train
2,2499,Colon,5,train
1,2391,Prostate,13,train
3,295,Breast,3,train
2,1329,Colon,5,train
2,2104,Liver,9,test
3,2248,Liver,9,val
2,2408,Thyroid,17,train
2,176,Breast,3,train
1,2299,Ovarian,11,train
3,992,Uterus,18,train
2,1571,Cervix,4,val
1,1909,Colon,5,train
2,2078,Liver,9,train
2,1339,Adrenal_gland,0,train
1,1284,Pancreatic,12,train
1,612,Breast,3,train
3,2136,Kidney,8,test
3,1828,Colon,5,train
2,2325,Stomach,15,val
2,2148,Ovarian,11,val
3,1090,Cervix,4,train
3,2200,Liver,9,val
2,634,Breast,3,train
3,6,Breast,3,train
1,1099,Thyroid,17,val
2,2300,Skin,14,train
1,250,Breast,3,test
3,1285,Bile-duct,1,train
2,2171,Pancreatic,12,val
1,2054,Colon,5,train
1,1424,Testis,16,val
1,1006,Esophagus,6,train
2,1183,Cervix,4,train
1,2471,Stomach,15,val
2,2392,Thyroid,17,val
1,2249,Liver,9,train
1,1390,Bile-duct,1,train
1,1182,Adrenal_gland,0,train
2,302,Breast,3,train
2,46,Breast,3,train
1,1493,Colon,5,train
2,1184,Cervix,4,train
1,503,Breast,3,train
3,541,Breast,3,train
2,1411,Bile-duct,1,test
1,1549,Adrenal_gland,0,train
2,2123,Ovarian,11,test
2,1586,Colon,5,val
3,2062,HeadNeck,7,train
1,1680,Breast,3,train
3,2572,Uterus,18,train
2,116,Breast,3,train
3,900,Esophagus,6,train
3,1097,Adrenal_gland,0,val
2,343,Breast,3,train
3,1868,Colon,5,train
2,1264,Testis,16,train
3,1803,Colon,5,train
2,797,Colon,5,train
1,554,Breast,3,train
2,1421,Bile-duct,1,train
2,22,Breast,3,train
1,2011,Colon,5,train
2,1703,Colon,5,train
1,1377,Bile-duct,1,train
3,1830,Colon,5,train
3,571,Breast,3,train
1,586,Breast,3,train
3,1788,Colon,5,train
2,66,Breast,3,train
2,1583,Colon,5,train
3,2380,Skin,14,train
3,1630,Breast,3,train
2,2221,Prostate,13,test
2,763,Colon,5,train
2,2209,Pancreatic,12,val
3,1645,Breast,3,train
3,2209,Liver,9,train
2,1707,Colon,5,train
1,2253,Liver,9,train
3,798,Colon,5,train
1,2122,HeadNeck,7,train
1,655,Breast,3,train
1,532,Breast,3,train
1,2616,Colon,5,train
3,2128,HeadNeck,7,train
3,796,Colon,5,train
3,1766,Colon,5,train
2,959,Skin,14,train
2,642,Breast,3,train
3,2361,Prostate,13,val
3,273,Breast,3,train
2,149,Breast,3,train
1,447,Breast,3,train
2,645,Breast,3,train
3,1934,Colon,5,train
3,1779,Colon,5,train
3,1248,Bile-duct,1,train
1,663,Breast,3,train
2,259,Breast,3,train
1,747,Colon,5,train
1,2499,Stomach,15,val
3,1271,Bile-duct,1,train
1,840,Colon,5,train
2,2257,Skin,14,test
1,2650,Colon,5,train
2,1922,HeadNeck,7,train
1,36,Breast,3,train
1,1685,Breast,3,train
1,1409,Bile-duct,1,train
1,13,Breast,3,train
2,2033,Kidney,8,train
2,1428,Bile-duct,1,train
1,1141,Esophagus,6,test
3,537,Breast,3,train
3,1624,Breast,3,train
3,1149,Esophagus,6,train
2,5,Breast,3,train
3,297,Breast,3,train
2,834,Kidney,8,test
2,1220,Testis,16,train
3,294,Breast,3,train
3,245,Breast,3,train
3,2474,Testis,16,train
1,1380,Bile-duct,1,test
1,6,Breast,3,train
3,102,Breast,3,train
3,2261,Lung,10,train
2,92,Breast,3,train
3,2515,Thyroid,17,test
1,1411,Testis,16,train
3,375,Breast,3,train
2,1259,Testis,16,test
3,1849,Colon,5,train
3,2276,Ovarian,11,train
2,2310,Skin,14,test
3,760,Colon,5,test
1,2392,Prostate,13,train
2,684,Colon,5,train
1,581,Breast,3,train
1,2078,Esophagus,6,train
1,953,Kidney,8,train
1,947,Prostate,13,train
1,1126,Esophagus,6,train
1,923,Bladder,2,train
2,1505,Breast,3,train
1,67,Breast,3,train
1,111,Breast,3,train
1,2575,Thyroid,17,train
2,2103,Liver,9,test
1,2059,Colon,5,train
2,1670,Colon,5,train
1,312,Breast,3,train
3,46,Breast,3,train
1,598,Breast,3,train
3,391,Breast,3,test
3,895,Ovarian,11,val
3,1722,Colon,5,train
1,610,Breast,3,train
1,2425,Skin,14,test
2,287,Breast,3,train
3,1222,Adrenal_gland,0,val
3,303,Breast,3,train
2,1388,Adrenal_gland,0,train
3,2191,Liver,9,train
2,1167,Adrenal_gland,0,train
2,968,Cervix,4,train
1,1795,Cervix,4,train
1,745,Colon,5,train
3,287,Breast,3,train
1,578,Breast,3,train
3,2650,Colon,5,train
1,1666,Bladder,2,train
1,622,Breast,3,train
2,2011,HeadNeck,7,val
1,1271,Adrenal_gland,0,train
3,16,Breast,3,train
1,1581,Bile-duct,1,train
1,649,Breast,3,train
1,2129,HeadNeck,7,train
3,1755,Colon,5,train
1,1974,Colon,5,train
3,1745,Colon,5,train
1,1195,Adrenal_gland,0,train
1,2472,Stomach,15,train
3,839,Breast,3,train
3,535,Breast,3,train
1,47,Breast,3,train
3,991,Uterus,18,train
3,428,Breast,3,train
3,2053,HeadNeck,7,train
2,920,Lung,10,train
2,471,Breast,3,train
2,340,Breast,3,train
2,2164,Pancreatic,12,test
1,531,Breast,3,train
2,2252,Skin,14,train
1,1149,Cervix,4,val
1,469,Breast,3,train
3,1580,Bladder,2,test
3,1508,Bile-duct,1,train
1,2343,Pancreatic,12,train
2,160,Breast,3,train
2,837,Kidney,8,test
3,1042,Thyroid,17,train
1,887,Lung,10,train
1,812,Colon,5,train
3,28,Breast,3,train
2,730,Colon,5,train
1,1429,Testis,16,train
3,1731,Colon,5,train
2,1642,Colon,5,train
3,1180,Esophagus,6,train
3,451,Breast,3,train
3,2480,Testis,16,test
2,210,Breast,3,val
3,490,Breast,3,train
3,755,Colon,5,train
2,146,Breast,3,train
1,1371,Bile-duct,1,train
1,404,Breast,3,train
1,1051,Lung,10,val
3,1207,Pancreatic,12,test
2,1179,Cervix,4,val
2,317,Breast,3,train
1,1967,Colon,5,train
2,1154,Adrenal_gland,0,train
2,2350,Stomach,15,train
3,2612,Uterus,18,train
1,403,Breast,3,train
1,1754,Cervix,4,val
1,2296,Ovarian,11,test
3,1981,Esophagus,6,train
1,1799,Cervix,4,train
2,1407,Bile-duct,1,train
3,2491,Thyroid,17,test
1,1997,Colon,5,train
3,1337,Bile-duct,1,test
2,1437,Bile-duct,1,train
1,1936,Colon,5,train
1,1530,Adrenal_gland,0,train
3,165,Breast,3,train
1,1120,Esophagus,6,train
1,410,Breast,3,train
1,2039,Colon,5,train
2,1829,Esophagus,6,train
3,324,Breast,3,train
2,475,Breast,3,val
3,1545,Bile-duct,1,test
3,2549,Uterus,18,val
3,2653,Colon,5,train
2,614,Breast,3,train
2,724,Colon,5,train
3,567,Breast,3,train
2,1365,Adrenal_gland,0,train
3,2456,Testis,16,train
3,763,Colon,5,test
1,1508,Colon,5,train
2,217,Breast,3,train
3,979,Uterus,18,val
2,446,Breast,3,train
3,2314,Pancreatic,12,train
2,1526,Breast,3,train
2,1481,Bladder,2,val
3,2260,Lung,10,val
2,1052,Adrenal_gland,0,train
3,1644,Breast,3,train
3,1642,Breast,3,train
1,1672,Bladder,2,test
3,292,Breast,3,train
1,1410,Bile-duct,1,train
2,277,Breast,3,train
3,1315,Bile-duct,1,val
3,1490,Bile-duct,1,val
1,944,Prostate,13,train
3,2687,Colon,5,train
3,1932,Colon,5,train
1,325,Breast,3,train
1,1265,Adrenal_gland,0,train
2,1289,Bile-duct,1,val
1,1889,Colon,5,train
3,468,Breast,3,train
1,1722,Breast,3,train
3,942,Lung,10,train
2,273,Breast,3,train
2,168,Breast,3,train
3,383,Breast,3,train
3,1465,Adrenal_gland,0,test
3,15,Breast,3,train
3,637,Breast,3,train
3,940,Lung,10,train
1,242,Breast,3,train
2,1566,Cervix,4,train
3,1501,Bile-duct,1,train
3,682,Breast,3,train
2,375,Breast,3,train
2,1454,Bladder,2,train
1,1897,Colon,5,test
2,1662,Colon,5,train
1,1249,Esophagus,6,train
1,230,Breast,3,train
1,1021,Pancreatic,12,test
3,325,Breast,3,train
3,875,Prostate,13,train
3,2084,HeadNeck,7,train
2,1015,Esophagus,6,test
1,2321,Pancreatic,12,test
2,1379,Adrenal_gland,0,train
2,1708,Colon,5,train
3,2385,Skin,14,train
1,1003,Esophagus,6,train
2,1333,Adrenal_gland,0,train
1,2347,Pancreatic,12,val
1,1663,Bladder,2,train
3,1841,Colon,5,train
3,1641,Breast,3,train
1,2265,Lung,10,train
1,619,Breast,3,train
3,518,Breast,3,train
2,1237,Testis,16,train
1,260,Breast,3,train
2,1695,Colon,5,train
3,1620,Breast,3,train
1,2118,HeadNeck,7,train
2,2466,Colon,5,train
1,1402,Bile-duct,1,train
1,1857,Colon,5,train
1,2320,Pancreatic,12,val
2,1903,HeadNeck,7,train
2,1630,Colon,5,test
1,2325,Pancreatic,12,test
3,2419,Stomach,15,train
1,346,Breast,3,train
1,1381,Bile-duct,1,train
3,265,Breast,3,train
3,1463,Adrenal_gland,0,train
2,193,Breast,3,train
2,2045,Liver,9,train
1,1979,Colon,5,train
1,1812,Cervix,4,train
3,1527,Bile-duct,1,train
3,1964,Esophagus,6,train
2,379,Breast,3,train
1,2208,Liver,9,train
1,1499,Colon,5,train
3,794,Colon,5,train
3,2230,Liver,9,val
3,2218,Liver,9,train
2,1324,Colon,5,train
3,831,Breast,3,train
1,2439,Skin,14,train
3,2713,Colon,5,train
2,787,Breast,3,train
3,112,Breast,3,train
3,337,Breast,3,train
3,1110,Adrenal_gland,0,train
1,2536,Testis,16,train
1,1690,Breast,3,train
1,296,Breast,3,train
1,1418,Testis,16,train
1,1189,Adrenal_gland,0,train
2,1491,Bladder,2,val
1,1875,Colon,5,train
1,359,Breast,3,train
1,1188,Adrenal_gland,0,train
2,1431,Bile-duct,1,train
3,2367,Prostate,13,train
3,184,Breast,3,train
3,103,Breast,3,train
3,1233,Cervix,4,train
1,383,Breast,3,train
1,2530,Testis,16,test
3,2701,Colon,5,train
3,629,Breast,3,train
2,791,Breast,3,train
1,1598,Bile-duct,1,test
1,652,Breast,3,train
2,2280,Skin,14,train
3,903,Esophagus,6,val
2,954,Skin,14,test
3,2158,Kidney,8,test
2,1721,Colon,5,test
1,1157,Cervix,4,train
1,1858,Colon,5,train
2,1838,Esophagus,6,train
1,1801,Cervix,4,val
2,1788,Colon,5,train
3,1865,Colon,5,train
2,2198,Pancreatic,12,train
3,2475,Testis,16,train
1,498,Breast,3,train
1,1241,Esophagus,6,train
1,2518,Testis,16,train
3,1586,Bladder,2,val
3,2013,HeadNeck,7,train
2,2365,Testis,16,val
2,442,Breast,3,train
2,588,Breast,3,train
3,2613,Uterus,18,train
3,2050,HeadNeck,7,test
1,515,Breast,3,train
3,480,Breast,3,train
1,335,Breast,3,train
3,2244,Liver,9,train
1,1565,Adrenal_gland,0,train
2,120,Breast,3,train
2,474,Breast,3,train
1,29,Breast,3,test
2,1501,Bladder,2,train
2,1676,Colon,5,train
1,336,Breast,3,train
3,68,Breast,3,train
1,21,Breast,3,train
2,823,Breast,3,train
2,1068,Adrenal_gland,0,test
2,654,Breast,3,train
1,1732,Breast,3,train
1,558,Breast,3,train
3,2007,HeadNeck,7,train
1,262,Breast,3,train
1,2370,Prostate,13,train
1,351,Breast,3,train
3,387,Breast,3,train
3,511,Breast,3,train
1,407,Breast,3,train
3,703,Breast,3,train
2,888,Esophagus,6,test
1,1138,Esophagus,6,train
2,2349,Stomach,15,train
1,1485,Colon,5,train
2,2223,Prostate,13,train
2,1397,Adrenal_gland,0,train
1,589,Breast,3,train
2,44,Breast,3,train
3,1067,Esophagus,6,train
3,1778,Colon,5,train
2,1507,Breast,3,train
3,1882,Colon,5,train
2,2500,Colon,5,train
1,2451,Skin,14,test
1,2427,Skin,14,train
1,815,Colon,5,train
2,1778,Colon,5,train
1,272,Breast,3,val
1,2540,Thyroid,17,train
3,1796,Colon,5,train
2,2160,Pancreatic,12,train
1,1299,Pancreatic,12,train
2,21,Breast,3,train
2,1942,HeadNeck,7,train
3,2351,Prostate,13,train
1,2015,Colon,5,train
1,1158,Cervix,4,train
1,906,Breast,3,train
2,928,Lung,10,test
2,2442,Colon,5,train
1,1873,Colon,5,train
1,1211,Adrenal_gland,0,val
1,670,Breast,3,train
2,569,Breast,3,train
2,1937,HeadNeck,7,train
2,1749,Colon,5,train
1,645,Breast,3,train
1,616,Breast,3,train
3,690,Breast,3,train
1,778,Colon,5,train
2,1631,Colon,5,train
2,319,Breast,3,train
2,26,Breast,3,train
2,2130,Ovarian,11,train
2,2487,Colon,5,train
2,811,Kidney,8,test
2,1194,Bile-duct,1,val
1,1846,Colon,5,train
3,1377,Colon,5,train
3,2401,Skin,14,train
3,235,Breast,3,train
2,1597,Colon,5,train
1,864,Colon,5,val
3,2159,Kidney,8,train
1,2023,Colon,5,train
2,2101,Liver,9,val
2,1496,Bladder,2,test
2,1956,HeadNeck,7,val
2,838,Kidney,8,val
2,2473,Colon,5,train
1,284,Breast,3,train
3,317,Breast,3,train
3,485,Breast,3,test
3,1847,Colon,5,train
2,389,Breast,3,train
3,1124,Adrenal_gland,0,val
3,424,Breast,3,train
3,2704,Colon,5,train
3,47,Breast,3,train
3,296,Breast,3,val
2,551,Breast,3,train
3,1045,Esophagus,6,train
2,2219,Prostate,13,val
3,2694,Colon,5,train
2,157,Breast,3,train
2,1226,Testis,16,train
3,1443,Adrenal_gland,0,train
2,1225,Testis,16,val
3,270,Breast,3,train
3,596,Breast,3,train
1,452,Breast,3,train
2,2,Breast,3,train
2,204,Breast,3,train
3,1049,Esophagus,6,train
1,2422,Skin,14,train
3,178,Breast,3,train
2,1270,Bile-duct,1,train
1,997,Esophagus,6,train
1,2534,Testis,16,train
3,2298,Ovarian,11,train
1,2358,Pancreatic,12,train
3,964,Uterus,18,train
1,1004,Esophagus,6,val
2,387,Breast,3,train
3,948,Lung,10,test
2,692,Colon,5,train
2,1975,HeadNeck,7,train
3,1576,Bladder,2,val
1,2434,Skin,14,val
3,301,Breast,3,train
3,2065,HeadNeck,7,train
2,253,Breast,3,train
2,1277,Bile-duct,1,train
2,1623,Colon,5,train
3,1022,Cervix,4,train
2,1082,Esophagus,6,train
1,2444,Skin,14,train
1,2584,Uterus,18,test
2,1451,Bile-duct,1,test
1,852,Colon,5,train
3,2003,HeadNeck,7,train
1,1293,Pancreatic,12,train
3,552,Breast,3,train
2,938,Thyroid,17,train
3,1884,Colon,5,train
1,1050,Lung,10,train
3,2606,Uterus,18,train
1,579,Breast,3,train
2,2046,Liver,9,val
3,494,Breast,3,train
1,946,Prostate,13,val
1,674,Breast,3,train
3,150,Breast,3,train
1,1621,Bile-duct,1,val
2,953,Skin,14,train
1,93,Breast,3,train
2,1711,Colon,5,test
1,1914,Colon,5,train
3,2391,Skin,14,val
2,2326,Stomach,15,test
1,1912,Colon,5,train
1,229,Breast,3,train
1,2152,HeadNeck,7,train
3,546,Breast,3,train
1,69,Breast,3,train
1,176,Breast,3,train
2,1845,HeadNeck,7,train
1,1492,Colon,5,test
2,311,Breast,3,train
3,427,Breast,3,val
1,2277,Ovarian,11,test
2,555,Breast,3,train
3,2,Breast,3,train
1,22,Breast,3,train
1,1960,Colon,5,train
1,1357,Cervix,4,train
1,2030,Colon,5,train
2,764,Colon,5,train
3,834,Breast,3,train
3,1191,Adrenal_gland,0,train
2,1169,Adrenal_gland,0,val
3,935,Lung,10,train
3,1449,Adrenal_gland,0,train
3,1488,Bile-duct,1,train
1,347,Breast,3,train
3,423,Breast,3,train
2,1147,Pancreatic,12,test
2,1765,Colon,5,train
1,2373,Prostate,13,train
2,1257,Testis,16,train
1,1159,Cervix,4,train
3,2226,Liver,9,train
1,430,Breast,3,train
2,1731,Colon,5,train
3,2382,Skin,14,val
1,1609,Bile-duct,1,train
3,2049,HeadNeck,7,val
1,1612,Bile-duct,1,train
2,1960,HeadNeck,7,test
1,1780,Cervix,4,train
2,2267,Skin,14,train
1,666,Breast,3,train
2,349,Breast,3,train
1,743,Colon,5,train
2,283,Breast,3,train
2,1604,Colon,5,train
3,1286,Testis,16,train
3,1127,Adrenal_gland,0,train
1,155,Breast,3,train
2,661,Breast,3,train
2,1195,Bile-duct,1,train
2,1528,Breast,3,train
1,307,Breast,3,train
2,766,Colon,5,train
3,1131,Adrenal_gland,0,test
2,2099,Liver,9,test
1,64,Breast,3,train
3,1342,Bile-duct,1,train
1,1488,Colon,5,train
3,1309,Testis,16,train
2,1758,Colon,5,train
3,1616,Breast,3,train
3,1650,Breast,3,train
2,260,Breast,3,train
2,810,Kidney,8,val
1,1840,Colon,5,train
1,9,Breast,3,train
2,2352,Stomach,15,train
2,2294,Skin,14,train
3,204,Breast,3,train
2,1436,Bile-duct,1,test
2,1434,Bile-duct,1,train
1,1222,Esophagus,6,train
1,2012,Colon,5,train
3,881,Prostate,13,val
1,2396,Prostate,13,val
2,1252,Testis,16,train
2,912,Lung,10,train
1,1351,Cervix,4,train
2,1883,HeadNeck,7,train
3,2364,Prostate,13,train
3,1471,Bile-duct,1,train
2,2147,Ovarian,11,val
3,2458,Testis,16,test
3,308,Breast,3,train
3,2355,Prostate,13,val
1,2139,HeadNeck,7,train
2,2360,Testis,16,train
2,1611,Colon,5,train
1,2310,Ovarian,11,train
2,2459,Colon,5,train
2,2248,Skin,14,train
2,1234,Testis,16,test
2,365,Breast,3,train
2,819,Bladder,2,train
3,113,Breast,3,train
3,1649,Breast,3,train
1,584,Breast,3,train
2,1905,HeadNeck,7,train
3,695,Breast,3,train
2,1503,Bladder,2,train
2,518,Breast,3,train
2,635,Breast,3,train
3,1336,Bile-duct,1,train
3,1502,Bile-duct,1,val
3,357,Breast,3,train
1,1274,Adrenal_gland,0,train
3,2188,Liver,9,train
1,752,Colon,5,train
2,1601,Colon,5,train
1,873,Lung,10,val
3,1008,Thyroid,17,test
3,678,Breast,3,train
1,96,Breast,3,train
2,2395,Thyroid,17,train
2,1261,Testis,16,train
1,937,Prostate,13,train
1,108,Breast,3,train
3,2117,HeadNeck,7,val
3,649,Breast,3,train
3,1273,Bile-duct,1,train
1,110,Breast,3,train
1,1194,Adrenal_gland,0,train
3,266,Breast,3,train
3,1843,Colon,5,train
3,1299,Testis,16,val
1,1070,Thyroid,17,test
3,1126,Adrenal_gland,0,test
3,478,Breast,3,train
3,231,Breast,3,train
3,2415,Stomach,15,train
2,299,Breast,3,train
2,1493,Bladder,2,train
2,2503,Colon,5,train
1,216,Breast,3,train
1,2375,Prostate,13,val
3,2642,Colon,5,train
3,906,Esophagus,6,train
2,2050,Liver,9,train
1,916,Kidney,8,val
1,1385,Bile-duct,1,test
2,1035,Adrenal_gland,0,train
3,2108,HeadNeck,7,train
3,1626,Breast,3,train
2,537,Breast,3,train
3,999,Uterus,18,test
2,1341,Adrenal_gland,0,train
3,534,Breast,3,train
2,841,Kidney,8,test
2,1547,Breast,3,train
1,2224,Liver,9,train
3,341,Breast,3,train
2,1895,HeadNeck,7,train
3,727,Colon,5,train
1,1071,Thyroid,17,val
2,1564,Cervix,4,train
1,2240,Liver,9,train
2,1509,Breast,3,train
3,2440,Stomach,15,test
3,1344,Bile-duct,1,train
1,1119,Esophagus,6,test
1,2571,Thyroid,17,train
1,1307,Adrenal_gland,0,train
1,1497,Colon,5,train
2,924,Lung,10,test
2,490,Breast,3,train
1,1656,Bile-duct,1,train
2,142,Breast,3,train
1,968,Stomach,15,train
1,1707,Breast,3,train
3,1148,Esophagus,6,train
3,878,Prostate,13,test
2,432,Breast,3,train
2,1730,Colon,5,train
3,106,Breast,3,train
3,1728,Colon,5,test
2,622,Breast,3,train
1,2124,HeadNeck,7,train
2,605,Breast,3,train
2,268,Breast,3,train
1,740,Colon,5,train
2,83,Breast,3,train
2,1929,HeadNeck,7,test
3,1833,Colon,5,train
1,1254,Esophagus,6,train
2,987,Thyroid,17,test
3,1258,Bile-duct,1,train
2,1958,HeadNeck,7,train
3,914,Esophagus,6,test
2,2286,Skin,14,val
3,815,Colon,5,train
2,51,Breast,3,train
1,2047,Colon,5,test
3,2444,Stomach,15,train
1,2102,HeadNeck,7,train
1,874,Lung,10,train
1,257,Breast,3,train
2,1599,Colon,5,train
3,1428,Adrenal_gland,0,train
2,558,Breast,3,train
2,1718,Colon,5,train
2,2120,Ovarian,11,train
1,2470,Stomach,15,val
1,1296,Pancreatic,12,train
3,780,Colon,5,train
2,1934,HeadNeck,7,test
3,2518,Thyroid,17,train
2,2264,Skin,14,val
1,1039,Lung,10,train
1,1087,Skin,14,train
1,964,Colon,5,train
1,643,Breast,3,train
3,2069,HeadNeck,7,train
1,1933,Colon,5,train
3,957,Uterus,18,train
2,2368,Testis,16,val
1,2053,Colon,5,train
1,1696,Breast,3,train
2,536,Breast,3,train
1,254,Breast,3,train
3,917,Esophagus,6,train
3,379,Breast,3,train
1,592,Breast,3,train
2,629,Breast,3,train
1,2232,Liver,9,train
3,548,Breast,3,train
1,441,Breast,3,train
2,1954,HeadNeck,7,train
3,1657,Breast,3,train
3,1556,Bladder,2,val
1,1131,Esophagus,6,train
2,105,Breast,3,train
1,1770,Cervix,4,train
2,516,Breast,3,train
1,1700,Breast,3,train
1,2369,Prostate,13,train
2,164,Breast,3,train
1,105,Breast,3,train
3,953,Lung,10,train
2,2116,Lung,10,test
2,306,Breast,3,train
3,821,Lung,10,test
1,2155,HeadNeck,7,train
3,901,Esophagus,6,train
3,978,Uterus,18,train
3,66,Breast,3,train
2,59,Breast,3,train
2,96,Breast,3,train
2,2475,Colon,5,train
1,776,Colon,5,train
3,95,Breast,3,train
2,240,Breast,3,train
3,2457,Testis,16,test
3,996,Uterus,18,train
1,761,Colon,5,train
2,1759,Colon,5,train
2,270,Breast,3,train
3,2300,Ovarian,11,train
2,1033,Adrenal_gland,0,train
1,3,Breast,3,train
1,323,Breast,3,test
2,81,Breast,3,train
1,525,Breast,3,train
3,986,Uterus,18,train
3,1820,Colon,5,train
1,195,Breast,3,train
3,2037,HeadNeck,7,train
3,2073,HeadNeck,7,train
1,437,Breast,3,train
3,2503,Thyroid,17,test
2,1246,Testis,16,train
1,386,Breast,3,train
1,318,Breast,3,train
3,1726,Colon,5,train
1,1590,Bile-duct,1,train
1,1054,Lung,10,test
3,1535,Bile-duct,1,train
2,717,Colon,5,train
1,180,Breast,3,train
2,1841,Esophagus,6,train
2,1998,HeadNeck,7,train
1,1022,Pancreatic,12,test
2,626,Breast,3,train
3,1955,Esophagus,6,train
2,1805,Colon,5,train
2,1690,Colon,5,train
1,1482,Colon,5,train
2,1191,Cervix,4,val
1,1228,Esophagus,6,train
2,40,Breast,3,train
1,1334,Cervix,4,test
2,366,Breast,3,test
1,1705,Breast,3,train
1,440,Breast,3,train
3,493,Breast,3,test
1,731,Breast,3,train
3,1684,Cervix,4,train
2,1123,Adrenal_gland,0,test
3,994,Uterus,18,val
1,397,Breast,3,train
2,1994,HeadNeck,7,train
3,2524,Uterus,18,test
2,413,Breast,3,train
3,943,Lung,10,val
2,1486,Bladder,2,train
2,1442,Bile-duct,1,train
2,232,Breast,3,train
3,114,Breast,3,train
3,1538,Bile-duct,1,train
3,2263,Lung,10,val
3,540,Breast,3,train
1,373,Breast,3,train
2,2013,HeadNeck,7,train
3,1450,Adrenal_gland,0,train
2,983,Thyroid,17,val
1,57,Breast,3,train
3,1189,Adrenal_gland,0,train
3,2490,Thyroid,17,train
3,2564,Uterus,18,test
1,1136,Esophagus,6,train
1,496,Breast,3,train
2,1349,Adrenal_gland,0,train
2,1287,Bile-duct,1,test
3,2237,Liver,9,train
2,1153,Adrenal_gland,0,train
3,1476,Bile-duct,1,val
2,2282,Skin,14,train
1,371,Breast,3,train
1,1515,Colon,5,train
2,2283,Skin,14,train
3,167,Breast,3,train
3,830,Lung,10,train
2,55,Breast,3,train
3,797,Colon,5,train
2,470,Breast,3,train
2,1510,Breast,3,train
3,2531,Uterus,18,train
3,2674,Colon,5,train
3,135,Breast,3,train
3,110,Breast,3,train
1,699,Breast,3,train
3,1350,Colon,5,train
2,278,Breast,3,train
1,2324,Pancreatic,12,train
2,453,Breast,3,train
3,2096,HeadNeck,7,train
1,2367,Prostate,13,val
3,213,Breast,3,train
3,56,Breast,3,train
3,2189,Liver,9,val
2,2072,Liver,9,test
1,1959,Colon,5,train
3,2304,Ovarian,11,test
3,2455,Testis,16,test
1,1392,Bile-duct,1,train
1,568,Breast,3,train
1,2199,Liver,9,test
2,290,Breast,3,train
3,329,Breast,3,train
3,1275,Bile-duct,1,train
3,1575,Bladder,2,val
1,2182,Kidney,8,test
2,1792,Colon,5,train
1,1578,Bile-duct,1,train
1,2181,Kidney,8,test
2,1732,Colon,5,train
2,90,Breast,3,train
3,975,Uterus,18,train
2,1042,Adrenal_gland,0,train
2,1985,HeadNeck,7,test
2,1531,Breast,3,train
2,2343,Stomach,15,train
3,1651,Breast,3,train
3,164,Breast,3,train
2,1727,Colon,5,train
1,275,Breast,3,train
1,426,Breast,3,val
1,2250,Liver,9,train
2,988,Thyroid,17,train
3,668,Breast,3,test
3,1232,Cervix,4,train
1,2050,Colon,5,train
1,563,Breast,3,train
2,679,Colon,5,train
3,100,Breast,3,train
3,2005,HeadNeck,7,test
1,2632,Colon,5,train
1,206,Breast,3,train
2,1683,Colon,5,train
1,1838,Colon,5,train
1,2314,Pancreatic,12,train
2,251,Breast,3,train
3,179,Breast,3,train
3,1850,Colon,5,train
3,42,Breast,3,train
1,2110,HeadNeck,7,val
2,2105,Liver,9,train
2,1657,Colon,5,train
2,1477,Bladder,2,train
3,1838,Colon,5,train
1,2429,Skin,14,train
1,1555,Adrenal_gland,0,train
1,308,Breast,3,train
1,2651,Colon,5,train
1,2348,Pancreatic,12,train
1,2623,Colon,5,train
2,1886,HeadNeck,7,test
1,1800,Cervix,4,train
2,1258,Testis,16,train
2,2234,Prostate,13,test
2,2069,Liver,9,train
2,2319,Stomach,15,train
1,2469,Stomach,15,test
2,1117,Adrenal_gland,0,train
1,2206,Liver,9,test
2,1972,HeadNeck,7,train
2,2394,Thyroid,17,train
3,2221,Liver,9,train
3,786,Colon,5,train
1,1200,Adrenal_gland,0,train
2,1867,HeadNeck,7,train
2,2307,Skin,14,test
2,2181,Pancreatic,12,train
1,2190,Liver,9,train
2,1636,Colon,5,train
1,2219,Liver,9,val
3,67,Breast,3,train
3,748,Colon,5,train
3,193,Breast,3,train
3,1062,Esophagus,6,train
3,38,Breast,3,train
2,996,Esophagus,6,val
3,1225,Cervix,4,val
3,1863,Colon,5,train
2,1803,Colon,5,train
2,2448,Colon,5,train
1,641,Breast,3,train
1,2286,Ovarian,11,val
2,315,Breast,3,train
1,1465,Bile-duct,1,train
3,520,Breast,3,train
1,1760,Cervix,4,train
3,1003,Uterus,18,train
1,2365,Prostate,13,test
2,2199,Pancreatic,12,train
2,2512,Colon,5,train
2,1940,HeadNeck,7,train
1,2269,Ovarian,11,val
1,1771,Cervix,4,val
3,2193,Liver,9,train
1,1490,Colon,5,train
1,526,Breast,3,train
1,39,Breast,3,train
1,726,Breast,3,train
1,1289,Pancreatic,12,train
2,2314,Skin,14,train
1,2301,Ovarian,11,val
2,1859,HeadNeck,7,train
2,1302,Colon,5,train
3,1076,Cervix,4,train
2,1441,Bile-duct,1,val
3,1320,Bile-duct,1,train
3,1567,Bladder,2,train
3,1931,Colon,5,train
3,2009,HeadNeck,7,val
3,1516,Bile-duct,1,train
2,2163,Pancreatic,12,train
2,275,Breast,3,train
3,2344,Prostate,13,val
1,686,Breast,3,train
2,1812,Esophagus,6,train
1,588,Breast,3,train
1,449,Breast,3,train
2,927,Lung,10,train
1,656,Breast,3,train
2,347,Breast,3,train
3,1590,Bladder,2,test
3,2585,Uterus,18,val
3,1592,Bladder,2,train
1,2479,Stomach,15,train
2,1345,Adrenal_gland,0,train
1,1027,Lung,10,train
2,1423,Bile-duct,1,train
2,2400,Thyroid,17,train
3,2691,Colon,5,train
1,723,Breast,3,train
2,1386,Adrenal_gland,0,test
1,258,Breast,3,train
3,2460,Testis,16,val
3,1723,Colon,5,train
1,1023,Pancreatic,12,train
3,636,Breast,3,train
3,1636,Breast,3,train
1,2065,Esophagus,6,train
2,770,Colon,5,train
3,2091,HeadNeck,7,train
2,125,Breast,3,train
2,1292,Bile-duct,1,train
2,799,Kidney,8,train
3,2048,HeadNeck,7,train
2,739,Colon,5,train
1,556,Breast,3,train
3,1147,Adrenal_gland,0,train
1,2045,Colon,5,train
3,750,Colon,5,train
1,1910,Colon,5,train
3,1623,Breast,3,train
3,2610,Uterus,18,train
1,2589,Uterus,18,val
1,1733,Breast,3,train
1,1821,Cervix,4,train
3,1441,Adrenal_gland,0,train
3,1565,Bladder,2,train
1,86,Breast,3,train
2,601,Breast,3,train
3,194,Breast,3,train
3,927,Esophagus,6,train
3,10,Breast,3,train
2,1412,Bile-duct,1,val
2,301,Breast,3,train
2,997,Esophagus,6,train
3,211,Breast,3,train
2,1851,HeadNeck,7,train
3,2292,Ovarian,11,train
3,2118,HeadNeck,7,val
1,1454,Bile-duct,1,train
3,309,Breast,3,train
2,672,Breast,3,train
2,1974,HeadNeck,7,train
2,1847,HeadNeck,7,train
3,2675,Colon,5,train
1,165,Breast,3,train
2,2134,Ovarian,11,train
3,2438,Stomach,15,val
1,2633,Colon,5,test
2,1541,Breast,3,train
3,1201,Adrenal_gland,0,train
1,139,Breast,3,train
1,1989,Colon,5,train
2,1508,Breast,3,train
3,7,Breast,3,train
1,998,Esophagus,6,val
2,2485,Colon,5,test
1,1879,Colon,5,train
1,1878,Colon,5,train
1,2545,Thyroid,17,train
3,2180,Liver,9,test
3,141,Breast,3,train
1,601,Breast,3,train
1,1648,Bile-duct,1,val
3,1474,Bile-duct,1,train
1,301,Breast,3,train
2,2430,Uterus,18,train
2,687,Colon,5,train
2,1181,Cervix,4,train
3,543,Breast,3,train
3,241,Breast,3,train
3,1135,Adrenal_gland,0,train
2,2504,Colon,5,train
2,1595,Colon,5,train
3,1861,Colon,5,train
1,2595,Colon,5,train
3,2683,Colon,5,train
3,2219,Liver,9,train
3,1070,Esophagus,6,train
1,1744,Breast,3,train
2,2165,Pancreatic,12,test
2,623,Breast,3,train
3,1330,Bile-duct,1,train
3,647,Breast,3,train
3,380,Breast,3,train
3,2646,Colon,5,train
1,784,Colon,5,train
1,1786,Cervix,4,test
3,2043,HeadNeck,7,train
3,1555,Bladder,2,test
1,2161,HeadNeck,7,train
2,197,Breast,3,train
3,501,Breast,3,train
2,1479,Bladder,2,train
2,1639,Colon,5,train
1,1303,Adrenal_gland,0,train
3,876,Prostate,13,train
3,51,Breast,3,train
1,790,Colon,5,train
3,310,Breast,3,train
1,749,Colon,5,train
1,1713,Breast,3,train
2,936,Thyroid,17,train
1,2003,Colon,5,train
3,495,Breast,3,train
3,1518,Bile-duct,1,train
2,800,Kidney,8,train
3,1835,Colon,5,train
3,2041,HeadNeck,7,train
2,1366,Adrenal_gland,0,train
1,2553,Thyroid,17,train
1,1943,Colon,5,train
1,446,Breast,3,train
1,294,Breast,3,train
2,775,Lung,10,test
3,737,Colon,5,train
3,1072,Esophagus,6,train
1,2361,Prostate,13,train
1,1180,Adrenal_gland,0,train
3,1321,Bile-duct,1,train
2,2353,Stomach,15,test
1,1566,Adrenal_gland,0,train
1,894,Lung,10,train
2,1868,HeadNeck,7,train
3,60,Breast,3,train
2,450,Breast,3,train
2,223,Breast,3,train
1,2331,Pancreatic,12,val
2,1752,Colon,5,train
3,1762,Colon,5,train
3,579,Breast,3,train
2,2396,Thyroid,17,test
1,455,Breast,3,train
2,2225,Prostate,13,train
1,150,Breast,3,train
2,874,Esophagus,6,train
2,1071,Adrenal_gland,0,train
3,1904,Colon,5,train
1,159,Breast,3,test
2,1331,Colon,5,test
2,1313,Colon,5,train
1,725,Breast,3,train
3,793,Colon,5,train
3,962,Uterus,18,val
2,1162,Adrenal_gland,0,train
3,1418,Adrenal_gland,0,train
1,2279,Ovarian,11,val
3,1552,Bile-duct,1,test
1,2504,Stomach,15,test
2,1720,Colon,5,train
3,384,Breast,3,train
2,604,Breast,3,train
3,1939,Colon,5,train
1,1201,Adrenal_gland,0,train
2,2266,Skin,14,val
1,2435,Skin,14,val
1,1726,Breast,3,train
3,1754,Colon,5,train
2,933,Thyroid,17,train
2,702,Colon,5,train
1,1953,Colon,5,train
1,365,Breast,3,train
1,302,Breast,3,train
3,663,Breast,3,train
3,2464,Testis,16,train
3,1720,Colon,5,train
2,32,Breast,3,train
1,2131,HeadNeck,7,train
2,611,Breast,3,val
2,400,Breast,3,train
1,1586,Bile-duct,1,train
2,36,Breast,3,train
2,736,Colon,5,train
3,1945,Colon,5,train
3,1962,Esophagus,6,train
2,435,Breast,3,train
1,870,Lung,10,train
1,2293,Ovarian,11,test
3,1153,Esophagus,6,test
1,1616,Bile-duct,1,train
3,850,Prostate,13,val
3,376,Breast,3,train
3,1246,Cervix,4,train
1,1863,Colon,5,train
2,2265,Skin,14,val
2,1756,Colon,5,train
2,2393,Thyroid,17,test
3,1020,Skin,14,val
3,879,Prostate,13,train
3,1341,Bile-duct,1,train
2,545,Breast,3,train
3,2427,Stomach,15,train
3,2161,Kidney,8,test
2,396,Breast,3,train
1,1421,Testis,16,test
1,1170,Cervix,4,train
1,922,Prostate,13,val
3,1064,Esophagus,6,train
3,2102,HeadNeck,7,train
3,205,Breast,3,train
1,411,Breast,3,train
2,1710,Colon,5,train
1,1181,Adrenal_gland,0,train
1,1956,Colon,5,train
2,1990,HeadNeck,7,train
3,52,Breast,3,train
3,1710,Colon,5,train
3,770,Colon,5,train
3,1562,Bladder,2,val
1,2386,Prostate,13,train
1,2551,Thyroid,17,val
3,1328,Bile-duct,1,train
2,134,Breast,3,train
3,1935,Colon,5,train
2,637,Breast,3,train
3,816,Lung,10,train
3,725,Colon,5,train
3,1853,Colon,5,train
3,2133,Kidney,8,train
2,1059,Adrenal_gland,0,train
3,128,Breast,3,train
1,50,Breast,3,train
1,557,Breast,3,train
2,101,Breast,3,train
2,1014,Esophagus,6,train
3,1969,Esophagus,6,val
3,531,Breast,3,train
3,1581,Bladder,2,test
3,2321,Pancreatic,12,train
1,1536,Adrenal_gland,0,train
2,2357,Testis,16,train
2,1762,Colon,5,train
2,427,Breast,3,train
2,1140,Pancreatic,12,val
2,247,Breast,3,train
1,1236,Esophagus,6,train
3,1901,Colon,5,train
1,2532,Testis,16,test
1,1540,Adrenal_gland,0,train
1,2501,Stomach,15,train
1,1297,Pancreatic,12,train
2,1524,Breast,3,train
3,1214,Adrenal_gland,0,train
3,2510,Thyroid,17,train
3,753,Colon,5,train
2,1963,HeadNeck,7,train
2,1256,Testis,16,val
1,1313,Adrenal_gland,0,train
1,890,Lung,10,train
1,1074,Thyroid,17,train
2,977,Thyroid,17,train
3,646,Breast,3,train
3,666,Breast,3,train
3,2252,Liver,9,val
3,2520,Thyroid,17,test
2,29,Breast,3,train
1,1861,Colon,5,train
3,643,Breast,3,train
3,318,Breast,3,train
3,111,Breast,3,train
2,2228,Prostate,13,test
1,1682,Breast,3,train
1,788,Colon,5,train
3,2634,Colon,5,train
1,553,Breast,3,train
3,448,Breast,3,train
1,2340,Pancreatic,12,train
3,1143,Adrenal_gland,0,train
3,1405,Adrenal_gland,0,test
1,1752,Cervix,4,val
2,2005,HeadNeck,7,train
1,661,Breast,3,train
2,523,Breast,3,train
1,2638,Colon,5,train
3,116,Breast,3,train
1,1582,Bile-duct,1,test
2,2125,Ovarian,11,train
2,1,Breast,3,train
3,2357,Prostate,13,train
2,515,Breast,3,train
1,2430,Skin,14,train
1,1412,Testis,16,test
1,366,Breast,3,train
1,1995,Colon,5,train
2,564,Breast,3,train
2,1926,HeadNeck,7,train
3,1811,Colon,5,train
2,1426,Bile-duct,1,train
1,1356,Cervix,4,test
3,1121,Adrenal_gland,0,train
3,1108,Adrenal_gland,0,val
1,1854,Colon,5,train
2,2210,Pancreatic,12,test
1,1905,Colon,5,train
1,2410,Prostate,13,test
3,1782,Colon,5,train
3,2175,Liver,9,train
2,106,Breast,3,train
1,1237,Esophagus,6,train
1,342,Breast,3,train
2,1640,Colon,5,train
3,2337,Prostate,13,val
1,1811,Cervix,4,test
1,358,Breast,3,train
1,520,Breast,3,train
3,105,Breast,3,train
1,990,Esophagus,6,train
1,1317,Adrenal_gland,0,test
3,2236,Liver,9,train
2,532,Breast,3,train
1,898,Breast,3,train
3,1464,Adrenal_gland,0,val
1,2270,Ovarian,11,test
2,2480,Colon,5,train
2,1540,Breast,3,test
3,238,Breast,3,train
2,1053,Adrenal_gland,0,val
3,959,Uterus,18,test
1,2600,Colon,5,train
3,2558,Uterus,18,test
2,940,Thyroid,17,test
1,1837,Colon,5,train
2,1021,Esophagus,6,train
3,735,Colon,5,train
1,2056,Colon,5,train
2,655,Breast,3,train
3,126,Breast,3,train
3,954,Lung,10,val
3,607,Breast,3,train
2,132,Breast,3,train
2,226,Breast,3,train
2,2309,Skin,14,val
2,2519,Colon,5,train
3,1268,Bile-duct,1,train
1,1111,Thyroid,17,train
2,1251,Testis,16,test
1,2625,Colon,5,train
2,1844,Esophagus,6,test
2,2367,Testis,16,val
1,1589,Bile-duct,1,test
3,115,Breast,3,train
1,1831,Colon,5,train
2,1848,HeadNeck,7,train
3,2316,Pancreatic,12,test
1,851,Colon,5,train
2,1767,Colon,5,train
3,283,Breast,3,train
3,2211,Liver,9,train
1,561,Breast,3,train
2,793,Breast,3,train
3,818,Lung,10,train
1,251,Breast,3,val
3,1542,Bile-duct,1,train
3,1044,Esophagus,6,train
2,1304,Colon,5,train
2,767,Colon,5,train
1,1439,Testis,16,train
3,382,Breast,3,train
3,939,Lung,10,test
3,1164,Esophagus,6,train
2,2026,Kidney,8,test
2,377,Breast,3,train
3,652,Breast,3,train
3,2071,HeadNeck,7,val
2,312,Breast,3,train
3,766,Colon,5,train
3,777,Colon,5,train
2,2482,Colon,5,train
3,2640,Colon,5,train
1,545,Breast,3,train
2,522,Breast,3,train
2,1918,HeadNeck,7,train
3,2061,HeadNeck,7,train
3,696,Breast,3,train
1,1379,Bile-duct,1,train
3,2197,Liver,9,train
2,163,Breast,3,train
2,1760,Colon,5,train
3,768,Colon,5,train
2,1782,Colon,5,train
3,2168,Liver,9,train
2,459,Breast,3,train
2,1224,Testis,16,val
1,1391,Bile-duct,1,train
3,2139,Kidney,8,val
2,1997,HeadNeck,7,val
3,1316,Bile-duct,1,train
1,375,Breast,3,train
2,1652,Colon,5,train
1,565,Breast,3,train
3,1370,Colon,5,train
3,2625,Uterus,18,train
1,2312,Ovarian,11,val
1,51,Breast,3,train
1,1961,Colon,5,train
3,2141,Kidney,8,val
1,2508,Stomach,15,train
1,2417,Skin,14,train
2,451,Breast,3,train
2,915,Lung,10,train
2,1018,Esophagus,6,train
2,2495,Colon,5,train
1,681,Breast,3,test
3,1114,Adrenal_gland,0,train
1,2087,Esophagus,6,val
3,677,Breast,3,train
3,1489,Bile-duct,1,train
2,2112,Lung,10,train
1,1551,Adrenal_gland,0,train
1,779,Colon,5,train
3,483,Breast,3,train
3,2439,Stomach,15,train
2,578,Breast,3,train
2,1766,Colon,5,train
2,1076,Esophagus,6,train
1,2239,Liver,9,train
1,926,Breast,3,train
3,1709,Colon,5,train
3,89,Breast,3,train
2,2351,Stomach,15,test
3,207,Breast,3,train
2,728,Colon,5,train
1,2455,Skin,14,train
1,2134,HeadNeck,7,test
3,489,Breast,3,train
2,1010,Esophagus,6,val
3,1967,Esophagus,6,train
1,2046,Colon,5,train
3,101,Breast,3,train
1,800,Colon,5,test
3,555,Breast,3,train
1,1028,Lung,10,train
1,1988,Colon,5,train
2,1600,Colon,5,train
3,2487,Thyroid,17,test
2,2427,Thyroid,17,val
2,1802,Colon,5,train
2,783,Breast,3,train
2,1077,Esophagus,6,test
2,674,Breast,3,train
1,2622,Colon,5,train
2,1912,HeadNeck,7,train
2,1900,HeadNeck,7,train
2,1285,Bile-duct,1,train
3,1279,Bile-duct,1,train
1,456,Breast,3,train
3,209,Breast,3,train
2,408,Breast,3,train
2,1968,HeadNeck,7,val
1,2475,Stomach,15,test
2,52,Breast,3,train
2,100,Breast,3,train
3,1661,Breast,3,train
2,165,Breast,3,train
2,1173,Cervix,4,train
1,2098,HeadNeck,7,train
2,17,Breast,3,train
1,1036,Lung,10,train
1,986,Esophagus,6,train
3,1381,Colon,5,train
1,1433,Testis,16,train
1,1521,Adrenal_gland,0,train
3,189,Breast,3,train
2,2001,HeadNeck,7,train
2,630,Breast,3,train
1,575,Breast,3,train
1,310,Breast,3,train
2,1582,Colon,5,train
3,2072,HeadNeck,7,train
2,747,Colon,5,train
1,746,Colon,5,train
3,2157,Kidney,8,val
1,1892,Colon,5,val
1,379,Breast,3,train
3,1549,Bile-duct,1,train
3,2403,Skin,14,val
3,236,Breast,3,train
2,1806,Colon,5,train
2,1622,Colon,5,train
3,995,Uterus,18,train
3,1897,Colon,5,train
3,521,Breast,3,train
2,151,Breast,3,train
2,945,Thyroid,17,val
2,2109,Lung,10,test
3,1511,Bile-duct,1,train
2,1043,Adrenal_gland,0,train
3,5,Breast,3,val
1,1939,Colon,5,train
3,1958,Esophagus,6,train
1,2283,Ovarian,11,val
3,524,Breast,3,train
2,2111,Lung,10,test
2,2262,Skin,14,train
2,675,Breast,3,train
2,2115,Lung,10,train
3,9,Breast,3,train
3,1410,Adrenal_gland,0,train
1,1571,Adrenal_gland,0,train
3,1303,Testis,16,train
2,2362,Testis,16,train
2,1569,Cervix,4,train
3,1141,Adrenal_gland,0,train
1,1792,Cervix,4,train
2,1596,Colon,5,train
2,648,Breast,3,train
3,2205,Liver,9,test
3,1558,Bladder,2,val
3,2198,Liver,9,train
1,1577,Bile-duct,1,train
2,2328,Stomach,15,val
1,816,Colon,5,train
1,602,Breast,3,train
3,2709,Colon,5,train
3,1733,Colon,5,train
1,2629,Colon,5,train
1,1098,Thyroid,17,train
3,1804,Colon,5,train
3,929,Lung,10,val
2,1129,Pancreatic,12,train
2,1157,Adrenal_gland,0,train
2,2083,Liver,9,train
2,182,Breast,3,train
2,2037,Kidney,8,val
1,585,Breast,3,train
3,1821,Colon,5,train
2,1235,Testis,16,test
1,1460,Bile-duct,1,train
3,408,Breast,3,train
2,1105,Esophagus,6,train
1,2489,Stomach,15,val
3,1063,Esophagus,6,train
3,465,Breast,3,val
3,1639,Breast,3,train
3,2220,Liver,9,train
2,2322,Stomach,15,test
2,1358,Adrenal_gland,0,test
1,1198,Adrenal_gland,0,test
2,418,Breast,3,train
2,1504,Breast,3,train
3,717,Colon,5,train
2,1986,HeadNeck,7,train
2,2456,Colon,5,train
3,153,Breast,3,train
1,1469,Bile-duct,1,test
2,2144,Ovarian,11,test
1,1187,Adrenal_gland,0,val
1,414,Breast,3,train
3,724,Colon,5,train
1,1503,Colon,5,train
1,1951,Colon,5,train
1,1458,Bile-duct,1,train
3,330,Breast,3,test
3,255,Breast,3,train
1,1627,Bile-duct,1,train
3,40,Breast,3,train
2,1335,Adrenal_gland,0,val
1,844,Colon,5,train
3,847,Kidney,8,train
3,386,Breast,3,train
2,910,Lung,10,train
3,1406,Adrenal_gland,0,train
3,1472,Bile-duct,1,train
2,2214,Prostate,13,train
3,2026,HeadNeck,7,train
3,2676,Colon,5,test
3,202,Breast,3,train
2,1927,HeadNeck,7,train
2,1638,Colon,5,train
3,1100,Adrenal_gland,0,val
1,1883,Colon,5,train
1,2477,Stomach,15,test
3,745,Colon,5,train
3,364,Breast,3,train
1,121,Breast,3,train
1,207,Breast,3,train
2,934,Thyroid,17,train
1,2611,Colon,5,train
1,2339,Pancreatic,12,test
2,1461,Bladder,2,test
2,882,Esophagus,6,test
2,2450,Colon,5,train
3,990,Uterus,18,train
3,898,Ovarian,11,val
1,1394,Bile-duct,1,train
1,1483,Colon,5,train
2,2345,Stomach,15,val
3,638,Breast,3,train
3,1130,Adrenal_gland,0,train
1,924,Breast,3,train
1,97,Breast,3,train
1,2335,Pancreatic,12,train
2,1212,Bile-duct,1,train
3,1013,Thyroid,17,val
3,198,Breast,3,train
3,1907,Colon,5,train
2,1051,Adrenal_gland,0,train
1,2409,Prostate,13,train
1,1925,Colon,5,train
3,460,Breast,3,train
1,702,Breast,3,train
1,2610,Colon,5,val
2,926,Lung,10,val
1,1191,Adrenal_gland,0,test
1,2308,Ovarian,11,val
3,279,Breast,3,train
1,1734,Breast,3,train
1,288,Breast,3,train
3,473,Breast,3,train
3,2278,Ovarian,11,val
3,332,Breast,3,train
3,1423,Adrenal_gland,0,train
3,1250,Bile-duct,1,train
3,2339,Prostate,13,train
2,228,Breast,3,train
3,1140,Adrenal_gland,0,train
2,2457,Colon,5,train
2,878,Esophagus,6,train
3,2375,Prostate,13,train
2,404,Breast,3,train
2,1400,Bile-duct,1,train
3,517,Breast,3,train
1,825,Colon,5,train
3,869,Prostate,13,train
2,861,Ovarian,11,val
1,1667,Bladder,2,test
3,577,Breast,3,train
2,1159,Adrenal_gland,0,train
2,2274,Skin,14,val
2,1001,Esophagus,6,train
3,754,Colon,5,train
1,1763,Cervix,4,test
3,2150,Kidney,8,test
2,1299,Colon,5,train
2,1392,Adrenal_gland,0,train
1,989,Esophagus,6,train
3,2046,HeadNeck,7,train
1,1338,Cervix,4,train
3,227,Breast,3,train
1,389,Breast,3,train
2,845,Stomach,15,val
2,221,Breast,3,train
2,2436,Colon,5,train
1,932,Bladder,2,val
3,1340,Bile-duct,1,train
1,1367,Cervix,4,train
3,578,Breast,3,train
1,1568,Adrenal_gland,0,train
1,1382,Bile-duct,1,train
1,201,Breast,3,train
2,437,Breast,3,train
1,507,Breast,3,train
1,2467,Stomach,15,test
1,1502,Colon,5,train
2,1298,Colon,5,train
2,898,Lung,10,test
3,662,Breast,3,train
1,2419,Skin,14,train
2,1518,Breast,3,train
1,2653,Colon,5,train
1,1365,Cervix,4,test
2,1089,Esophagus,6,val
1,1083,Thyroid,17,train
1,1572,Adrenal_gland,0,train
1,151,Breast,3,train
1,871,Lung,10,test
3,2127,HeadNeck,7,train
2,1739,Colon,5,train
3,1547,Bile-duct,1,val
3,2223,Liver,9,train
3,2119,HeadNeck,7,test
3,528,Breast,3,train
2,1357,Adrenal_gland,0,train
1,651,Breast,3,train
2,1425,Bile-duct,1,train
1,1044,Lung,10,train
1,2049,Colon,5,train
3,2465,Testis,16,val
2,2484,Colon,5,train
2,476,Breast,3,train
2,1706,Colon,5,train
2,304,Breast,3,train
3,2114,HeadNeck,7,train
3,1950,Esophagus,6,val
3,2596,Uterus,18,train
2,831,Prostate,13,val
2,1539,Breast,3,train
3,2243,Liver,9,val
3,550,Breast,3,train
1,424,Breast,3,train
3,457,Breast,3,train
3,1525,Bile-duct,1,train
3,1604,Bladder,2,train
1,2566,Thyroid,17,train
1,1261,Esophagus,6,train
2,529,Breast,3,val
3,2431,Stomach,15,test
1,1519,Colon,5,train
3,810,Colon,5,train
2,496,Breast,3,train
2,2276,Skin,14,val
3,1383,Colon,5,train
3,2126,HeadNeck,7,train
2,359,Breast,3,train
3,1736,Colon,5,train
3,1708,Colon,5,train
3,2407,Skin,14,test
2,425,Breast,3,train
3,765,Colon,5,train
3,2692,Colon,5,train
1,2282,Ovarian,11,val
1,1062,Uterus,18,test
1,2043,Colon,5,train
1,1173,Adrenal_gland,0,train
2,2207,Pancreatic,12,test
3,1890,Colon,5,train
2,2217,Prostate,13,test
2,2277,Skin,14,test
3,2368,Prostate,13,test
2,1267,Bile-duct,1,train
1,1300,Pancreatic,12,test
2,2173,Pancreatic,12,train
1,2302,Ovarian,11,test
3,1390,Colon,5,train
3,1354,Colon,5,train
1,1890,Colon,5,train
3,2629,Uterus,18,train
1,1156,Cervix,4,test
1,2037,Colon,5,train
3,1532,Bile-duct,1,train
1,1983,Colon,5,train
1,1692,Breast,3,train
3,866,Prostate,13,val
1,2271,Ovarian,11,train
1,1669,Bladder,2,val
3,1093,Adrenal_gland,0,train
2,899,Lung,10,train
3,2506,Thyroid,17,val
2,2384,Thyroid,17,test
2,1137,Pancreatic,12,train
1,621,Breast,3,train
3,1872,Colon,5,train
3,1085,Cervix,4,train
1,1554,Adrenal_gland,0,val
1,463,Breast,3,train
3,373,Breast,3,train
2,74,Breast,3,train
2,1069,Adrenal_gland,0,train
3,1068,Esophagus,6,train
3,613,Breast,3,train
2,733,Colon,5,train
2,104,Breast,3,train
2,67,Breast,3,train
1,811,Colon,5,train
1,966,Stomach,15,val
2,1150,Adrenal_gland,0,train
3,2452,Stomach,15,train
1,2524,Testis,16,test
2,2065,Liver,9,train
3,2595,Uterus,18,train
1,2180,Kidney,8,train
3,949,Lung,10,test
1,542,Breast,3,train
2,1800,Colon,5,train
2,2303,Skin,14,test
1,1617,Bile-duct,1,train
3,2565,Uterus,18,train
3,2448,Stomach,15,test
3,155,Breast,3,train
3,2107,HeadNeck,7,train
1,1161,Cervix,4,train
3,1198,Adrenal_gland,0,train
3,1269,Bile-duct,1,val
2,1550,Breast,3,train
2,1303,Colon,5,train
2,1170,Adrenal_gland,0,train
2,2179,Pancreatic,12,train
2,794,Colon,5,train
2,929,Lung,10,train
1,857,Colon,5,train
1,1262,Esophagus,6,train
2,893,Pancreatic,12,train
2,1241,Testis,16,train
1,421,Breast,3,train
1,955,Kidney,8,val
1,1383,Bile-duct,1,test
2,646,Breast,3,train
2,1921,HeadNeck,7,train
3,680,Breast,3,train
3,733,Colon,5,train
3,1251,Bile-duct,1,train
1,2166,HeadNeck,7,val
3,1541,Bile-duct,1,val
3,808,Colon,5,train
3,369,Breast,3,train
3,223,Breast,3,train
3,2271,Ovarian,11,test
1,2515,Testis,16,train
1,2384,Prostate,13,train
3,346,Breast,3,train
1,1606,Bile-duct,1,train
2,581,Breast,3,train
2,1384,Adrenal_gland,0,train
3,1211,Pancreatic,12,val
1,1775,Cervix,4,train
2,272,Breast,3,train
2,117,Breast,3,train
3,805,Colon,5,train
3,1444,Adrenal_gland,0,train
1,1451,Bile-duct,1,val
2,30,Breast,3,train
3,2070,HeadNeck,7,train
1,221,Breast,3,train
3,2429,Stomach,15,val
2,1332,Adrenal_gland,0,train
2,401,Breast,3,train
2,850,Colon,5,train
1,826,Colon,5,train
1,1839,Colon,5,train
1,304,Breast,3,train
2,708,Colon,5,train
2,1489,Bladder,2,train
1,439,Breast,3,train
2,1624,Colon,5,train
1,1086,Skin,14,train
3,439,Breast,3,train
1,1008,Esophagus,6,test
3,1729,Colon,5,train
2,1615,Colon,5,train
3,429,Breast,3,train
1,2517,Testis,16,train
1,1457,Bile-duct,1,train
2,338,Breast,3,train
3,1186,Adrenal_gland,0,train
3,2545,Uterus,18,test
1,1504,Colon,5,train
3,2224,Liver,9,test
2,1648,Colon,5,train
3,215,Breast,3,train
2,1334,Adrenal_gland,0,train
1,1231,Esophagus,6,train
1,2432,Skin,14,train
3,2721,Colon,5,train
2,1312,Colon,5,train
1,669,Breast,3,train
1,1073,Thyroid,17,train
3,2679,Colon,5,train
1,991,Esophagus,6,train
3,21,Breast,3,train
2,671,Breast,3,train
2,2128,Ovarian,11,train
2,2211,Pancreatic,12,train
1,2016,Colon,5,train
2,2060,Liver,9,val
1,1030,Lung,10,test
3,910,Esophagus,6,train
3,41,Breast,3,train
3,814,Colon,5,train
2,103,Breast,3,train
3,1510,Bile-duct,1,train
3,436,Breast,3,test
2,324,Breast,3,train
3,1257,Bile-duct,1,train
2,2424,Thyroid,17,train
1,709,Breast,3,train
3,1223,Adrenal_gland,0,train
3,2028,HeadNeck,7,train
2,748,Colon,5,train
2,796,Colon,5,train
2,2058,Liver,9,train
3,2582,Uterus,18,train
3,654,Breast,3,train
2,2268,Skin,14,test
1,696,Breast,3,train
1,1980,Colon,5,train
2,488,Breast,3,train
1,2154,HeadNeck,7,train
2,1943,HeadNeck,7,test
3,1984,Esophagus,6,train
3,2681,Colon,5,train
1,2198,Liver,9,train
1,1496,Colon,5,train
2,1029,Cervix,4,train
3,1513,Bile-duct,1,test
1,361,Breast,3,train
2,2129,Ovarian,11,test
1,909,Colon,5,train
3,1322,Bile-duct,1,val
3,1104,Adrenal_gland,0,train
1,454,Breast,3,train
1,62,Breast,3,train
3,1879,Colon,5,train
2,1651,Colon,5,train
2,2378,Testis,16,train
3,2082,HeadNeck,7,train
1,1952,Colon,5,train
1,1164,Cervix,4,train
3,1956,Esophagus,6,train
3,23,Breast,3,train
3,984,Uterus,18,train
3,897,Ovarian,11,test
3,1000,Uterus,18,val
3,513,Breast,3,train
1,405,Breast,3,train
1,809,Colon,5,train
2,514,Breast,3,train
2,97,Breast,3,train
1,915,Kidney,8,train
1,1687,Breast,3,train
2,1439,Bile-duct,1,train
3,2535,Uterus,18,train
2,704,Colon,5,train
2,434,Breast,3,train
2,786,Breast,3,train
1,89,Breast,3,train
2,58,Breast,3,train
3,1109,Adrenal_gland,0,train
2,1247,Testis,16,train
2,967,Skin,14,train
3,1389,Colon,5,train
3,1289,Testis,16,test
1,54,Breast,3,train
1,1882,Colon,5,train
2,576,Breast,3,train
3,499,Breast,3,train
3,1156,Esophagus,6,train
1,703,Breast,3,train
2,2342,Stomach,15,val
3,1325,Bile-duct,1,train
1,2597,Colon,5,train
2,1086,Esophagus,6,train
1,1613,Bile-duct,1,train
2,2036,Kidney,8,val
2,1694,Colon,5,train
2,627,Breast,3,train
1,2332,Pancreatic,12,train
2,1326,Colon,5,train
1,2494,Stomach,15,val
2,1629,Colon,5,train
3,822,Lung,10,train
2,2154,Pancreatic,12,val
3,1688,Cervix,4,train
2,230,Breast,3,train
1,2495,Stomach,15,train
1,2401,Prostate,13,train
2,2494,Colon,5,train
2,817,Bladder,2,test
2,350,Breast,3,train
3,590,Breast,3,train
3,1088,Cervix,4,test
2,718,Colon,5,train
1,211,Breast,3,test
2,695,Colon,5,train
2,662,Breast,3,train
3,2309,Ovarian,11,train
3,1712,Colon,5,test
1,2297,Ovarian,11,val
3,1486,Bile-duct,1,train
2,1101,Esophagus,6,train
1,2407,Prostate,13,val
3,2325,Pancreatic,12,train
2,1793,Colon,5,val
1,631,Breast,3,train
2,308,Breast,3,train
2,342,Breast,3,train
1,385,Breast,3,train
1,1788,Cervix,4,train
1,1694,Breast,3,train
1,2341,Pancreatic,12,train
3,1579,Bladder,2,test
1,1791,Cervix,4,train
2,2515,Colon,5,train
2,802,Kidney,8,test
2,868,Esophagus,6,train
2,57,Breast,3,train
2,788,Breast,3,train
2,1499,Bladder,2,train
2,1736,Colon,5,train
1,775,Colon,5,test
2,735,Colon,5,test
1,20,Breast,3,train
1,420,Breast,3,train
3,969,Uterus,18,train
1,1708,Breast,3,train
3,2637,Colon,5,train
2,2067,Liver,9,train
2,2137,Ovarian,11,test
1,2544,Thyroid,17,train
2,2337,Stomach,15,train
3,599,Breast,3,train
1,632,Breast,3,train
3,1591,Bladder,2,val
1,972,Ovarian,11,train
1,1942,Colon,5,train
1,1599,Bile-duct,1,train
3,282,Breast,3,train
1,1075,Thyroid,17,train
2,10,Breast,3,train
3,2688,Colon,5,train
1,2513,Testis,16,test
3,2619,Uterus,18,train
1,1924,Colon,5,train
2,1770,Colon,5,train
1,744,Colon,5,train
3,924,Esophagus,6,val
1,4,Breast,3,train
3,1859,Colon,5,train
1,983,Esophagus,6,train
3,2123,HeadNeck,7,val
1,1273,Adrenal_gland,0,val
2,1414,Bile-duct,1,val
3,1913,Colon,5,train
2,1152,Adrenal_gland,0,train
3,269,Breast,3,train
1,1934,Colon,5,train
3,574,Breast,3,train
2,2006,HeadNeck,7,test
2,2014,Kidney,8,test
3,2090,HeadNeck,7,train
1,1078,Thyroid,17,test
2,2192,Pancreatic,12,train
2,1619,Colon,5,train
2,2143,Ovarian,11,train
1,1559,Adrenal_gland,0,train
2,1353,Adrenal_gland,0,train
3,539,Breast,3,train
2,1106,Esophagus,6,train
1,999,Esophagus,6,train
2,1807,Colon,5,train
1,2035,Colon,5,train
3,1161,Esophagus,6,train
3,1128,Adrenal_gland,0,train
2,503,Breast,3,train
1,1523,Adrenal_gland,0,train
3,809,Colon,5,train
2,2196,Pancreatic,12,train
3,1667,Cervix,4,val
1,1063,Uterus,18,train
3,716,Colon,5,train
3,1283,Bile-duct,1,train
1,2461,Skin,14,test
1,1328,Cervix,4,train
2,2118,Ovarian,11,test
1,782,Colon,5,train
2,737,Colon,5,train
1,144,Breast,3,train
3,1519,Bile-duct,1,train
2,393,Breast,3,train
1,2242,Liver,9,train
2,48,Breast,3,train
1,971,Ovarian,11,test
1,1855,Colon,5,train
1,843,Colon,5,train
2,2327,Stomach,15,test
1,1869,Colon,5,train
2,966,Skin,14,train
1,1229,Esophagus,6,train
3,305,Breast,3,train
3,505,Breast,3,train
3,1982,Esophagus,6,train
1,762,Colon,5,train
2,1839,Esophagus,6,train
2,462,Breast,3,train
3,1485,Bile-duct,1,train
3,1210,Pancreatic,12,train
2,1544,Breast,3,train
1,2192,Liver,9,train
3,1792,Colon,5,train
3,422,Breast,3,train
3,620,Breast,3,train
1,2004,Colon,5,train
1,268,Breast,3,train
1,2526,Testis,16,train
3,1167,Esophagus,6,train
3,2068,HeadNeck,7,train
2,1057,Adrenal_gland,0,val
3,743,Colon,5,train
2,2476,Colon,5,train
1,2113,HeadNeck,7,train
1,1978,Colon,5,train
3,860,Bladder,2,val
2,892,Esophagus,6,train
1,1455,Bile-duct,1,train
3,2023,HeadNeck,7,train
2,1000,Esophagus,6,train
3,1483,Bile-duct,1,train
2,2215,Prostate,13,train
2,1253,Testis,16,val
3,302,Breast,3,train
1,1699,Breast,3,train
2,1701,Colon,5,train
2,246,Breast,3,train
1,2284,Ovarian,11,train
3,1351,Colon,5,train
3,1245,Cervix,4,train
2,112,Breast,3,train
2,2177,Pancreatic,12,train
3,1787,Colon,5,test
1,448,Breast,3,train
3,968,Uterus,18,val
2,2150,Ovarian,11,val
3,1412,Adrenal_gland,0,val
1,2381,Prostate,13,train
1,1041,Lung,10,train
1,1579,Bile-duct,1,train
3,2405,Skin,14,train
1,224,Breast,3,train
2,2493,Colon,5,train
2,2168,Pancreatic,12,train
3,187,Breast,3,train
3,1764,Colon,5,train
1,1932,Colon,5,train
2,495,Breast,3,train
2,585,Breast,3,train
3,933,Lung,10,train
3,1288,Testis,16,val
1,471,Breast,3,train
2,2467,Colon,5,train
1,863,Colon,5,train
3,1095,Adrenal_gland,0,train
1,1880,Colon,5,train
2,1073,Adrenal_gland,0,train
3,2099,HeadNeck,7,train
1,486,Breast,3,train
2,1593,Colon,5,train
3,932,Lung,10,train
2,1737,Colon,5,train
2,776,Lung,10,train
2,1398,Adrenal_gland,0,train
1,2563,Thyroid,17,test
1,939,Prostate,13,val
2,1402,Bile-duct,1,test
3,348,Breast,3,train
1,253,Breast,3,train
1,320,Breast,3,train
3,2417,Stomach,15,train
2,1525,Breast,3,train
3,2486,Thyroid,17,val
2,894,Pancreatic,12,train
3,681,Breast,3,train
2,2313,Skin,14,val
1,295,Breast,3,train
3,691,Breast,3,train
1,338,Breast,3,train
2,1644,Colon,5,train
2,1283,Bile-duct,1,train
3,1414,Adrenal_gland,0,test
1,2251,Liver,9,train
1,2125,HeadNeck,7,train
3,1199,Adrenal_gland,0,train
1,1223,Esophagus,6,train
2,1572,Cervix,4,train
2,2421,Thyroid,17,val
3,425,Breast,3,train
1,2498,Stomach,15,val
2,361,Breast,3,train
1,240,Breast,3,train
2,1121,Adrenal_gland,0,train
2,600,Breast,3,train
1,1484,Colon,5,train
1,2216,Liver,9,train
2,335,Breast,3,train
1,1567,Adrenal_gland,0,train
1,313,Breast,3,train
1,2552,Thyroid,17,val
1,1872,Colon,5,train
1,1500,Colon,5,train
2,1346,Adrenal_gland,0,train
2,538,Breast,3,train
1,2084,Esophagus,6,train
1,1137,Esophagus,6,train
2,113,Breast,3,train
2,1410,Bile-duct,1,test
2,609,Breast,3,train
1,1807,Cervix,4,train
3,981,Uterus,18,train
1,2405,Prostate,13,train
3,1024,Cervix,4,train
3,623,Breast,3,train
2,701,Colon,5,train
2,2295,Skin,14,train
1,1843,Colon,5,train
1,2063,Esophagus,6,train
3,1145,Adrenal_gland,0,train
1,980,Esophagus,6,train
2,2444,Colon,5,train
3,1997,HeadNeck,7,train
3,976,Uterus,18,train
1,2641,Colon,5,train
3,925,Esophagus,6,test
3,216,Breast,3,train
3,1176,Esophagus,6,train
3,982,Uterus,18,train
3,1559,Bladder,2,val
2,1561,Cervix,4,val
3,1139,Adrenal_gland,0,train
1,858,Colon,5,train
1,252,Breast,3,train
1,2338,Pancreatic,12,train
3,210,Breast,3,train
1,356,Breast,3,train
1,167,Breast,3,train
3,1332,Bile-duct,1,train
3,2195,Liver,9,train
3,8,Breast,3,train
2,464,Breast,3,train
3,1966,Esophagus,6,val
3,2047,HeadNeck,7,val
3,1029,Cervix,4,train
3,1105,Adrenal_gland,0,train
3,2033,HeadNeck,7,train
3,322,Breast,3,train
1,127,Breast,3,train
3,1158,Esophagus,6,train
1,1929,Colon,5,train
3,405,Breast,3,train
2,808,Kidney,8,train
1,2034,Colon,5,train
3,1236,Cervix,4,test
3,1993,HeadNeck,7,train
3,260,Breast,3,train
1,1716,Breast,3,train
2,2139,Ovarian,11,train
2,348,Breast,3,train
1,1849,Colon,5,train
3,371,Breast,3,train
1,327,Breast,3,train
2,2012,HeadNeck,7,val
3,2125,HeadNeck,7,val
1,516,Breast,3,val
2,1336,Adrenal_gland,0,test
1,1774,Cervix,4,train
3,30,Breast,3,train
2,2479,Colon,5,train
2,1230,Testis,16,val
3,530,Breast,3,train
3,2661,Colon,5,train
1,2156,HeadNeck,7,train
1,838,Colon,5,train
3,2018,HeadNeck,7,train
1,215,Breast,3,train
3,2598,Uterus,18,test
3,185,Breast,3,train
1,1387,Bile-duct,1,train
1,534,Breast,3,train
1,2353,Pancreatic,12,train
1,339,Breast,3,train
2,1223,Testis,16,train
1,654,Breast,3,train
1,396,Breast,3,train
3,2042,HeadNeck,7,train
1,17,Breast,3,train
1,1350,Cervix,4,test
2,1464,Bladder,2,train
3,1974,Esophagus,6,train
1,962,Stomach,15,test
2,2505,Colon,5,train
1,511,Breast,3,train
1,869,Lung,10,val
1,1031,Lung,10,val
2,598,Breast,3,train
2,513,Breast,3,train
2,1993,HeadNeck,7,train
1,324,Breast,3,train
1,19,Breast,3,train
3,1107,Adrenal_gland,0,train
3,2250,Liver,9,train
3,31,Breast,3,train
2,262,Breast,3,train
3,61,Breast,3,train
2,2281,Skin,14,val
1,1753,Cervix,4,test
3,1298,Testis,16,train
3,50,Breast,3,train
2,447,Breast,3,train
1,2460,Skin,14,val
1,540,Breast,3,train
1,492,Breast,3,train
3,1387,Colon,5,train
3,2039,HeadNeck,7,train
1,2328,Pancreatic,12,train
3,2488,Thyroid,17,train
3,107,Breast,3,train
3,2578,Uterus,18,test
2,1088,Esophagus,6,train
3,857,Breast,3,train
1,1619,Bile-duct,1,train
2,1857,HeadNeck,7,train
1,549,Breast,3,train
3,1677,Cervix,4,train
3,1783,Colon,5,train
3,2626,Uterus,18,train
1,2528,Testis,16,train
2,606,Breast,3,train
1,1955,Colon,5,train
3,1965,Esophagus,6,test
3,1601,Bladder,2,train
2,903,Lung,10,train
1,1917,Colon,5,train
1,756,Colon,5,train
1,2521,Testis,16,train
1,1331,Cervix,4,test
3,2461,Testis,16,test
3,773,Colon,5,train
3,1711,Colon,5,train
3,2332,Pancreatic,12,test
2,1514,Breast,3,test
3,148,Breast,3,train
2,326,Breast,3,train
3,2423,Stomach,15,val
2,510,Breast,3,train
3,2149,Kidney,8,val
1,130,Breast,3,train
3,2311,Ovarian,11,val
2,732,Colon,5,train
2,192,Breast,3,train
3,1930,Colon,5,train
1,1224,Esophagus,6,test
2,1413,Bile-duct,1,train
1,1729,Breast,3,train
1,58,Breast,3,train
1,233,Breast,3,train
2,982,Thyroid,17,train
1,1755,Cervix,4,test
1,1238,Esophagus,6,train
3,1252,Bile-duct,1,val
2,95,Breast,3,train
1,1964,Colon,5,train
1,1096,Cervix,4,train
2,1037,Adrenal_gland,0,train
2,1621,Colon,5,train
1,1415,Testis,16,test
1,120,Breast,3,train
3,767,Colon,5,train
2,716,Colon,5,train
3,885,Kidney,8,val
3,2547,Uterus,18,test
2,1338,Adrenal_gland,0,train
1,839,Colon,5,train
1,658,Breast,3,train
3,1466,Adrenal_gland,0,train
3,2425,Stomach,15,val
1,1322,Cervix,4,train
2,2205,Pancreatic,12,train
3,974,Uterus,18,train
2,363,Breast,3,train
3,958,Uterus,18,train
1,2522,Testis,16,train
2,884,Esophagus,6,test
1,181,Breast,3,train
3,1133,Adrenal_gland,0,train
1,427,Breast,3,train
2,1032,Adrenal_gland,0,train
1,1885,Colon,5,train
1,124,Breast,3,train
1,1342,Cervix,4,train
2,2025,Kidney,8,val
2,1093,Esophagus,6,val
2,376,Breast,3,train
3,323,Breast,3,train
1,2406,Prostate,13,val
3,2715,Colon,5,train
1,1558,Adrenal_gland,0,train
3,2654,Colon,5,train
1,502,Breast,3,train
1,1093,Cervix,4,train
2,2275,Skin,14,train
3,2575,Uterus,18,val
3,232,Breast,3,train
3,593,Breast,3,train
3,1824,Colon,5,train
1,2614,Colon,5,train
3,1842,Colon,5,val
1,409,Breast,3,train
1,2580,Uterus,18,test
3,136,Breast,3,val
2,1316,Colon,5,train
1,220,Breast,3,train
1,2187,Kidney,8,train
2,1665,Colon,5,train
3,1968,Esophagus,6,train
3,1213,Adrenal_gland,0,val
3,1991,HeadNeck,7,train
3,1780,Colon,5,train
1,1584,Bile-duct,1,train
1,1060,Lung,10,val
3,1862,Colon,5,train
3,127,Breast,3,train
1,1167,Cervix,4,train
1,1992,Colon,5,train
3,1656,Breast,3,train
2,1873,HeadNeck,7,train
3,2536,Uterus,18,train
2,2035,Kidney,8,train
3,333,Breast,3,train
3,1216,Adrenal_gland,0,val
1,624,Breast,3,train
1,1256,Esophagus,6,train
3,1375,Colon,5,train
3,2576,Uterus,18,test
2,2204,Pancreatic,12,val
2,2056,Liver,9,train
2,1979,HeadNeck,7,train
2,1977,HeadNeck,7,train
2,703,Colon,5,train
3,806,Colon,5,train
2,1996,HeadNeck,7,val
3,2308,Ovarian,11,test
1,1142,Esophagus,6,train
3,710,Colon,5,train
3,702,Breast,3,train
3,904,Esophagus,6,train
3,1318,Bile-duct,1,val
3,762,Colon,5,train
3,2386,Skin,14,train
1,1749,Cervix,4,train
3,1467,Adrenal_gland,0,train
3,1089,Cervix,4,val
1,1639,Bile-duct,1,train
1,1172,Adrenal_gland,0,val
3,882,Prostate,13,train
1,270,Breast,3,train
2,1467,Bladder,2,train
1,2241,Liver,9,train
2,282,Breast,3,train
2,1520,Breast,3,train
2,2423,Thyroid,17,train
1,298,Breast,3,train
3,1799,Colon,5,train
3,1409,Adrenal_gland,0,test
2,814,Prostate,13,val
1,112,Breast,3,train
1,0,Breast,3,train
3,2012,HeadNeck,7,train
1,90,Breast,3,train
2,896,Lung,10,val
3,289,Breast,3,train
3,1173,Esophagus,6,train
1,1117,Esophagus,6,val
2,693,Colon,5,train
1,647,Breast,3,train
1,1797,Cervix,4,train
3,828,Lung,10,train
2,2332,Stomach,15,train
1,796,Colon,5,train
2,313,Breast,3,train
3,912,Esophagus,6,train
3,195,Breast,3,train
