epoch,total,prediction,regularizer,variance,covariance,embedding_std,velocity_rms,learning_rate,weight_decay,ema_momentum,seconds,samples_per_second,peak_gpu_memory_gib,prediction_defocus_100_to_075,prediction_defocus_075_to_050,prediction_defocus_050_to_025,prediction_defocus_025_to_000,prediction_resolution_100_to_075,prediction_resolution_075_to_050,prediction_resolution_050_to_025,prediction_resolution_025_to_000
1.0,0.10299710737117679,0.009560045536191173,0.9343706158697869,0.687468418032742,6.172555044502748,0.3127078078823925,0.5634206911760438,3.3333333333333337e-06,0.0400095547404416,0.9960001061637827,16.813283148003393,469.9260656261688,6.0859055519104,0.00861350739452131,0.009106048756939733,0.009398645166307687,0.008319506781143054,0.00967047047145261,0.009819292640756993,0.010081506031469553,0.011377002889588034
2.0,0.0906348999124315,0.007225708864132312,0.834091888139737,0.7054506935902508,3.2160299325529467,0.2943606917963135,0.5614460595513187,6.6666666666666675e-06,0.040038847016218126,0.9960004316335135,12.53702642499411,630.2132365493288,6.0854172706604,0.006179054197808067,0.007432888462624657,0.006478115197609065,0.005928326937371938,0.007190549707350631,0.007961876070742826,0.00789045225402326,0.008659984858748066
3.0,0.08729182584608465,0.005623774576782256,0.8166804956629403,0.7083082330512059,2.709306639910438,0.29150215739570773,0.5635125889550009,1e-05,0.04008787618256704,0.9960009764020286,12.491946720998385,632.4874878563791,6.0854172706604,0.005241982834805587,0.005596973640363543,0.004528714291765768,0.004907915853681053,0.00591688141583728,0.005464080451700672,0.0062324031922451366,0.007186797800232628
4.0,0.0849388566440064,0.004781873852456334,0.8015698093113274,0.7107763845488144,2.269835648997164,0.2890374223622562,0.5782576390058689,1.3333333333333335e-05,0.040156636862309636,0.9960017404095812,12.705742189995362,621.844822746469,6.0854172706604,0.0037441083231915147,0.0042283826553608074,0.003793006187490144,0.004012944280486746,0.00490324384091716,0.005606045523985368,0.005248854787582541,0.006721005078913481
5.0,0.08286716707249772,0.004237402045438975,0.7862976316846846,0.7086813650452899,1.94040674394391,0.29113835491284346,0.5830486201210997,1.6666666666666667e-05,0.040245121514251525,0.9960027235723806,12.476499390002573,633.270579593109,6.0854172706604,0.00312491753558499,0.0035582131670322727,0.0033827762558497855,0.003340561317398827,0.004691598219290105,0.004740300371562003,0.004721913147741927,0.006329170056438494
6.0,0.08193878221815107,0.00426360154055307,0.7767517971488558,0.7038252089856742,1.8231647581469332,0.295999852928417,0.5910586864491714,2e-05,0.04035332043401019,0.9960039257826001,12.498390445995028,632.1613998330312,6.0854172706604,0.003371856288479166,0.003742846951108693,0.003429754916850054,0.0034107530661270707,0.004754694261836575,0.0047125062428007075,0.0044396399980861185,0.00626874020950279
7.0,0.08089504069771862,0.004330082487389436,0.7656495727824042,0.6961243095586246,1.7381316762742416,0.30370677256037987,0.6089507143582864,2.3333333333333332e-05,0.04048122175507879,0.9960053469083897,12.824238036002498,616.0989820852434,6.0854172706604,0.003395678130496899,0.0037180318792055657,0.0033648253277758695,0.0032321736386563423,0.00486330931045184,0.004675909132131307,0.004860800712262813,0.006532777491726993
8.0,0.07983624858579187,0.004550347627086242,0.7528589949428606,0.685266546155362,1.6898112440091146,0.314571622077792,0.6313931707143331,2.666666666666667e-05,0.040628811450127866,0.9960069867938903,12.692327652999666,622.5020513185934,6.0854172706604,0.003447606914381885,0.003908892287849792,0.0036638708842458047,0.003505515275479396,0.005295892894313328,0.005135815613404691,0.004844678133161569,0.00656221648416366
9.0,0.0789397223876739,0.004736395884098252,0.7420332534617071,0.6728065679185286,1.73066707659848,0.3270380448810723,0.6381055591996901,3e-05,0.040796073332543814,0.9960088452592505,12.794534397995449,617.5293101121264,6.0854172706604,0.0038085091454179393,0.003932530981579904,0.003659973309379116,0.003619757521495656,0.005503979035509546,0.005260147768851431,0.005111322688238758,0.006846588663571878
10.0,0.07829618142226304,0.0051038360735100935,0.7319234410972025,0.6589719746297197,1.8237866740666708,0.3408789575258368,0.6355916352426534,3.3333333333333335e-05,0.04098298905820391,0.9960109221006467,12.431070108010317,635.5848636803008,6.0854172706604,0.004180452986023365,0.004324632958501331,0.003919584084634144,0.0036895077926507266,0.006085382956016598,0.0058222913120816325,0.0054582300406583115,0.007287975103880704
11.0,0.07755646881042833,0.005875440778894664,0.716810262937996,0.6403569645435655,1.9113325605421425,0.35950195849688654,0.6539764165455836,3.6666666666666666e-05,0.04118953812748827,0.9960132170903054,12.425060138004483,635.8922944632873,6.0854172706604,0.004993416516161255,0.005238825105066992,0.004633740670979023,0.004479318274755965,0.006878442809059115,0.006491034472775128,0.006087724357046217,0.008060912118537657
12.0,0.0764983660455309,0.006025190015227157,0.7047317508141793,0.6236513600275797,2.027009797660539,0.37621390555134576,0.6667354628264549,4e-05,0.04141569788752825,0.9960157299765281,12.796233703003963,617.4473039004603,6.0854172706604,0.005229301915010985,0.0053303683653655575,0.004611028049517971,0.00454645630615045,0.0070288216123696075,0.006565070926282273,0.006459306427881918,0.008200614497656975
13.0,0.07562801276482504,0.006094656679333728,0.6953335488888149,0.6092487023368905,2.152121223840302,0.39062171180917254,0.6738240359071206,4.3333333333333334e-05,0.04166144353469042,0.9960184604837188,12.524320830008946,630.8525713481229,6.0854172706604,0.005179128223257457,0.005485533672805515,0.004744691788632437,0.0044827650262471265,0.007492685901280207,0.006969058757308144,0.006337588213808168,0.008223405817160296
14.0,0.07513776528293642,0.0063154040159790325,0.6882235944806707,0.5965341343908065,2.292236561413702,0.4033404344879303,0.6749749934880013,4.6666666666666665e-05,0.04192674811729752,0.9960214083124144,12.50623557298968,631.7648467348696,6.0854172706604,0.005409329637326667,0.005622822336946314,0.005026264800763255,0.004557502649954913,0.007614593145094419,0.00716770320939712,0.00681316264026769,0.008334478951398806
15.0,0.07481531813833144,0.006535002125320805,0.6828031515323758,0.5868330910271926,2.399251601195399,0.4130445624994124,0.6604069162585919,5e-05,0.04221158253858376,0.9960245731393176,12.310967205005,641.7854802495018,6.0854172706604,0.005636480841653566,0.005813647815470399,0.004919520786851351,0.004659506761805808,0.008093706023031519,0.00723084380630479,0.006919203452357785,0.009044638384253748
16.0,0.07543604252531082,0.007437691491494683,0.6799834948554098,0.5818653746943371,2.452953008862481,0.4180138729113806,0.6419695576539961,5.333333333333334e-05,0.04251591555988615,0.9960279546173321,12.81495007200283,616.545515636579,6.0854172706604,0.006219597725642596,0.006935301857690017,0.005698925950378904,0.0055150789449472945,0.009431136829440068,0.008102199991247547,0.007903250055751924,0.009829525522251225
17.0,0.076606378126161,0.00813691103810895,0.6846946590445552,0.5895252673328112,2.3792348624090502,0.41035167097200426,0.7089238247906403,5.666666666666667e-05,0.042839713804070534,0.9960315523756008,12.635395429999335,625.3069042256651,6.0854172706604,0.007313483546079674,0.00744597557987962,0.006487613701583999,0.005785393420962001,0.010044736317699405,0.00929328700443382,0.008327528167126784,0.010362772010420084
18.0,0.07454086895789275,0.006971651481113476,0.675692167535279,0.5738298959587815,2.546556748946759,0.4260518406896769,0.5744156112868248,6e-05,0.043182941759192184,0.9960353660195466,12.844159283995396,615.1434146293349,6.0854172706604,0.006081111058967198,0.006139200158747546,0.004955115292541295,0.004651618882193478,0.009210588117984048,0.008088823183839352,0.007333031583462256,0.009220980586536438
19.0,0.0751853596955187,0.007933637892164704,0.6725172098641636,0.5701141526858696,2.560076495391359,0.42976867762596876,0.546507315973046,6.333333333333333e-05,0.04354556178239066,0.9960393951309154,12.591307523995056,627.4963886747416,6.0854172706604,0.0069248674842326535,0.007017461241502591,0.005814374364188567,0.005316379487792734,0.010330286899547226,0.009196115795095435,0.008425380123656977,0.010189391591224556
20.0,0.07486512654266121,0.00800134070875818,0.6686378438824899,0.5655300439935502,2.5776950753560444,0.43435409875583564,0.5182925124377212,6.666666666666667e-05,0.04392753410401784,0.9960436392678225,12.797710615996039,617.3760477225067,6.0854172706604,0.006923278096394661,0.007121082541555905,0.005838036754786378,0.005200386914024082,0.01096893011884615,0.00908137730431157,0.008311794576123048,0.010403666588210476
21.0,0.07518628768084426,0.00860584509231168,0.6658044096986306,0.5605677802899777,2.6309158137864275,0.4393176386407954,0.5100727152928508,7.000000000000001e-05,0.044328816831999796,0.9960480979648,12.762313075989368,619.0884013701798,6.0854172706604,0.007860320249408212,0.007749209872996196,0.00609986274689436,0.005675788026906634,0.011583587989724916,0.010114741822083792,0.00878694841691864,0.010739417338865043
22.0,0.07520332717564329,0.008996428349894024,0.6620689736048099,0.5575167354851218,2.613806074049756,0.4423694842345442,0.498101903304105,7.333333333333333e-05,0.044749365956431364,0.9960527707328493,12.245267106991378,645.2288815724535,6.0854172706604,0.008360710097042348,0.008233686553208323,0.006149755695658008,0.005738130813220559,0.012237433781565138,0.01044759271569936,0.00938112290744693,0.010941793025982461
23.0,0.07474220264031153,0.008979435689740732,0.6576276590682,0.551067915940161,2.6639934933165965,0.44881996798705426,0.5004019024945138,7.666666666666667e-05,0.045189135354402554,0.9960576570594933,12.37306338000053,638.5645783380495,6.0854172706604,0.00815219246597591,0.008233125727143019,0.0061277035070029465,0.0055375629177330235,0.01294519824415415,0.010938469578260146,0.009342347646540985,0.010838067245557212
24.0,0.07541721162275791,0.010218795189258419,0.6519841484187027,0.5446462621871104,2.6834472297882828,0.4552431788162074,0.5295256345487217,8e-05,0.045648076795057335,0.996062756408834,12.518361069000093,631.1529086316004,6.0854172706604,0.009698167134671521,0.009444025657991703,0.00714180053684724,0.006378690076550258,0.014251392036676407,0.012251410008770005,0.010771021599353633,0.01180413986751601
25.0,0.07561512221084216,0.01078656891912765,0.6482855148925584,0.5411852486389164,2.677506767304815,0.4587050077206363,0.5238916608158991,8.333333333333333e-05,0.04612613994488268,0.9960680682216098,12.285487169006956,643.1165399718246,6.0854172706604,0.010220733094722666,0.010094979996742406,0.007432912408394456,0.006893515170730175,0.01523019285950106,0.0126910160961744,0.010984440098067844,0.012954179490465791
26.0,0.07459047645775521,0.01060776942059607,0.6398270621116878,0.5298211198111996,2.7501486856836923,0.47007182756114224,0.5545283361954442,8.666666666666667e-05,0.04662327237322972,0.9960735919152581,12.675204340004711,623.343007975291,6.0854172706604,0.010055347636100734,0.009889009499034299,0.006975458914991487,0.006323795351302457,0.015955392219815068,0.012611086473832677,0.0109589990889775,0.012461648349785925
27.0,0.07727556496221134,0.013543470455136741,0.6373209374009198,0.527016629638317,2.7576077848337164,0.47287690370177304,0.5675420708678037,9e-05,0.047139419558062945,0.9960793268839785,12.64282918900426,624.9392348724974,6.0854172706604,0.013422034409245834,0.01282656905087796,0.009801110973439928,0.008119485184217805,0.019527882951418232,0.016138740103464933,0.013550426488492025,0.014799342486900067
28.0,0.07639393694448918,0.013126888363438834,0.6326704696226295,0.5230358819722556,2.7408647069809122,0.47685858059225167,0.5330157042636009,9.333333333333333e-05,0.04767452489194052,0.9960852724987993,12.672948918989277,623.4539451319858,6.0854172706604,0.012865998876753763,0.012308765907446152,0.008920354545432461,0.007753615410928211,0.019185450090342622,0.01596631062246487,0.013332265985392383,0.014488991080637437
29.0,0.07468020741154371,0.012171206598609418,0.6250899991511152,0.5101905351137153,2.8724867270394467,0.4897067089493313,0.5742441727275894,9.666666666666668e-05,0.04822852968822233,0.996091428107647,12.418475369995576,636.2294697696707,6.0854172706604,0.01176091833445041,0.01122805279770975,0.007639738553871027,0.006488584588703031,0.018881387220899767,0.015046361788008058,0.012439083300575348,0.013452650381709045
30.0,0.0771402609757933,0.014881243305241907,0.6225901710928249,0.5083724158562493,2.8554439705816224,0.4915252055582887,0.5694675156925618,0.0001,0.048801373187506436,0.9960977930354168,12.348343700010446,639.8428965006308,6.0854172706604,0.014975433387817481,0.014430677872305075,0.010074646711939632,0.00852265176532182,0.022607800599775817,0.017384173186896352,0.014757334961868915,0.015891503873714023
31.0,0.0769884592359948,0.014855638830894843,0.6213281962437323,0.5073578302927552,2.84925931357927,0.49253998602693433,0.5209879774622428,9.999675607461392e-05,0.04939299256429247,0.9961043665840477,9.368546546989819,843.3538714218854,6.0854172706604,0.01531380082819358,0.014126340826798199,0.009646577708423138,0.00813954919807313,0.02304132309159622,0.018126392337892736,0.014505885840382106,0.015528162805403948
32.0,0.07844928618477592,0.016707950610553836,0.617413346412257,0.5012782342357585,2.903377773731272,0.4986208231105727,0.5645998461142988,9.998681115190574e-05,0.050003322933872385,0.9961111480325986,7.914720560002024,998.2664504832472,6.0854172706604,0.017790121810310512,0.016269324763821875,0.010890463508890866,0.008963336467185288,0.02570941239934076,0.02004251773079553,0.016449316097027343,0.01649265111012011
33.0,0.07751857700483389,0.015723971699511473,0.6179460503152466,0.5057496318348208,2.8049105300946775,0.49414853879340526,0.5150583066633722,9.997016570662151e-05,0.050632297359445966,0.9961181366373272,9.115753096994013,866.7413340325567,6.0854172706604,0.016261335768417748,0.015360886238575462,0.009533425289634112,0.008064289212136283,0.026134480789653143,0.01981783814462726,0.015365742366548961,0.015756629307449664
34.0,0.07598116929403453,0.014734972018921561,0.6124619630948906,0.4948242132218031,2.9409438885098664,0.5050761835391937,0.5015481792738311,9.994682199255739e-05,0.05127984685946252,0.9961253316317717,12.288527317999979,642.9574346493725,6.0854172706604,0.015755370803015707,0.014040470844547608,0.008137016669305832,0.006622811929159558,0.025434080942680962,0.019203717730336876,0.014475517043140873,0.014136358473427185
35.0,0.07589334542955602,0.01496378204035255,0.6092956293053211,0.49022274099713775,2.9768223527141378,0.5096785688216197,0.48568532178257406,9.991678317045618e-05,0.051945900415185986,0.9961327322268354,12.645797540986678,624.7925426918966,6.0854172706604,0.016278504547799853,0.014309801492262688,0.007839175628193267,0.006330518000461954,0.027208501908415283,0.019250074059056172,0.014422418956083618,0.014742829829394337
36.0,0.0778510321953405,0.01696561462352086,0.6088541653952618,0.4913102398264515,2.9385981895609485,0.5085908688709504,0.462575877483035,9.988005330757945e-05,0.05263038497848388,0.9961403376108721,12.729080097007682,620.7047123426732,6.0854172706604,0.019038379192352295,0.016521948535105347,0.009112283529530925,0.007347096004084738,0.03072998713104175,0.02160375088601563,0.0163506270426446,0.016013460168287384
37.0,0.07895866731400279,0.0181364404696982,0.608222260737386,0.4893741037268953,2.971204034377768,0.5105273814657613,0.4339415777402503,9.983663737715682e-05,0.05333322547983865,0.9961481469497759,12.398918883001897,637.2329776938658,6.0854172706604,0.020485668155947344,0.017405348730373096,0.009514282047269429,0.007162829524786429,0.03340039264897976,0.023432630042898632,0.016906525142750338,0.016320654654821742
38.0,0.0788727860660617,0.018259488671373045,0.6061329707708891,0.4881222533502242,2.9502681074467145,0.5117795045293444,0.41131393941289757,9.978654125771261e-05,0.054054344836581,0.9961561593870731,12.50435279100202,631.8599716480699,6.0854172706604,0.020821293200080717,0.01722813846882928,0.009015089234738182,0.006886961301228565,0.03436467718812349,0.024066901216084076,0.01707441604149306,0.01621880352377413
39.0,0.07931547744442219,0.018772370842190095,0.6054310569912855,0.48617950084088435,2.9812889468170485,0.513722641877533,0.40426395394246556,9.972977173226982e-05,0.054793663961343386,0.9961643740440149,12.45130226200854,634.5521001532154,6.0854172706604,0.021372724049117255,0.01770263242768816,0.008945478684446107,0.006664825417874265,0.03586178786770795,0.024912985621905716,0.017676675725528307,0.01634687245957546
40.0,0.08046943019642255,0.020115680380837175,0.6035374951821281,0.48475629858103997,2.9695300499467425,0.5151461231725123,0.39823572309149047,9.96663364874318e-05,0.05555110177073408,0.9961727900196748,12.954992681989097,609.880699584223,6.0854172706604,0.023271498871155274,0.01952084867391458,0.00969183079086908,0.006918806107859538,0.03918689012992219,0.025711820139393535,0.01845960002160666,0.017170694497803014
41.0,0.08258694762531647,0.022241563306018803,0.603453837305877,0.48430030627079274,2.978838327881234,0.5156021785349835,0.4084485833357594,9.959624411234136e-05,0.05632657519422973,0.996181406391047,12.401100674003828,637.1208659375457,6.0854172706604,0.027084027742542396,0.021574004847779233,0.010880496814846992,0.007925830823748965,0.04223876375282926,0.02921365625742409,0.019930241775120237,0.018296702035667863
42.0,0.08640299850141017,0.025960494300786445,0.6044250337055492,0.4861558312299116,2.9567300680392514,0.5137462587450716,0.4382859923359473,9.951950409751795e-05,0.05711999918328603,0.9961902222131476,12.379543982999166,638.230294334787,6.0854172706604,0.031252376055137136,0.025686788047111133,0.013729659131532913,0.010269579618952378,0.047189773794150715,0.03281171229552938,0.023764686486323242,0.020725623177074163
43.0,0.08168578143833317,0.021591653344840842,0.6009412687227041,0.48163365073753844,2.9826904853195075,0.5182693619439005,0.42638924443681037,9.94361268335725e-05,0.057931286720665054,0.9961992365191185,12.648188879000372,624.6744158855763,6.0854172706604,0.025961249529240366,0.020911878500614437,0.00913887396167144,0.006196558890673648,0.045376285439723614,0.029906292100372555,0.019159851414037914,0.016986412114403195
44.0,0.08482709280989047,0.02482804013143882,0.5999905120917565,0.47990376632691273,3.00216864012658,0.5199995363245975,0.45995722377455667,9.93461236098006e-05,0.05876034882997905,0.9962084483203331,12.653889054010506,624.3930199068616,6.0854172706604,0.030893714955219857,0.024729741825600445,0.011126834669038263,0.007765383772628824,0.04948865586205533,0.03363166317431884,0.022133595627540248,0.01859642773138287
45.0,0.08548422366637186,0.025647816862715316,0.5983640598943001,0.47926590898613014,2.977453785476134,0.5206374883681909,0.47024323956572,9.924950661265395e-05,0.059607094585448384,0.996217856606505,12.720172646004357,621.139368142291,6.0854172706604,0.03225148889673034,0.025584683381204898,0.011530191301417775,0.008285932219091883,0.05235799666784362,0.03432633658904705,0.02259676771354321,0.019875264065640587
46.0,0.08403985253139744,0.02472351837623664,0.5931633362406764,0.47271097263132916,3.011309138069785,0.5271936663870962,0.5022971906808038,9.914628892409025e-05,0.060471431121873864,0.9962274603457986,12.550252820001333,629.5490707094107,6.0854172706604,0.03137380439742857,0.024882173252130862,0.009796068332980743,0.006594492499539274,0.05304989985147774,0.03394567898256862,0.021896305121294594,0.018319059286884327
47.0,0.08835986800140073,0.02898928894461099,0.5937057873249476,0.47178775477961576,3.0479509131001032,0.5281170182945668,0.5189289704423481,9.903648451980193e-05,0.061353263644821576,0.9962372584849425,12.23937821200525,645.5393291343951,6.0854172706604,0.036722113140698134,0.029162974713684675,0.012530439448446068,0.008214064040665211,0.05963967585539106,0.03907915539966351,0.02490080620222424,0.02064949539279251
48.0,0.0876137519837814,0.02849111437855069,0.5912263682561197,0.46896572514978063,3.0565160860397924,0.5309395649405676,0.5165635378221035,9.892010826732384e-05,0.06225249544101896,0.9962472499493447,12.868110695999349,613.9984483080639,6.0854172706604,0.03625204293572124,0.02816678930826375,0.01118336054610043,0.007454759803022449,0.06027157787373242,0.039468546435009084,0.024386921245697607,0.020002430147794355
49.0,0.09377481584616242,0.03424643567158457,0.5952837930994839,0.47550248532427397,2.9945326931430425,0.524401576349123,0.52886396721939,9.879717592402022e-05,0.06316902788896223,0.9962574336432107,12.635287048004102,625.3122679352235,6.0854172706604,0.043730175689510674,0.03483312723953259,0.01568945580226207,0.011130526623228774,0.06763907246631286,0.0461916019987376,0.029566279788377507,0.024239452084102837
50.0,0.0895047072797859,0.03037622213903982,0.5912848494050171,0.4714886163204716,2.9949059169242056,0.5284162299902495,0.4951107153755519,9.86677041349511e-05,0.0641027604697319,0.9962678084496637,12.373381994999363,638.548135278871,6.0854172706604,0.038352710833916295,0.03132526136257432,0.01146355210111873,0.007476754031033096,0.06501458315124288,0.04113659757892996,0.025752053692689576,0.02068445147362379
51.0,0.09077778038209397,0.031939796691788945,0.5883798291450542,0.4641662415198594,3.1053397551984245,0.5357399025290484,0.5431891842712829,9.853171043061849e-05,0.06505359077801737,0.9962783732308669,13.011906159998034,607.2131095050254,6.0854172706604,0.04236374997742391,0.032942957921415314,0.011651102803647518,0.007375713064882162,0.06732303667538271,0.04524824543604775,0.026400899782838154,0.021011583889142062
52.0,0.09423454159415985,0.03539748015484543,0.5883706097074165,0.46640220686553807,3.0492101105507863,0.53350347868175,0.5387220962668292,9.838921322459295e-05,0.06602141453334798,0.9962891268281483,12.637726349988952,625.191571742405,6.0854172706604,0.046510620424278365,0.037130331878012755,0.01353164547054064,0.008885178641414197,0.07212704346712792,0.04858451390052697,0.029650561015894524,0.022866221373794387
53.0,0.09311475797425854,0.03462400037119651,0.5849075688318186,0.4619008705006749,3.075167549786545,0.5380056628606362,0.5585121915183812,9.824023181102019e-05,0.06700612559152952,0.9963000680621281,12.817005928998697,616.4466212911591,6.0854172706604,0.04473507864202909,0.03733516505528842,0.012386386257571142,0.0077748160088376315,0.07492851913279107,0.05040323231330208,0.028779873170140313,0.022153911406656783
54.0,0.09728158462531898,0.038628336834750615,0.5865324653638886,0.4650179168353004,3.037863640917387,0.5348880414253036,0.5551612873029715,9.808478636200873e-05,0.06800761595628568,0.9963111957328477,12.395336389003205,637.4171504542261,6.0854172706604,0.05045856561886489,0.042500083380724085,0.014864210776633618,0.009611274229036165,0.07888198174928364,0.055261786343783315,0.03230117103757597,0.02432920239000845
55.0,0.09760251063407939,0.039021113729242315,0.58581396710675,0.46414133342455166,3.0418158233535393,0.5357647623808802,0.5593118770577277,9.79228979248986e-05,0.06902577579110236,0.9963225086199011,12.693270503004896,622.455812166737,6.0854172706604,0.05184946699103807,0.04319702004986242,0.01474155246094604,0.009552077822228696,0.0816342567939514,0.05605249656374219,0.032782075409548306,0.025102754559127555
56.0,0.09717833249723741,0.03900106171651243,0.5817726993693564,0.4592843982422296,3.0622075518359564,0.540622557119363,0.58036553846886,9.775458841941145e-05,0.07006049343127341,0.9963340054825697,12.455258332003723,634.3505521437818,6.0854172706604,0.05199669726826402,0.04420031525414704,0.01348981054172108,0.008412509574321563,0.08255090064880825,0.057698150327549644,0.03302740901260223,0.024121292047764187
57.0,0.10406194929513972,0.04561357180625785,0.5844837676466395,0.4601127814302081,3.109274676563981,0.5397939960378104,0.5967541885532891,9.757988063468275e-05,0.07111165539614772,0.9963456850599572,12.727040979996673,620.8041611886179,6.0854172706604,0.06095885144078673,0.051017766113166926,0.017205869174080263,0.010932135941653416,0.09173017642033947,0.06582197435712533,0.03759673457240584,0.027527942057744958
58.0,0.10166508587021388,0.04335968066447748,0.5830540402284711,0.46117766279387273,3.0469094941984505,0.538728951683619,0.5743724774475445,9.739879822617599e-05,0.07217914640157447,0.9963575460711286,12.646390800990048,624.763232793775,6.0854172706604,0.05821932260714584,0.048047903047993855,0.013717234513918895,0.008353820775049784,0.090689758036999,0.06612096363858953,0.03531037097200677,0.025066050824271626
59.0,0.1029318926428982,0.04479759067029172,0.5813430135815283,0.4584860411788403,3.0714243785774626,0.5414210334863411,0.5865754425156012,9.721136571247983e-05,0.07326284937254723,0.9963695872152505,12.683104602998355,622.9547297222606,6.0854172706604,0.06012727851453035,0.05002940861864534,0.01379815722827004,0.00825398249543925,0.09265904797730691,0.06971108443180069,0.036872983986056346,0.025715850345427844
60.0,0.10666119316992405,0.048598340589545104,0.5806285233124044,0.4572526341283673,3.0843973223460868,0.5426546557691033,0.6067593673213707,9.701760847198826e-05,0.0743626454560436,0.9963818071717339,12.684638481994625,622.8793994574759,6.0854172706604,0.0656775923875662,0.05682171290078439,0.01609673202037811,0.009481598459994856,0.09811760795976218,0.07272347416985905,0.03961225467660615,0.027510214966091122
61.0,0.1075713468034001,0.049602364153028246,0.579689817615075,0.45672044764137193,3.0742342422286435,0.5431869347975716,0.602771743522869,9.681755273946427e-05,0.07547841403406019,0.9963942046003784,12.984168823997607,608.5102640838442,6.0854172706604,0.06946978827498725,0.05721851215403304,0.015543479084968568,0.008794348856090145,0.09961024880996479,0.07794123485920922,0.039457024830113714,0.027316050842786446
62.0,0.11131983184087217,0.053488800054848185,0.5783103120551805,0.4551851716453162,3.0781285568153294,0.5447224342676676,0.617569183257694,9.661122560248782e-05,0.07661003273684125,0.9964067781415205,12.685425203992054,622.8407698555967,6.0854172706604,0.07513872874073277,0.06263095582646083,0.01695807456845909,0.009737873620309105,0.10464867543090474,0.08175643999500579,0.042887453716999833,0.028410914704737337
63.0,0.11180922115751346,0.05408237513059031,0.5772684519841028,0.45515444596769417,3.052850215408775,0.5447532070722629,0.6301631745756796,9.639865499778804e-05,0.07775737745629946,0.9964195264161811,12.718564651993802,621.2178981031019,6.0854172706604,0.07489748206549512,0.06488633312044605,0.016825725313664403,0.009401302712968539,0.1105643496843896,0.0866394054839696,0.04315294051255152,0.028791813381685193
64.0,0.11388634229940547,0.05632747551799952,0.5755886648624943,0.45298172247031115,3.0651735668619318,0.5469262732114841,0.6422342493886842,9.617986970746067e-05,0.07892032235962687,0.9964324480262181,12.762206595012685,619.0935667102908,6.0854172706604,0.07904927747019179,0.06873498166057516,0.01672483340919954,0.009297859407577318,0.11097766154690793,0.09040142633976081,0.04433268435973966,0.028735427591805546
65.0,0.115460616606102,0.05789372120832902,0.5756689401959003,0.45382519565176593,3.0460936289288667,0.5460826389217147,0.6522884901800181,9.595489935507091e-05,0.0800987399030959,0.9964455415544788,12.672805134003283,623.4610188079258,6.0854172706604,0.08425912596172112,0.07041831930909906,0.01754329423374208,0.009819116173906529,0.11650383345218199,0.09309267541680655,0.04588379827825251,0.029960446360130465
66.0,0.11655216434080078,0.05920474116480995,0.573474228336847,0.45231360577658875,3.029015638665027,0.5475945151722774,0.6631289792881633,9.572377440164241e-05,0.08129250084604694,0.996458805564956,12.648395197000355,624.6642263260221,6.0854172706604,0.08716079912446288,0.07359342327349297,0.01745582307508782,0.009394815143100723,0.11815814213088924,0.09609397560802858,0.04715325830573423,0.02993377438142671
67.0,0.11907201563500254,0.06197726669103763,0.5709474809244304,0.4453964215292989,3.1387765240690375,0.5545128418997622,0.6848952883467646,9.548652614153283e-05,0.08250147426506282,0.9964722386029451,12.559890525997616,629.0659925455388,6.0854172706604,0.09072136878967285,0.0753308770420787,0.016964374567279224,0.008753682246798192,0.12252873360312685,0.10037195085308172,0.04741020724548036,0.029767272863613727
68.0,0.12147249196159916,0.06448577889749904,0.5698671209074367,0.4455727916807332,3.107358258489626,0.5543364376421895,0.6991295223673029,9.524318669819665e-05,0.08372552756832763,0.9964858391952036,12.569509249995463,628.5846044468962,6.0854172706604,0.09512695481429748,0.07772636243275234,0.0180426703120087,0.009429340200474017,0.12714383232557303,0.10578556314763916,0.049573030749917146,0.030829105840389986
69.0,0.12422429831054238,0.067122702511213,0.5710159490612726,0.44709591361001055,3.0980010053173315,0.552813037552874,0.7021363888748264,9.49937890198355e-05,0.08496452651016828,0.996499605850113,12.814851415998419,616.5502621541261,6.0854172706604,0.10026705576025921,0.08148463925474109,0.01930331969671404,0.010228916616237016,0.12994234198857926,0.11058314791956886,0.05214538865132076,0.03235595785044393
70.0,0.12465170297595825,0.06775621457032245,0.5689548804569571,0.442734075726444,3.155520217416558,0.557175605474522,0.7153693858905165,9.47383668749371e-05,0.08621833520577787,0.996513537057842,12.718158568997751,621.2377332092531,6.0854172706604,0.10054265089524098,0.08582414563529747,0.018905318919384833,0.009761111534784496,0.13075970761027716,0.10876849161449974,0.05215497240733309,0.03165785832838579
71.0,0.12785797077045458,0.0708730998150217,0.5698486893422361,0.44422561020024925,3.1405770216481836,0.5556838307451891,0.7303286751317549,9.447695484770295e-05,0.08748681614611836,0.9965276312905125,12.624090945988428,625.8668472687699,6.0854172706604,0.10958428126821161,0.08796067446724981,0.020169550225138663,0.010308734665099066,0.13460456502848658,0.11633402818725222,0.05365927545008836,0.032814221122325994
72.0,0.1298114991787038,0.07290799765383317,0.5690350003249132,0.4431931547780019,3.146046275957342,0.5567164142634835,0.742260027589594,9.42095883333656e-05,0.08876983021300178,0.9965418870023667,12.47964482200041,633.1109669140022,6.0854172706604,0.11252262432725144,0.0907518543242439,0.019890033959472267,0.010210902693443264,0.13716994034069957,0.11728248570069849,0.055199009674066025,0.03260499602481218
73.0,0.12760687317218739,0.07097457346565707,0.5663229964184107,0.4400961603632216,3.1556710980539306,0.5598139725460491,0.7523776534131442,9.393630353339624e-05,0.09006723669434769,0.9965563026299372,12.712703536992194,621.5043068541,6.0854172706604,0.10795321606681915,0.09146775004844512,0.01835187277163318,0.008903757987021192,0.1401040896727769,0.11922578241840098,0.05354996385976551,0.03159913306880908
74.0,0.1302321362048067,0.07359311110783855,0.5663902437275021,0.438656864230685,3.1933345154650135,0.5612534746431487,0.7645984453017947,9.365713745060281e-05,0.09137889329961535,0.996570876592218,12.379200801995466,638.2479876024305,6.0854172706604,0.11190502795241994,0.09602302110899107,0.018829481155460417,0.009228627237769746,0.1392211705759952,0.12204100265070296,0.05561441462013268,0.03175469149518644
75.0,0.13165992064998658,0.07492184331844523,0.5673807452576264,0.4408284521241714,3.163807365988164,0.5590815142187464,0.768112594470874,9.337212788412004e-05,0.09270465617540957,0.9965856072908379,12.408833125999081,636.7238498393347,6.0854172706604,0.11706467741286984,0.0977741435743861,0.020381927343280124,0.010269077772155721,0.1445767500357287,0.12363343525135555,0.05759132417574345,0.03348376716096555
76.0,0.1309630683333402,0.07439481460407646,0.5656825280645168,0.4390275764202803,3.1663738237636148,0.5608827200981201,0.779970268141905,9.30813134242913e-05,0.09404437992125703,0.9966004931102362,12.744010705006076,619.9775080929857,6.0854172706604,0.11717585736682058,0.0992593559660489,0.019539702839360178,0.009478804649773962,0.1420339873569298,0.12381557587960466,0.057653278919495454,0.032955439066767095
77.0,0.13467789920858605,0.07816494844779381,0.5651294904907298,0.4347793597191923,3.258753388972995,0.5651316175037148,0.7972161020980336,9.278473344744348e-05,0.09539791760555316,0.9966155324178395,12.453917234000983,634.4188620773177,6.0854172706604,0.12020966936214804,0.10187135471568837,0.020409192462698313,0.00989919198907413,0.14563595732994356,0.1286593769294574,0.05932143108168645,0.033731518489588434
78.0,0.13475675419220032,0.07823807921285585,0.5651867439997014,0.4360587082623138,3.2282008575255503,0.5638520554143739,0.8009628933481802,9.248242811055548e-05,0.09676512078167637,0.9966307235642409,12.588888598998892,627.616960613053,6.0854172706604,0.11951199123008767,0.10165537548769871,0.02038451664205068,0.009802655756443162,0.1463674000089775,0.13093283538546158,0.060339575512696836,0.03393081626499513
79.0,0.13456871517737173,0.07814213610528285,0.5642657889216599,0.43471250888924406,3.2388320748918553,0.5651984693671824,0.8070540475537544,9.217443834582088e-05,0.09814583950426908,0.9966460648833808,12.77810562599916,618.3232656900342,6.0854172706604,0.11994731730741004,0.10285687594276707,0.020145290399249265,0.009642723298542728,0.14446479521482228,0.1326332345116334,0.06098824964602946,0.034081772132568584
80.0,0.13654571869692883,0.07998158638348475,0.5656413158696296,0.4342469205480333,3.284859914505667,0.5656641394695803,0.8171020232036346,9.186080585510581e-05,0.09953992234568193,0.9966615546927298,12.466402380989166,633.7834892966998,6.0854172706604,0.11985458459609594,0.10982091601722496,0.02154467181108966,0.010470041377865589,0.14508136706045496,0.13140754754374012,0.06301707839322783,0.03478727453940979
81.0,0.17204975871372308,0.1135882227281395,0.5846153465558752,0.4436920422071928,3.523082670388743,0.5562181160308457,0.892908713052943,9.154157310430233e-05,0.10094721641258203,0.9966771912934731,12.40540971000155,636.8995611350117,6.0854172706604,0.1732785218634021,0.14304882574539918,0.05529597963392734,0.03501314819012879,0.17804151250811046,0.1645580151724437,0.09333036429106945,0.06510207677146151
82.0,0.1563714952608284,0.09754424530495542,0.5882724742544797,0.4792590324161415,2.7253361741676616,0.5206439534315142,0.7760588553506744,9.121678331757881e-05,0.10236756736272073,0.9966929729706969,12.569178919991828,628.6011242495017,6.0854172706604,0.15759097689547355,0.12268298840135093,0.03395587605219315,0.022953279932143782,0.17331332036040045,0.14437028421348785,0.06989350147959711,0.04635875889200209
83.0,0.1322781183216907,0.07473919571762432,0.5753892198301179,0.45674485266925324,2.966109147239012,0.5431624381334899,0.71425547590438,9.088648047152714e-05,0.1038008194218612,0.9967088979935762,8.406356481005787,939.8840053776398,6.0854172706604,0.11805318125741993,0.09672214192969183,0.01756402083517962,0.008820191924030898,0.15158971211475214,0.12480979995407648,0.05304659170106175,0.030826816833179185
84.0,0.13079436391558077,0.07352981224058248,0.5726454963624937,0.44858057668519585,3.101623059345067,0.5513281051365126,0.7484780243266581,9.055070928920835e-05,0.1052468154008625,0.9967249646155651,9.462545362999663,834.9761820846218,6.0854172706604,0.113001079601649,0.09674581732431432,0.01655911138544532,0.007897143810987472,0.1441965917537087,0.12308091395470283,0.05300382273849612,0.02960261584178008
85.0,0.12838317361070814,0.07137147711094625,0.5701169416038707,0.4437526729480781,3.1591068451773623,0.5561568204880727,0.7744722354715345,9.020951523409717e-05,0.10670539671291873,0.9967411710745879,8.438004702999024,936.3588049662781,6.0854172706604,0.11149802287661197,0.09399689885494386,0.015985634537961122,0.007636269665461905,0.14412162550739951,0.1209885242388175,0.052866738984843814,0.0296587276783201
86.0,0.12869357236305862,0.07187357686064905,0.5681999450604412,0.4411342935597741,3.1766412956716743,0.558775650060806,0.7977840465362307,8.986294450392622e-05,0.1081764033909523,0.9967575155932328,4.469559114004369,1767.7358769557325,6.0854172706604,0.11226197461850247,0.0968670118835908,0.01654802296089825,0.007741485530126071,0.14227615469447105,0.12161166976340375,0.054413128909519465,0.030173844787942706
87.0,0.13134968463544106,0.07471913160394829,0.5663055140313401,0.43485214107550485,3.2863343676016794,0.5650588237112224,0.8170681932035571,8.951104402443078e-05,0.10965967410515753,0.9967739963789461,10.343523194998852,763.8596492750338,6.0854172706604,0.11327712207004942,0.09889699582691555,0.01711351020383426,0.007911439138723435,0.14399469291635938,0.12511788100765356,0.05542530527162315,0.030581097574636278
88.0,0.1304757440204093,0.07397631894707031,0.564994241637288,0.43342771775404754,3.2891632277910325,0.5664834861679329,0.8189002695588761,8.915386144299515e-05,0.11115504618069433,0.9967906116242299,12.420318818010855,636.1350393471917,6.0854172706604,0.11153344886386814,0.0975062677425704,0.01662371038189622,0.0075742203882771045,0.1432947991708371,0.12596986891661943,0.05592066400191363,0.030460793988771707
89.0,0.13105476052304518,0.07460120999085844,0.5645354866015883,0.4320394377544883,3.312401276874385,0.5678719693747462,0.8280228082476772,8.879144512220109e-05,0.11266235561552934,0.9968073595068392,12.961240385993733,609.586718917584,6.0854172706604,0.11384350683378136,0.0992335583220861,0.017034343198726053,0.0077875880872312914,0.14221718060403743,0.12805417192275406,0.05691356820685726,0.03114446461970188
90.0,0.1323557020161608,0.07589978596282569,0.5645591390915965,0.4303776986379289,3.3545361510893468,0.5695339852896631,0.8375017501375159,8.842384413327956e-05,0.11418143709842243,0.9968242381899824,12.755435797007522,619.4221918982656,6.0854172706604,0.11339230678020379,0.10551689626756779,0.017969027781250452,0.008280183745480571,0.14150268455230236,0.126584071085533,0.05859227682544978,0.03148754064347576
91.0,0.13339279922650232,0.0769294481151633,0.5646334903524761,0.43133283143872747,3.332516475261548,0.5685787053670088,0.8396189976999872,8.805110824946645e-05,0.115712124027057,0.9968412458225229,12.391799752993393,637.5990701505175,6.0854172706604,0.11739075570362559,0.1056140754212681,0.018674718722701072,0.008494496553121336,0.14160261236388108,0.13120042946603563,0.059263020324608916,0.03216360100862778
92.0,0.1341438463516227,0.07784207608919025,0.5630176987184511,0.42795146339197065,3.376655965587064,0.571960581139573,0.8485263455157008,8.767328793926329e-05,0.11725424852631144,0.9968583805391812,12.622282975993585,625.9564941640883,6.0854172706604,0.11670319418636345,0.10810317486766877,0.01851761218342965,0.008301438372620921,0.140338946133852,0.13044647059117656,0.0607722985965475,0.031896049869025896
93.0,0.13267110810372185,0.07649500439561872,0.561761030410305,0.4275194422917462,3.356039824628812,0.5723927188879205,0.8534936104948166,8.729043435960381e-05,0.11880764146667117,0.9968756404607408,12.637898117987788,625.1830744508329,6.0854172706604,0.11420013539060084,0.11056867926832169,0.018296532160296863,0.008052746749274515,0.14107425801007875,0.13123981995152728,0.06025767226408168,0.03192746454717205
94.0,0.1345929827377504,0.0784129351999862,0.5618004662042146,0.4255381508607409,3.4065580141723886,0.57437429444999,0.8616755711943299,8.690259934892726e-05,0.12037213248277673,0.996893023694253,12.397182243992575,637.3222434338792,6.0854172706604,0.1146984718725291,0.11507468480916129,0.019284439476996817,0.008673870713286793,0.1367788987410696,0.1325341754646226,0.06257175056155798,0.03227726316986162
95.0,0.1346700171053734,0.07835641286728759,0.5631360284679525,0.4289019861005255,3.355851155265255,0.5710099127198787,0.8579185762868291,8.650983542015949e-05,0.12194754999210905,0.9969105283332457,12.649526041990612,624.6083824621027,6.0854172706604,0.11703555175719411,0.11489880090875428,0.020385446868234368,0.009314512334605481,0.13925796556370998,0.13285135500742704,0.06405758520133427,0.03354142813552772
96.0,0.1328331912383145,0.0767632879655341,0.5606990252442186,0.4272146380380684,3.3371097744303313,0.5726975512540788,0.862624795696974,8.61121957536027e-05,0.1235337212138069,0.9969281524579312,12.659853696997743,624.0988394576555,6.0854172706604,0.11437918209595237,0.1156026470761762,0.019467323120643608,0.008546954681555589,0.1334670493250572,0.13223327143275324,0.06415673364009876,0.033061172914265385
97.0,0.1344687443260995,0.07861300494388423,0.558557378153396,0.42050367520211873,3.4513427133636223,0.5794095564093745,0.8782067905572559,8.570973418973482e-05,0.12513047218761653,0.996945894135418,12.643082399008563,624.9267188687764,6.0854172706604,0.11300939597519748,0.11649701037964263,0.019228419067392012,0.008249718597646175,0.13321163842164893,0.1349207317430987,0.06461660767076027,0.033015914200019446
98.0,0.13403147535223914,0.07815419860092722,0.5587727537096007,0.42126700653258553,3.4376436870711586,0.5786461032443281,0.8757713597011844,8.530250522191947e-05,0.12673762779297054,0.9969637514199219,12.51264664500195,631.4411510338601,6.0854172706604,0.11153404137597012,0.11574067740604796,0.01946026782879521,0.008228155686524788,0.13208957815121977,0.1359073508770094,0.06563131081855904,0.03322749097184484
99.0,0.13507253562456564,0.07920458439090194,0.5586795068936866,0.42178015384684936,3.4224838744898474,0.578132866900294,0.8813792801464589,8.489056398902754e-05,0.12835501176819353,0.9969817223529799,12.57770989900746,628.1747681764778,6.0854172706604,0.11399536320696706,0.11806148331985247,0.02041767534577412,0.008850889775082778,0.131386430661269,0.1388729391772239,0.06719346685153589,0.034254928834388604
100.0,0.13455767118392178,0.0787168448625177,0.5584082461628578,0.4195974295825208,3.4702705426271043,0.580315928408774,0.8867619059430151,8.447396626797144e-05,0.1299824467298336,0.9969998049636648,12.528051517001586,630.6647118490613,6.0854172706604,0.11009182196397048,0.12280615597717033,0.02012149181106303,0.008520437572440953,0.12813821812586942,0.13560513749395367,0.06764465193283509,0.03370593827640195
101.0,0.13569248998682645,0.07982283822721567,0.5586965120437704,0.42064372056225496,3.4513198417766895,0.5792694793911074,0.8896546814807109,8.405276846615291e-05,0.1316197541921164,0.9970179972688012,12.940968796989182,610.5416158516841,6.0854172706604,0.11363407102882439,0.12264761290489098,0.021331702440977096,0.009063213156349765,0.12803617498557557,0.1404263454060706,0.06879533180361422,0.034749270337808294
102.0,0.1369687542196709,0.08118615132742268,0.5578260130556969,0.41965752438704673,3.4542123641021463,0.5802558026665631,0.9000635309515687,8.36270276138253e-05,0.13326675458652004,0.9970362972731835,12.428166170007898,635.733373043159,6.0854172706604,0.11311313534121484,0.12589743793979893,0.021624862044521367,0.009220989786955893,0.1275829609596368,0.14025786602164644,0.07100357103893776,0.03463072343463473
103.0,0.13553169218630237,0.0798441663557948,0.5568752549687694,0.42011722230923326,3.418950940880379,0.5797960796985063,0.8992276013146442,8.319680135637188e-05,0.1349232672814693,0.9970547029697941,12.760369484007242,619.1826976407258,6.0854172706604,0.11086205304982906,0.12854773647362186,0.021336140334030838,0.00897964297698503,0.12700851187185896,0.1409747806735009,0.0701543532796507,0.034679820847585106
104.0,0.1375814899094964,0.08183829867621793,0.5574318994496265,0.4198531572154286,3.439468692004145,0.5800601486661225,0.9077309304257765,8.27621479465004e-05,0.13658911060214574,0.9970732123400239,12.691015095988405,622.5664330426558,6.0854172706604,0.11019538428186194,0.13318417962038276,0.021950090867686647,0.009303867989747795,0.1239392624403301,0.1422843464027495,0.07235108635796657,0.0347863395988577
105.0,0.13493954536356875,0.07937167436469131,0.5556787039762568,0.4193345296648451,3.408604490683058,0.580578854319084,0.9029558527667286,8.232312623635589e-05,0.1382641018504126,0.9970918233538935,12.721762235989445,621.0617564953644,6.0854172706604,0.10824305640407125,0.1294454565052925,0.021437479811307242,0.008935506800387768,0.12283107565205023,0.1400392600251055,0.07205953449702639,0.03481522361717878
106.0,0.134335257696692,0.07882165664955719,0.5551360002455418,0.41863182036578844,3.4126045606420274,0.5812816791723927,0.9106302126165191,8.187979566955194e-05,0.139948057324852,0.9971105339702762,12.598865580002894,627.1199537631852,6.0854172706604,0.10731338386834874,0.13117188894295995,0.021759455677835077,0.008829855936801505,0.11927798235201051,0.14042563379107423,0.07317386921812802,0.03504318427200893
107.0,0.13631165502697828,0.0809995015625063,0.5531215108115376,0.413385103803815,3.493410349706957,0.5865292060512514,0.9269381620102088,8.143221627312207e-05,0.14164079234091187,0.9971293421371212,12.608320265993825,626.6496911019907,6.0854172706604,0.10644784901529697,0.13229609178853677,0.021533180263775847,0.008736192273319855,0.11911450723909325,0.14385016423545793,0.07419691720412146,0.03511544599086659
108.0,0.13537488785360058,0.08002724363379593,0.5534764281964999,0.41402778403998297,3.4862162027611276,0.5858864146023668,0.9245482025878548,8.098044864939205e-05,0.14334212125116091,0.9971482457916796,12.635196355986409,625.3167562573412,6.0854172706604,0.10410572619893443,0.13012376944419785,0.021543825481754597,0.00852226031133402,0.11784136234928892,0.14433241194298266,0.07475668994165727,0.03521865860645072
109.0,0.13815505062571176,0.08268792763750336,0.5546712287844412,0.4158799583708813,3.469781786229788,0.5840339397210258,0.9346214537604853,8.052455396777431e-05,0.14505185746564925,0.9971672428607294,12.742782101995545,620.0372835978014,6.0854172706604,0.10917339629453161,0.13368976376101566,0.02389683560864163,0.010076755340910551,0.12054739925724921,0.14886190534615126,0.07728863129795902,0.03707528102480785
110.0,0.13742636638477684,0.08200213347616234,0.5542423171704969,0.41450222559841865,3.4935023163318815,0.585411889834308,0.9415602359480835,8.006459395648564e-05,0.14676981347237206,0.9971863312608041,12.642891199997393,624.9361696635995,6.0854172706604,0.10576273765319433,0.13825389114785785,0.02358281743703502,0.009569926351463238,0.1173161981050034,0.1446469533725603,0.07789853954092596,0.03653133137720476
111.0,0.1359895064289578,0.08069040057851821,0.552991052644643,0.41357890396853847,3.485303821933072,0.5863353574506814,0.9378862027170809,7.960063089418913e-05,0.1484958008578347,0.9972055088984204,12.630707887990866,625.5389697921984,6.0854172706604,0.10469000571404546,0.13468065997983655,0.022929163619875906,0.009053579240391497,0.11455479772220105,0.14762596632280048,0.07683052079667771,0.036176795525663705
112.0,0.16357075252226375,0.10730350787217761,0.5626724307453492,0.4176039583146489,3.626711976541747,0.5823095302131565,1.0064570125847312,7.913272760156166e-05,0.15022963032771697,0.9972247736703079,12.822975729999598,616.1596314586683,6.0854172706604,0.1474773151153967,0.16116591936689081,0.05106450488346088,0.027718580167221677,0.14166365281650514,0.16887742257213212,0.10068469726142343,0.054880312832373504
113.0,0.16139948888038355,0.10415466684730668,0.5724481999866571,0.45079792316103867,3.0412570123294684,0.5491103405530596,0.9330405738818134,7.866094743278798e-05,0.15197111172763295,0.9972441234636403,12.567489011998987,628.6856501291873,6.0854172706604,0.14795053865245444,0.1582436472658188,0.04529488178753945,0.025997386152621097,0.1568330260227215,0.15821652954729348,0.09102699711797684,0.052989099386183715
114.0,0.13161566104787525,0.07589424878958584,0.5572141139149107,0.4267187446201169,3.262384224988104,0.5731935335810977,0.8587233000368336,7.81853542669825e-05,0.1537200540639862,0.9972635561562665,12.635180063007283,625.3175625990639,6.0854172706604,0.10129536791195766,0.1186495938582665,0.02111003637625909,0.009255783789858375,0.12400930906596937,0.12626260836448897,0.06782167031224116,0.033315583335163636
115.0,0.12636210743859816,0.07100031359307209,0.553617930422854,0.41938466694049936,3.3558315348736834,0.5805287324330608,0.8791614393994199,7.770601249954009e-05,0.1554762655249166,0.9972830696169435,12.413051941010053,636.5074469636911,6.0854172706604,0.09615376292753365,0.110423682001948,0.018714055213232248,0.007676658581228966,0.12036198619335667,0.1201137916187931,0.06544147084571746,0.03198759164661169
116.0,0.12535935303686901,0.07010111973536436,0.5525823162260153,0.4160587369995832,3.4130895479074566,0.5838551732757818,0.8980018441065432,7.722298703341689e-05,0.15723955350133678,0.9973026617055704,12.547220591994119,629.7012108834138,6.0854172706604,0.09518408950282495,0.1111532833883028,0.018795756052951425,0.007448618242401398,0.11602895843868681,0.11969426378088804,0.06645746683046116,0.03210564243733583
117.0,0.1269084155416205,0.07191036864898277,0.5499804562412475,0.4091156859169156,3.5216192057910956,0.590799268876853,0.9149599428298186,7.673634327034247e-05,0.15900972460805643,0.9973223302734229,12.660982618996059,624.0431914143567,6.0854172706604,0.09451863384011931,0.11201556656625006,0.01863656673752099,0.007182381027066442,0.11493627651835323,0.12295811138827581,0.06727911079700906,0.03214000594714051
118.0,0.12671473824122392,0.07166281849647561,0.5505191915217208,0.4093357442097036,3.5295861708546057,0.5905791701221599,0.9132147814756465,7.624614710196445e-05,0.16078658470499108,0.9973420731633887,12.42268102899834,636.0140763138527,6.0854172706604,0.09336774948254302,0.11102659573108692,0.01895815985769128,0.007204020428153232,0.11415102217335107,0.12393492089620546,0.06875503817916749,0.03259217619417183
119.0,0.12779562493816626,0.0728183888373247,0.5497723482572765,0.4081246883918056,3.5411915882013068,0.5917903937172126,0.9192062392293343,7.575246490092668e-05,0.16256993891845428,0.997361888210205,12.66600435799046,623.7957746331884,6.0854172706604,0.09555350963188254,0.11286883707443479,0.019939422682832608,0.007775080255020209,0.11361032892036622,0.12734194844961166,0.07065044933000568,0.03362118700646833
120.0,0.1280078438075641,0.07305035583977608,0.549574866443929,0.4061386169489238,3.5859063377472107,0.593776767509766,0.9241518435214474,7.525536351188244e-05,0.16435959166253,0.9973817732406948,12.766968612006167,618.8626478308901,6.0854172706604,0.09337511857350668,0.11884266784614768,0.020554285857937123,0.00784517851672642,0.11087988604579055,0.1246954590023387,0.07221942249670069,0.033643012027331345
121.0,0.12830735263628623,0.07338584647848098,0.5492150538964387,0.40622334244311303,3.574792957293838,0.5936920149479316,0.9231095707819381,7.475491024244364e-05,0.166155346660523,0.9974017260740058,12.7128276250005,621.4982404435527,6.0854172706604,0.09482627563563524,0.11765508118093523,0.02118815016746521,0.008033939824661603,0.10976957065131276,0.1294287909117956,0.07248891448533093,0.034309939990147094
122.0,0.1301027466780535,0.07522131287720427,0.5488143300967886,0.40446048213430424,3.608846374681186,0.5954551166212267,0.9348178068877262,7.425117285406741e-05,0.16795700696648533,0.9974217445218498,12.703513293003198,621.9539286310417,6.0854172706604,0.0955721543115728,0.12112755679745014,0.02193009651366066,0.008419677390564009,0.10964757407253439,0.130402078310332,0.0755912156017942,0.034598810138453125
123.0,0.12961434499853217,0.07475145541083404,0.5486288778375423,0.40580997759670323,3.570472594107756,0.5941054536306228,0.9317207806262167,7.374421955288103e-05,0.16976437498681562,0.9974418263887423,12.967350577004254,609.299482811184,6.0854172706604,0.09477445841552261,0.12416178360581398,0.021973285550776597,0.008266611445578156,0.10979684449117118,0.132300577448599,0.07544318320063072,0.03485327500799984
124.0,0.13087249684071273,0.07606757214956986,0.5480492328212406,0.40391478133705533,3.6033612259610246,0.5960009101824947,0.939777695216826,7.323411898044702e-05,0.17157725250193012,0.9974619694722436,12.492900908997399,632.4391794630895,6.0854172706604,0.09290172809209579,0.12713701427271382,0.022412051268273,0.008357897558316741,0.10615378530401932,0.1331744462075318,0.0773145269644224,0.034703835662902006
125.0,0.12913725039028334,0.07441290316438694,0.5472434574011805,0.4041676584745778,3.5768951166884655,0.5957479920436757,0.9318282615835192,7.27209402044689e-05,0.17339544068800175,0.9974821715632001,12.564088007013197,628.8558306492051,6.0854172706604,0.09202930533535696,0.12338081434707415,0.022541301666632207,0.008355699479579926,0.1055993656593046,0.1316377676382075,0.07768824483469447,0.03520104141845819
126.0,0.1291434361129422,0.07441712864127104,0.5472630704374136,0.4048948232063295,3.5592063033660746,0.5950207363773096,0.9370377723770252,7.220475270943948e-05,0.17521874013876626,0.9975024304459863,12.804695402999641,617.0392774941841,6.0854172706604,0.09241180411475873,0.12494461313833165,0.023156416630490066,0.008486270889609992,0.1038908683531596,0.1328986529687151,0.07928878708612716,0.035725376983383794
127.0,0.13090868852678966,0.07638329417626173,0.5452539300091763,0.3997700185983064,3.637097894564533,0.6001462899888713,0.948061540358852,7.168562638723265e-05,0.17704695088739095,0.9975227438987487,12.389436468991335,637.7206921214591,6.0854172706604,0.09148668132979294,0.1257206869649363,0.022949364327796658,0.008377060543511509,0.10373834245114076,0.1368554647872865,0.07999211923399968,0.03568580663866467
128.0,0.1304289866698541,0.07581119251872087,0.5461779286508062,0.4010345962640229,3.6285833848939486,0.5988815143777968,0.938801224420922,7.116363152764002e-05,0.1788798724284063,0.997543109693649,12.737278593005612,620.3051886090216,6.0854172706604,0.09023474778362255,0.12296690544471364,0.023261420689483715,0.008370048473764755,0.10346836823943659,0.1376079043846247,0.08090550777087302,0.03612234269878472
129.0,0.13080524836796897,0.076235480242561,0.5456976679333734,0.40060825094273234,3.6272355970318233,0.5993079120804126,0.9383237581662839,7.063883880885356e-05,0.18071730373969566,0.9975635255971077,12.456425762997242,634.2911000578127,6.0854172706604,0.09077852024980214,0.12352381476798308,0.023728311092023426,0.008721413863706886,0.10325428274045513,0.1399274468421936,0.0818924397881889,0.03666891706617255
130.0,0.13068517735526164,0.0760839880220031,0.5460118793970481,0.40008716339356476,3.6481179358189415,0.5998290872637222,0.9392883164371785,7.011131928789593e-05,0.18255904330454212,0.9975839893700504,12.239600272005191,645.5276172761477,6.0854172706604,0.0893012427061032,0.12799273092638364,0.02404095077573663,0.008607453169600333,0.10139747065642656,0.13617749441657545,0.08277377075055822,0.036439895538558024
131.0,0.13093030786358878,0.07632379221766829,0.5460651424576581,0.4009138164135825,3.6287832849765937,0.5990023070944214,0.9399841909634284,6.958114439099925e-05,0.18440488913372935,0.9976044987681525,12.809857034997549,616.7906463291386,6.0854172706604,0.09074817825837217,0.1256699298436825,0.02469369585812092,0.00885794983775008,0.10152198258291911,0.14063336901248447,0.08242106971181469,0.037125431015881796
132.0,0.13191316595991537,0.07736451587953412,0.5454864972921101,0.399384510824913,3.652549798572204,0.6005318171464104,0.946447587521706,6.904838590393394e-05,0.18625463878769444,0.9976250515420855,12.722787344988319,621.0117158888388,6.0854172706604,0.0908168379602761,0.12732823913901803,0.024852372309711605,0.008943693327045614,0.1015032200763623,0.14023698207391685,0.08487443803050916,0.03694889301367443
133.0,0.1310225478524936,0.07647395390937516,0.5454859371925213,0.40122085148858777,3.6066273240375604,0.5986952512358702,0.9437755630101121,6.851311596228902e-05,0.18810808939873025,0.9976456454377637,12.718027038994478,621.2441580580784,6.0854172706604,0.09016049457695298,0.12889142274375884,0.024420691733194593,0.008657650888086935,0.1016016289606979,0.1412164648873751,0.08388419261550516,0.036740506058260874
134.0,0.13256700368806268,0.07799456869989328,0.5457243414984944,0.40034922661320826,3.6343779672838257,0.5995669716325777,0.9516735381830222,6.797540704170485e-05,0.189965037693234,0.9976662781965915,12.455368609997095,634.3449356977194,6.0854172706604,0.08888447784342944,0.1311963828927896,0.024788063483712562,0.008804696686949927,0.09941657605924105,0.14178344201759474,0.08562611242034307,0.03664214083594849
135.0,0.13037138712238683,0.07592634680455673,0.5444503893747826,0.40034028839090324,3.6027525387720405,0.5995759130082482,0.9437014655272669,6.743533194805999e-05,0.19182528001400162,0.9976869475557111,12.795796962003806,617.4683783637274,6.0854172706604,0.08740367842300323,0.1263908942148222,0.024772962830828492,0.008703491060023612,0.09885301254093329,0.13912330354058147,0.08546806494173566,0.036998167003114375
136.0,0.1299406388464977,0.07550977651864844,0.544308614631255,0.40072321803897804,3.5896350721244104,0.5991929399259572,0.9491985648994943,6.689296380761317e-05,0.19368861234256285,0.9977076512482507,12.54391966899857,629.8669162819,6.0854172706604,0.08739921878947902,0.12676218478991513,0.025245559922228517,0.00883824556677757,0.09721499282419364,0.13970007125417985,0.08645172678718835,0.03740026660300978
137.0,0.13137368678503467,0.07712792254651503,0.5424576249172108,0.39597592732828185,3.6620425310124025,0.6039409236717248,0.9601193546962171,6.63483760571021e-05,0.195554830321557,0.9977283870035728,8.289778077989467,953.1015095540702,6.0854172706604,0.08666117297017516,0.12634757360616525,0.024876467300636848,0.008703865685158279,0.09721775065980906,0.14272050656129429,0.08682974173654964,0.03725220931410299
138.0,0.13095232165492707,0.07659541553839025,0.543569047471237,0.39771296605778983,3.646402130970667,0.6022036197124863,0.9518865687743635,6.580164243380003e-05,0.19742372927714505,0.9977491525475238,9.605245270009618,822.5713948887104,6.0854172706604,0.08625799351601145,0.1233211611879283,0.02511507037272509,0.008651070532205759,0.09765259340299783,0.14309493020161698,0.08755741382049302,0.037583498890141405
139.0,0.13072315801994483,0.0764277499028134,0.5429540696272049,0.3969726336144176,3.6495359372736575,0.6029440506155499,0.9499630004812564,6.525283696553177e-05,0.19929510424145716,0.9977699456026828,6.628212274008547,1192.0257941922714,6.0854172706604,0.08600316041189691,0.12272204658084866,0.025134428068693832,0.008726886662952139,0.09734902349521996,0.14451503875802774,0.08771669497309811,0.03773997542046033
140.0,0.131117072624506,0.07678047142410833,0.5433659899040139,0.39655851279009957,3.6701869434713488,0.6033582357707891,0.9547320772176935,6.47020339606503e-05,0.20116874997507214,0.9977907638886119,11.591666091000661,681.6103861147315,6.0854172706604,0.08593489133394681,0.12767154415530607,0.026035485025679712,0.009047354649694472,0.09627945352251302,0.14062358145060153,0.08893046917633397,0.0379360510879201
141.0,0.13075655253683974,0.07644532599123713,0.5431122577970442,0.3977744383776343,3.6334455527771636,0.6021421355939246,0.9527065768270248,6.414930799797535e-05,0.20304446098952647,0.9978116051221059,12.789930885002832,617.7515790382046,6.0854172706604,0.0870452620458941,0.12418350329001744,0.02608922678232193,0.008859439919269244,0.09638659073214226,0.14408619524467559,0.08793693780899048,0.03809179621335317
142.0,0.13101464605583388,0.07675196669468652,0.5426267854036704,0.3957425911409042,3.6721049022590067,0.6041742649399439,0.9586884805242135,6.359473391669548e-05,0.20492203156985095,0.9978324670174428,12.347097614998347,639.9074702707821,6.0854172706604,0.08576542755653119,0.12495568170537794,0.025848426864840814,0.00893574119342216,0.09537647083175904,0.14273605011848814,0.08997947484612336,0.037730524783443735
143.0,0.13004122915305363,0.07582301743882108,0.5421821044798275,0.3970908850691708,3.6272806655363317,0.6028258032156627,0.9567202453507062,6.303838680623484e-05,0.2068012557971322,0.9978533472866348,12.577480621999712,628.1862192798837,6.0854172706604,0.08516918884250588,0.12575602879928005,0.025471221411090098,0.008618850536501034,0.09584855413582712,0.14322731542387349,0.08880290943311482,0.03754952263905906
144.0,0.13183349753811213,0.07760508925971193,0.542284086623866,0.39604967591913726,3.655860399116581,0.6038671396168225,0.9649657830907158,6.248034199608602e-05,0.20868192757109616,0.9978742436396788,12.822672334994422,616.1742103038334,6.0854172706604,0.0846625210853253,0.12808342628534397,0.02629566578028714,0.00894088445941812,0.09411907095658152,0.14359267529181005,0.09074176612972364,0.0376777673204659
145.0,0.12990493508150813,0.07576322147792207,0.5414171296499181,0.396829676385198,3.614686295889915,0.6030870269045259,0.9586736153853179,6.192067504561042e-05,0.21056384063271205,0.9978951537848079,12.592276473995298,627.4481041070375,6.0854172706604,0.08387031610734315,0.12345726663009553,0.02624291894292455,0.008887214625769474,0.09405942342324598,0.14096856047572542,0.09036725632216826,0.037992006077641444
146.0,0.12858467797752635,0.07449043098091702,0.5409424503895772,0.3965984502746672,3.6086001276079727,0.6033182967057666,0.9602134736892981,6.135946173380754e-05,0.21244678858681312,0.9979160754287424,12.762029958990752,619.1021354274291,6.0854172706604,0.08267387216873015,0.12233129445510575,0.025858543038484075,0.008612365777303795,0.09207086127318688,0.14044982936251815,0.09048697014629781,0.0378765729504015
147.0,0.13050010083499036,0.07653440592402432,0.5396569360963696,0.39229777689569134,3.683979235515008,0.6076195705632532,0.9735077934738292,6.07967780490544e-05,0.21433056492473299,0.9979370062769415,12.449792155995965,634.6290685820635,6.0854172706604,0.08311076035053272,0.12270774481656192,0.02599085182239005,0.008771898107826106,0.0927283178888315,0.14340833280316037,0.09120101774509866,0.03798972263380333
148.0,0.12984390151891478,0.07581367311036642,0.5403022787311744,0.39392292442208315,3.659483854264613,0.6059942019165294,0.9642573657133597,6.023270017881686e-05,0.21621496304695365,0.9979579440338551,12.725527431000955,620.8779984043874,6.0854172706604,0.08275164617365928,0.11928776420395949,0.026220675680316264,0.008574228448969873,0.09283180808103073,0.14352267755767015,0.09158984091084596,0.03831937119185207
149.0,0.12968066681934118,0.07571464456092586,0.5396602071775483,0.3929545171290104,3.667642280491466,0.6069627285169629,0.9625073642749422,5.966730449933367e-05,0.21809977628576424,0.9979788864031751,12.480200378995505,633.0827839349106,6.0854172706604,0.08255140434788621,0.11896576417095006,0.026281745056150413,0.008740955082645555,0.09266073575422211,0.14464294666149577,0.09181000710007685,0.03850984022894351
150.0,0.1293979295879629,0.07540619818602404,0.5399172983506317,0.392588894856216,3.6832100798579472,0.6073284189001908,0.9652062611268482,5.910066756527519e-05,0.2199847979279269,0.9979998310880881,12.556169237999711,629.252429641406,6.0854172706604,0.08159403758171277,0.12274905602055147,0.02651230611718527,0.008711008742992124,0.09126305609186258,0.1400516814381413,0.09246904919256313,0.03824012390926739
151.0,0.12942999101389724,0.07544502403566829,0.5398496554299497,0.3937007732639402,3.653722202456491,0.6062163785807227,0.9641424425794058,5.853286609937785e-05,0.22186982123734733,0.998020775791526,12.57736272198963,628.1921078881098,6.0854172706604,0.08335656682529469,0.11994093879420534,0.02695090928673744,0.008819418841102175,0.09209018804756879,0.14340309846022772,0.0914580497599433,0.03859711207699258
152.0,0.12956391451834365,0.07564845231477557,0.539154604105629,0.39189910581633647,3.6813876044975022,0.608018284514801,0.9709263064335938,5.7963976982055905e-05,0.22375463947774854,0.9980417182164194,12.866768602005322,614.0624926423723,6.0854172706604,0.08250610243234383,0.12035051291066456,0.02684748550338964,0.008868567932110567,0.09122146039523861,0.14168838925095667,0.09332293967514288,0.03822077295787106
153.0,0.12836547129336165,0.07449926349663641,0.5386620678942108,0.39315361126270976,3.637711501546999,0.6067636274654734,0.9685249562324444,5.739407724099177e-05,0.2256390459353438,0.9980626560659482,12.550206205007271,629.5514090316433,6.0854172706604,0.08129244660566709,0.12084128323101229,0.026163416853512575,0.008471011043561145,0.09104954783218959,0.14176328964453325,0.0922674517927131,0.03797225883255556
154.0,0.12997434287603227,0.07608919828534201,0.538851436776853,0.3920866546412387,3.669119716007458,0.6078307161661903,0.9744325675416364,5.68232440407065e-05,0.22752283394150838,0.9980835870437945,12.875310453993734,613.6551058890565,6.0854172706604,0.0807942130274086,0.12255852560567718,0.026875288261793046,0.008748508056568117,0.0895916886078684,0.14187991607353767,0.09379299720209225,0.038007796599762986
155.0,0.12849524443118787,0.07467898735893239,0.5381625563475833,0.39302314526520865,3.628485348779572,0.6068940949038665,0.970632979333016,5.6251554672111695e-05,0.2294057968954444,0.9981045088543938,12.391649869008688,637.6067822703957,6.0854172706604,0.08101306866246757,0.11869994444296367,0.027097008975417423,0.008790750928381656,0.09005819001854293,0.13922330645268327,0.09332338443152198,0.03850113288048775
156.0,0.12701553712463307,0.07326265345844434,0.5375288292329955,0.39304517006786577,3.6120915735783328,0.6068720709536742,0.9738979594132038,5.567908654204427e-05,0.23128772828684047,0.9981254192031871,12.782815432001371,618.0954455635883,6.0854172706604,0.07970224731122917,0.11709002741781468,0.026693043602219593,0.008558407724500897,0.08801559674752506,0.1383277342687199,0.0933828759815174,0.03833954771559442
157.0,0.12857897002747384,0.07495463299643404,0.5362433552545862,0.3884982118545009,3.693628649125596,0.6114196680932238,0.9835700890094837,5.510591716278559e-05,0.23316842171851968,0.9981463157968724,12.480460765000316,633.06957561673,6.0854172706604,0.07969050066811698,0.11718460860904995,0.026685357924315197,0.008626067803126077,0.08850524397269582,0.1406546450551226,0.09377106564555002,0.03833458281348272
158.0,0.12779593420939994,0.07412530962364114,0.536706234643526,0.3899614129537511,3.668620610324631,0.6099562552696148,0.9752800723688917,5.4532124141566275e-05,0.23504767092907577,0.9981671963436564,12.703709114008234,621.9443415378315,6.0854172706604,0.07920788125177125,0.1138860851085832,0.02656978370339342,0.00840262896272142,0.08861581049670805,0.14064579697802404,0.09383881323834359,0.03855612449138519
159.0,0.12781233420561816,0.07415887202141995,0.5365346092888712,0.3895311145039544,3.6750874769806847,0.6103866060026657,0.9751812571846161,5.395778517005816e-05,0.2369252698154949,0.9981880585535055,12.74189278499398,620.0805589343007,6.0854172706604,0.07947389943444211,0.11356504277738755,0.026750826280609315,0.00857173738019595,0.08869791741977029,0.14174376745693018,0.0942858010234226,0.03862181903707472
160.0,0.12813485305251357,0.07443968417968588,0.5369516894524949,0.3889341781885016,3.700437891107619,0.6109836329509752,0.9786028076902007,5.3382978013854864e-05,0.23880101245575902,0.9982089001383974,12.770563636993757,618.6884326007656,6.0854172706604,0.07948001763759516,0.11778802634024423,0.027621836502953332,0.00895090279955938,0.08825344282981248,0.13769519158604113,0.09519343578963854,0.03898162340728206
161.0,0.12773204466886512,0.07406749420170693,0.5366454963110139,0.3903577766295038,3.6571931248148126,0.6095598345843316,0.9765567404758234,5.280778050194227e-05,0.24067469313143058,0.9982297188125715,12.474964708002517,633.3484851409333,6.0854172706604,0.08067250867745072,0.11483966259874849,0.027778109550476073,0.008774639756041045,0.08853031402738223,0.14024192035671265,0.09373097256623178,0.038939069243812935
162.0,0.12796754827455334,0.07436983608046056,0.5359771113850741,0.3881462170359244,3.6957724049429004,0.6117716994697181,0.9831089288007608,5.2232270516160495e-05,0.24254610635021398,0.9982505122927802,12.97853772599774,608.774283113054,6.0854172706604,0.08055678040212357,0.11526134937274747,0.027718900608693222,0.008889890998106241,0.08786053983776858,0.13862099008731157,0.09575294275060214,0.03858060057257867
163.0,0.12616760210720984,0.07261819506544748,0.535494066072316,0.3897743238148667,3.6429936718358342,0.6101433945945389,0.9792307689286172,5.16565259806587e-05,0.24441504686849225,0.9982712782985388,12.729115605994593,620.7029808323163,6.0854172706604,0.07828042890600308,0.11476477824391858,0.026462837967403147,0.008351394999111798,0.0871255482251734,0.1378091052643158,0.09385684635338744,0.038010648929420764
164.0,0.12776037168765336,0.07420191170199583,0.5355845987155549,0.38872507682647484,3.6714881260988608,0.6111927661635034,0.9861633479632904,5.108062485134405e-05,0.24628130971383744,0.9982920145523759,12.689721440998255,622.6299006433081,6.0854172706604,0.07789877339227665,0.11638863250569938,0.027256721367386622,0.008622701873177105,0.08596321350649784,0.13788633939077163,0.09533546281370239,0.038146368961955765
165.0,0.12622488089685666,0.07273772099948717,0.5348715908752787,0.38951529134166285,3.6339076204460463,0.6104024359356405,0.9815997747269903,5.0504645105326616e-05,0.24814469020748994,0.9983127187800832,12.532936402989435,630.4189015205889,6.0854172706604,0.07765747994758196,0.1126818474518229,0.027417873945344364,0.008661858689911822,0.0860254756287297,0.13487318972092,0.09477330028955429,0.03867926265323354
166.0,0.12493506061504225,0.07146718949852766,0.5346786863229619,0.3895822095804585,3.6274120052952266,0.610335516357796,0.9870374744760132,4.992866473036115e-05,0.2500049839868065,0.9983333887109646,12.815645751004922,616.512047344977,6.0854172706604,0.07699257690414243,0.11118276913960774,0.027271239356698052,0.008397455765811619,0.08406156149478065,0.1340103571687765,0.0948736845191527,0.03857102031683802
167.0,0.1263562138718663,0.07303230880035085,0.5332390336187078,0.3854992294285874,3.693495250294411,0.614419059713586,0.9944464604079972,4.935276171428753e-05,0.25186198702767343,0.9983540220780852,12.623776421009097,625.8824409192463,6.0854172706604,0.07691023384996236,0.11111246860706127,0.027053362926486222,0.008457073945605005,0.08506416979828038,0.13617669341606334,0.09509550908311683,0.038441532709225706
168.0,0.1253109917963114,0.0719433327121435,0.5336765796379898,0.3864162998054016,3.6815070987366343,0.6135018601808016,0.9875331332813018,4.877701403447128e-05,0.2537154956668821,0.9983746166185209,12.225922319994424,646.249811932684,6.0854172706604,0.07592964669567856,0.10767479632875603,0.026755674282920448,0.008162301542592463,0.08468246399571226,0.13605298313039765,0.09476702098000205,0.03839925164917866
169.0,0.1258162011860021,0.07246874011237325,0.5334746061269429,0.38639792261312556,3.676917180458574,0.6135202246879479,0.9887415951542455,4.8201499647245366e-05,0.2555653066244662,0.9983951700736052,12.66118100899621,624.0334131852364,6.0854172706604,0.07680143895356552,0.10804158986737164,0.027473241452746062,0.008564160955119183,0.08531755012406757,0.13736819646886136,0.0956942007152982,0.0389301770375052
170.0,0.12504290793232037,0.07164893937935453,0.5339396789456874,0.3856690637885189,3.70676555918404,0.6142491903007521,0.9863733572532007,4.762629647735485e-05,0.25741121702599457,0.9984156801891777,12.573361406000913,628.3920222184239,6.0854172706604,0.07547288054074996,0.11077611382342567,0.027195187503158455,0.008365466453405242,0.08364108309411165,0.132363178585408,0.0954376605969247,0.03851603466229736
171.0,0.1245855079196915,0.07121879214399933,0.5336671464429025,0.38661915407107156,3.6761998088582226,0.6132989753697314,0.9837945009270676,4.705148240740595e-05,0.2592530244248229,0.9984361447158313,12.885672134012566,613.1616510049793,6.0854172706604,0.07645995469561948,0.10795548125209971,0.027242084830999373,0.008233347429026022,0.08398298583007212,0.13441916637950474,0.09387581669744641,0.03844439530748823
172.0,0.1252386680042845,0.07193782542279485,0.5330084215129663,0.3848955130451858,3.7028227621295033,0.6150228471156087,0.9931142877557733,4.647713526732069e-05,0.2610905268242951,0.9984565614091588,12.670970666003996,623.5512817655124,6.0854172706604,0.07683426685797515,0.10871077837740503,0.027856721199963463,0.00887357372318137,0.08390638576538274,0.13319535868101387,0.09631591642045922,0.03847513488509186
173.0,0.12388691639744802,0.0706312424756578,0.5325567251729778,0.38605386796532937,3.6625715734203954,0.613864352998515,0.9882286827619461,4.5903332823798704e-05,0.26292352269989794,0.9984769280299989,12.678639969992219,623.17409585729,6.0854172706604,0.07517696669202052,0.10887654444142696,0.02690992081487501,0.008294643171833642,0.0837285476722484,0.13276346149684498,0.09484957349373073,0.038012159436602834
174.0,0.12517647217186384,0.07188100249910487,0.5329546824073116,0.385516698315783,3.685949738003637,0.6144015816944549,0.9937511780279797,4.53301527697876e-05,0.26475181102136214,0.9984972423446818,12.561765315986122,628.9721071245596,6.0854172706604,0.07487180734997435,0.11021341849388942,0.027182132676633865,0.00831913827851261,0.08251579610924972,0.13257155827516634,0.09566952277539584,0.03795531835186991
175.0,0.12376867634912726,0.07053937375594538,0.5322930111400448,0.38679507625599385,3.6374485125467455,0.6131230302436973,0.9910269172836476,4.475767271396339e-05,0.2665751912747106,0.9985175021252746,12.821306671001366,616.239842220615,6.0854172706604,0.07465675319219432,0.10683983228990379,0.02728817628097722,0.008344144366206006,0.08252916093060912,0.12991861284855954,0.09489834856522117,0.03842152886453175
176.0,0.12295571456354128,0.06972935528540035,0.53226358266499,0.3868442953176067,3.6354822913931377,0.61307380598054,0.9949944150733007,4.418597017022215e-05,0.26839346348424875,0.998537705149825,12.525042242006748,630.816235772959,6.0854172706604,0.07499698908464146,0.1054921963169605,0.027673926758349114,0.008406675471093708,0.08104872538863536,0.12938689912729595,0.09556073500375929,0.03857983177031704
177.0,0.12396009880641551,0.07086991798333044,0.5309017952175596,0.3828372457346996,3.701613821510785,0.6170814152518913,1.0001122899454404,4.361512254718474e-05,0.27020642823449714,0.9985578492026055,12.629844266004511,625.5817438119136,6.0854172706604,0.07430298257931113,0.10540423866037603,0.027031781972412895,0.008185908999331824,0.08186571120479202,0.13075970959335506,0.09546372083882194,0.03824903411261829
178.0,0.12275236313357532,0.06963604519565925,0.5311631725764157,0.38349361682433053,3.6917389288625753,0.616424945121686,0.9933292216371092,4.304520713771559e-05,0.27201388669206145,0.9985779320743562,12.76703850600461,618.8592598263091,6.0854172706604,0.07294384109314962,0.10175079497797736,0.02676671637520431,0.007939642722453547,0.08118498349503785,0.13053476403369574,0.09480532162923994,0.03818723735919439
179.0,0.1232224931953874,0.07012210699870246,0.5310038537590462,0.38364470879377677,3.6839786301895177,0.6162738430999439,0.9929231998136173,4.247630110845725e-05,0.27381564062743935,0.9985979515625271,12.897471667994978,612.6006866606498,6.0854172706604,0.07370804979101471,0.10214242247571086,0.027380587600986002,0.008309033154451995,0.08170611018931022,0.13168013242424512,0.09582331444823718,0.03867195409009568
180.0,0.12260271157513479,0.0694358755690948,0.5316683525994463,0.3829094937195915,3.718971435034853,0.617009136649932,0.992537862031524,4.190848148938206e-05,0.27561149243676103,0.9986179054715195,12.560821445003967,629.0193706353975,6.0854172706604,0.07239335674505967,0.10502112767666824,0.027281990780098603,0.008193035883143776,0.08027835855474713,0.1271675243767996,0.09541021086491984,0.038425823763028104
181.0,0.1221864436445561,0.069032221316816,0.5315422097152885,0.3841391756381887,3.6850759419078027,0.6157792950111044,0.9888994112872969,4.134182516336216e-05,0.27740124516346065,0.9986377916129273,12.568528146002791,628.633671995458,6.0854172706604,0.07407239656197143,0.10217651622927088,0.02723353961110115,0.008043180143900822,0.08070980709761821,0.12883951798790977,0.09369332352538168,0.038253373266206925
182.0,0.12243503070457754,0.06934038720909003,0.5309464263849629,0.3823136237697833,3.7158200605928617,0.617605087787588,0.9944754305738027,4.077640885575969e-05,0.27918470251987776,0.9986576078057764,12.556607990001794,629.2304423528373,6.0854172706604,0.07379698674770688,0.10267124010053108,0.02738258241053294,0.008280141306208473,0.08044135869678223,0.12734350858931523,0.09577940805787738,0.03795934614922855
183.0,0.12149578096964377,0.0684224098096647,0.5307337053892447,0.3836810056800526,3.676317678042838,0.616237545742172,0.9916549160606936,4.021230912403806e-05,0.28096166890878416,0.9986773518767643,12.58770216400444,627.6761157086758,6.0854172706604,0.07262083201226825,0.10313998114678168,0.02664593799924298,0.008117313178778902,0.08071946793982986,0.12741183085011737,0.09448462485419057,0.037655804733004734
184.0,0.12241873093898983,0.06932620861748022,0.5309252159729168,0.38301232940350105,3.6978222957790208,0.6169062966923822,0.9969580635935759,3.964960234739607e-05,0.28273194944483615,0.9986970216604982,11.890703461001976,664.4686772244355,6.0854172706604,0.07162160833441529,0.10424105628300728,0.026836818019757097,0.00800297233016835,0.07909252530650089,0.12677182459972314,0.09505518661510666,0.037602066750924604
185.0,0.12111999493183297,0.06807349729184907,0.5304649666342127,0.3843005403372747,3.654110676637859,0.6156179116671786,0.9908286579619962,3.908836471642619e-05,0.28449534997594794,0.9987166149997327,12.446201613987796,634.8121495252316,6.0854172706604,0.07164360397130161,0.10102902336628981,0.02689137605167705,0.008000448599774787,0.0790440883555051,0.12406482592652632,0.09421232522585488,0.038034064905537714
186.0,0.1201846351166448,0.06716166519089721,0.5302296871324835,0.38443660527116935,3.6448270889222356,0.6154818329354236,0.9961944321426708,3.8528672222798294e-05,0.28625167710458477,0.9987361297456065,12.62570698899799,625.786738666192,6.0854172706604,0.07173888391328727,0.09952139948742299,0.026912634658280567,0.007922136323724337,0.07761763595242556,0.12380578743284615,0.09478668152628356,0.03804551228206961
187.0,0.12090432005956224,0.06799725868791406,0.529070600921965,0.38077720732285153,3.7073349119243613,0.6191417332948453,0.9980127486439087,3.797060064897042e-05,0.2880007382089738,0.9987555637578774,12.572889369999757,628.4156145406497,6.0854172706604,0.07038086682117631,0.09909763697024945,0.026266151478180677,0.007708028397139381,0.07819981365076177,0.12468603710060269,0.09455856138200902,0.03766751675694077
188.0,0.12070478638121333,0.06773871213052488,0.5296607389961251,0.3816068693250512,3.7013468519070076,0.6183119578129761,0.9934976314943118,3.741422555792778e-05,0.2897423414642291,0.9987749149051581,12.638664247002453,625.1451771791392,6.0854172706604,0.07047399629899605,0.09696244518157884,0.026892501532968256,0.007877559183691377,0.07878428178234545,0.1254703697808292,0.09447971482576425,0.03812035173177719
189.0,0.12066537199133846,0.06771607836007076,0.5294929284896146,0.38168852767707756,3.695110164010333,0.6182302794053938,0.991899042065544,3.685962228295155e-05,0.2914762958633901,0.9987941810651487,12.496304102998693,632.2669434800347,6.0854172706604,0.07067182511091233,0.09676008282378833,0.02705056018192276,0.007999746669934004,0.07861343063739291,0.1257393482278605,0.0950805050122809,0.038247254333998025
190.0,0.12004322504419387,0.06703776968229332,0.5300545454658959,0.38074331867620925,3.7327806475856247,0.6191756089734602,0.9894972727458969,3.6306865917418675e-05,0.2932024112383696,0.9988133601248708,12.479321570004686,633.1273663939276,6.0854172706604,0.0694979234230824,0.09959997957156709,0.02706781014947608,0.007930800002164791,0.07691947770165189,0.12153756665525117,0.0945914325254092,0.03795283813642165
191.0,0.11978549299481821,0.06681168586517373,0.5297380603124727,0.3819100761727402,3.695699622488945,0.618008706331585,0.9884117362982351,3.575603130463429e-05,0.29492049828081013,0.9988324499808979,7.778513479002868,1015.746777495182,6.0854172706604,0.07092236464026005,0.09733639078007804,0.026987415194511415,0.007799977650029741,0.07779343568632756,0.12354895827316102,0.09285973595003041,0.03793781904661679
192.0,0.1196928504039224,0.06675619674440336,0.5293665266975454,0.3805230973476308,3.7210857382666807,0.6193958660678431,0.9913614710710151,3.520719302769785e-05,0.2966303685628461,0.9988514485395872,9.537684341004933,828.3981433555721,6.0854172706604,0.07050747991091823,0.09710107562018604,0.02682024105311186,0.007961134598619477,0.07685730690983208,0.12167368063413764,0.09480048740443123,0.0375023369405992
193.0,0.11888115237014472,0.06597170370460356,0.5290944801374502,0.3816068769029357,3.687190089764708,0.6183119539731123,0.9885269986151322,3.466042539940461e-05,0.2983318345577691,0.9988703537173086,5.906221836004988,1337.7418287668474,6.0854172706604,0.06938929784154606,0.09787311092499763,0.026179996552844767,0.007766551280577252,0.0772307858433077,0.12179585922689058,0.09367962163395999,0.037127263374988013
194.0,0.1199017135765172,0.06696378857033145,0.5293792422595408,0.38147947598433074,3.697494290053369,0.6184393603987912,0.9946218111774254,3.4115802452183675e-05,0.3000247096605947,0.9988891634406732,10.797112073007156,731.7697497789753,6.0854172706604,0.06889518466456637,0.09901046868330743,0.026398835959234788,0.007719877204790558,0.07602098038322047,0.12137607051540879,0.09406540182817989,0.037151359036837965
195.0,0.11865925974177342,0.06574897569744606,0.5291028290424992,0.38252720558527165,3.664390622988605,0.617391492690999,0.9899208266408274,3.357339792807395e-05,0.3017088082085281,0.9989078756467614,12.684742750003352,622.8742794171299,6.0854172706604,0.06884434604838023,0.09591681118190347,0.02644988929731606,0.007685706003549251,0.07595215370459134,0.11860019044592328,0.09308280442307808,0.03760552379272638
196.0,0.11781274757778595,0.06492889050190138,0.5288385597531847,0.38304832183534687,3.6447559887661902,0.616870312302373,0.9920543057302058,3.303328526873947e-05,0.30338394550132564,0.9989264882833481,12.736232083989307,620.3561577628859,6.0854172706604,0.06870217597195011,0.09458160123744594,0.02664368678575818,0.007700149649250245,0.07467806535623532,0.11842902216745253,0.09382371079838024,0.037714054117250685
197.0,0.11849149084101748,0.06570443933375379,0.5278705030796634,0.3792324362563387,3.7159517815921475,0.6206867123175205,0.994471222611111,3.2495537605525384e-05,0.3050499378215523,0.9989449993091284,12.657765600000857,624.2017943514031,6.0854172706604,0.06769583965169973,0.09422652621369262,0.02581978479893389,0.0074587590599519485,0.07531865863426829,0.1192964202997024,0.09345276148165044,0.03719788667105844
198.0,0.11823398717018399,0.06541222972360884,0.5282175623077544,0.38011932225185713,3.7024561680505403,0.6197997026542458,0.9903451627590222,3.196022774955601e-05,0.3067066024547302,0.9989634066939415,12.490421028996934,632.5647455484136,6.0854172706604,0.0676353104150475,0.09213456731711703,0.026470848225839318,0.007582477678399567,0.07566849813393667,0.12023504544714053,0.09322229910229639,0.03762102136051798
199.0,0.1181176872856782,0.06530804166879371,0.5280964458657131,0.3799594764829572,3.7034242740689525,0.6199595707682866,0.9876423338790012,3.142742818187611e-05,0.3083537577093773,0.998981708418993,12.281203599006403,643.340853060951,6.0854172706604,0.06769699872187947,0.0918907271504284,0.026463899173234638,0.00762009600571577,0.07537382803532132,0.12013893000415114,0.09399022265646614,0.03772350752128745
200.0,0.11777896694617397,0.0648989108064713,0.5288005467155827,0.3793097896608216,3.7372689638510788,0.6206093300989709,0.9860153065921535,3.0897211043637e-05,0.30999122293693443,0.998999902477077,12.656771312002093,624.2508302656685,6.0854172706604,0.06710162251423567,0.09500496969981627,0.026693326175803004,0.007640850065285678,0.0741535564031285,0.11657917664130998,0.09343984543782546,0.03746157625844213
201.0,0.11719109256038815,0.06433769172146386,0.5285339985689231,0.3806610399485389,3.696824001067953,0.6192579130751621,0.9833836764598886,3.0369648126328658e-05,0.311618818551577,0.9990179868727953,12.877330390008865,613.5588480458767,6.0854172706604,0.06793758578092736,0.09225824367032091,0.026393068730831148,0.007416490599959013,0.07467313752385783,0.11776592215848347,0.09149687685103083,0.03738470484284019
202.0,0.11721197036214606,0.06440366479786132,0.5280830474793647,0.37886233795082974,3.7305178097902467,0.6210568538724192,0.9861703485556003,2.984481086205902e-05,0.3132363660499116,0.9990359596227768,12.45190434801043,634.5214177028612,6.0854172706604,0.06778388236163838,0.0922746161014084,0.026211477901565146,0.007633710272315882,0.07395438104867935,0.11628898711081045,0.09340236097931733,0.03701824723000909
203.0,0.11659160332579566,0.06380682527158943,0.5278477823412911,0.38024216237784547,3.6901404580923898,0.619676856138543,0.9840376361037128,2.9322770313882205e-05,0.31484368803055207,0.999053818755895,12.484484443994006,632.8655408594775,6.0854172706604,0.06664023248251072,0.09326512102157838,0.025891215529681173,0.007481202041577423,0.07446560928945513,0.11660648067042513,0.09250172718269069,0.03672805419278219
204.0,0.11748179441621795,0.06467153222300466,0.5281026121438749,0.3797850440105537,3.707939317536918,0.6201340245560836,0.9910170185069558,2.880359716617645e-05,0.3164406082135761,0.9990715623134842,12.53275328699965,630.4281125677137,6.0854172706604,0.06613734393900433,0.09431928084642127,0.026022980537714135,0.007417435483219697,0.07304142964513678,0.11625250656694115,0.09264528902961909,0.03674960439899545
205.0,0.11655964046893973,0.06377507753103477,0.5278456215993647,0.38124930998929285,3.664907820450175,0.6186695631026256,0.9865526791057049,2.8287361715073552e-05,0.3180269514598587,0.999089188349554,12.45595209900057,634.3152203221747,6.0854172706604,0.06648827058082897,0.09176767584366718,0.026068855789756398,0.007459328117522788,0.07352991037969274,0.11383518769814535,0.09186448293808111,0.037199835533336285
206.0,0.11532197791954306,0.06258126850117461,0.5274070786563766,0.3814979316939011,3.6477287417045954,0.6184209160617056,0.9867862101416545,2.7774133858940644e-05,0.3196025437902794,0.9991066949310031,11.992019664990949,658.8548235178334,6.0854172706604,0.06579434467472045,0.08987427977569999,0.025963014572771923,0.00727625435707206,0.07167232036590576,0.11343123331591858,0.09221945034943468,0.0370718517794681
207.0,0.11634011141726705,0.06367353904214845,0.5266657110000469,0.377802149281745,3.7215891457135095,0.6221171918058377,0.9902312985674789,2.7263983088915974e-05,0.3211672124048041,0.9991240801378312,12.5462964479957,629.7475938616294,6.0854172706604,0.0654383639983943,0.09023281291767314,0.0254749802499211,0.007213483747797612,0.07267715007711267,0.11437965657247308,0.09216827711655726,0.036855831926251637
208.0,0.11581507236342568,0.06310782501177688,0.5270724638385601,0.3786266409940409,3.7111457020040555,0.6212925891033714,0.9851737298130793,2.6756978479499884e-05,0.32272078570143586,0.9991413420633493,12.603677573002642,626.880523897574,6.0854172706604,0.06489858136105178,0.0877552486992822,0.025843847325725495,0.0071529805447591065,0.07271108269812247,0.11514118796823951,0.09164007639480849,0.03709547885929246
209.0,0.11574404092321455,0.06304491549605826,0.5269912474141244,0.3788727202787835,3.702963230172647,0.6210464713784988,0.9847873120560795,2.6253188679201963e-05,0.3242630932950351,0.9991584788143892,12.876381235997542,613.6040751816016,6.0854172706604,0.06505304170043572,0.08765338309574411,0.025628796020741404,0.007202113491649203,0.07253614050687573,0.11529212212953412,0.09238653361915831,0.037052635728661805
210.0,0.11530067865500916,0.06253748503982183,0.527631929864945,0.3780845810289459,3.738683699565724,0.621834726495662,0.9818933519920569,2.5752681901246166e-05,0.3257939660360065,0.9991754885115112,12.769700836011907,618.7302350669285,6.0854172706604,0.06405345332928193,0.09052312755880278,0.025878916356233087,0.007236306129959581,0.0712384850541983,0.111692435113636,0.09174270124108959,0.03689749430830803
211.0,0.11496877902452741,0.06222379832720548,0.5274498019697033,0.3796148460328677,3.6958740243065615,0.6203042615774145,0.9801106439664565,2.525552591433462e-05,0.32731323602885004,0.9991923692892094,12.852081132994499,614.7642485477439,6.0854172706604,0.0653269283677307,0.0883149637753128,0.02565963326394558,0.007076485668788631,0.0720565774170636,0.11317588968409432,0.08994500381956375,0.036812353239962334
212.0,0.11492314334421758,0.06223651603403657,0.5268662545352386,0.3774904490814769,3.7343951759270784,0.6224289180025121,0.9817575590019965,2.476178803347179e-05,0.3288207366505746,0.9992091192961174,12.526745570008643,630.7304603453001,6.0854172706604,0.06521698832511902,0.08821550187298922,0.025417146005894023,0.007219163896496603,0.07124311612410979,0.11181065885431737,0.09186777144247989,0.0363692651355832
213.0,0.11437126949812366,0.061688986065500585,0.5268228273801511,0.3791203556740047,3.6925618871527823,0.6207988267759027,0.9807836679835332,2.4271535110850042e-05,0.33031630256897193,0.9992257366952108,12.732454469994991,620.5402123070077,6.0854172706604,0.06410516425220665,0.08936443444221251,0.02513403569179152,0.007118135773724939,0.07180463678367763,0.11201652309679636,0.09088503496675956,0.03609778941969384
214.0,0.11543941148518459,0.06273895956848395,0.5270045144379011,0.37853981609013154,3.7116175164996545,0.6213794306341175,0.9881822917600506,2.378483352679775e-05,0.3317997697607494,0.9992422196640083,12.618626216004486,626.1378905081589,6.0854172706604,0.06400543195608804,0.09050415925111799,0.025544978327151992,0.007115232103417829,0.07065335116888348,0.11199850719826226,0.09129311909874482,0.036234906637498655
215.0,0.11421900664367429,0.061549056885763294,0.5266994900408312,0.37993624818097216,3.6690811269601045,0.6199828131623456,0.9830591469501456,2.3301749180791517e-05,0.33327097552951856,0.9992585663947724,12.545704987001955,629.7772829973185,6.0854172706604,0.063758260633687,0.08782723896124521,0.02519945324172635,0.007014961100797704,0.0705837442628093,0.10906491586176419,0.09023510806518456,0.03659690495940947
216.0,0.11315689016962908,0.06052638050897214,0.5263050869286415,0.3802577091944156,3.651184558264893,0.6196613178541654,0.983027159571723,2.2822347482533222e-05,0.33472975852363895,0.9992747750947071,12.440008929988835,635.1281614399204,6.0854172706604,0.0633100407567584,0.08604934943627708,0.025227055981740777,0.0069066096612351215,0.06902875489180196,0.10898096336061089,0.09071561206905629,0.036499503090153984
217.0,0.11405235211157584,0.06150046732324299,0.5255188417501079,0.3766366776567881,3.7220541638160807,0.6232828303932042,0.9858544259686332,2.23466933430937e-05,0.3361759587539137,0.9992908439861546,12.684403036997537,622.89096120287,6.0854172706604,0.06271998518206216,0.08633660805689825,0.02473747453952781,0.006815021173767821,0.06991188711535673,0.10983502068547697,0.09059054044941764,0.036308443901960745
218.0,0.11359930963338802,0.06100341230970352,0.5259589624169536,0.37748737995903064,3.711789682626332,0.6224320056453232,0.9823944486103364,2.1874851166123634e-05,0.33760941761113633,0.9993067713067904,12.601120598003035,627.0077282850632,6.0854172706604,0.06226741569725113,0.08401112033815807,0.025064231071340697,0.006821664925531753,0.07011460418517587,0.1107756475425277,0.08992150333800084,0.03651373357657926
219.0,0.11366735585859011,0.06108197549808525,0.5258537970107049,0.3777414326267354,3.7028092484340807,0.6221779205047425,0.980804994481679,2.140688483913334e-05,0.33902997788348554,0.9993225553098165,12.832652929995675,615.6949808509053,6.0854172706604,0.0626938354709874,0.08405118300491801,0.024979145149229026,0.0068891646757845565,0.07001645965673296,0.11106005188871602,0.09086153148182818,0.03655798568981288
220.0,0.11315242258329479,0.06050312077800332,0.5264930116226516,0.3769694385445883,3.7380893308593417,0.6229500005236458,0.9796473576123014,2.0942857724842466e-05,0.3404374837737675,0.9993381942641529,12.429534152994165,635.6634048184918,6.0854172706604,0.06163712773567591,0.08678976877415476,0.02510925850065628,0.006855293915370585,0.06871251770627429,0.10756660166106516,0.09007982297557024,0.036304627941869984
221.0,0.11273847808529797,0.06008827333253571,0.5265020373772555,0.37819477512917626,3.7076817268571465,0.6217245224487509,0.9768443280210255,2.0482832652600496e-05,0.34183178091650224,0.9993536864546279,12.715974708989961,621.3444254819207,6.0854172706604,0.06266246831163447,0.0846934702533942,0.02480242744088173,0.006642169777546136,0.06934472786381914,0.10879500671511605,0.08815822544902441,0.03615163093252765
222.0,0.1126949686692374,0.060109364722947686,0.5258560322640954,0.3763296091772306,3.7381606971654784,0.6235899225003718,0.9789516354433994,2.002687190987983e-05,0.3432127163948537,0.999369030182165,12.575138579995837,628.303215088912,6.0854172706604,0.06268900596587701,0.08457361161708832,0.024462997618134252,0.006781298380631667,0.06864893182434818,0.10756542993731708,0.08998395201944083,0.0357254867343681
223.0,0.1125332854161035,0.05994783655429487,0.5258544844368593,0.37777954328665175,3.7018735394600357,0.6221398228468012,0.9792406762601333,1.957503723384193e-05,0.3445801387574006,0.9993842237639711,12.731390982997254,620.5920476836952,6.0854172706604,0.06205799327584689,0.08613966249169842,0.024567092765252103,0.006853385023553804,0.06960946206045199,0.10821326317527259,0.08941128329048312,0.03564974188927649
224.0,0.11326712958062997,0.06067292557418942,0.5259420327892215,0.37752568889246635,3.7104087068436793,0.6223936964403057,0.985765849769968,1.91273898029781e-05,0.3459338980347461,0.9993992655337194,12.639536557995598,625.102033112277,6.0854172706604,0.061388963014181314,0.08689351568840596,0.024645640868791112,0.006700509790446341,0.06815328365878055,0.1080577942511504,0.08957931426631349,0.03559939247648973
225.0,0.11233245685966298,0.05976467055676783,0.5256778550078606,0.3787535072738438,3.673108847137343,0.6211657091388672,0.9811388905056517,1.8683990228826017e-05,0.34727384575596604,0.9994141538417329,12.856893803007551,614.5341262873119,6.0854172706604,0.06155913105006155,0.0846605104967025,0.024510331789887634,0.006665190602553652,0.0683357503778016,0.10533401873615926,0.0887781853131265,0.036086622655632034
226.0,0.11136076611618409,0.05881978787124391,0.5254097738578009,0.3792142899198451,3.654887096653436,0.6207048761333156,0.9806448553064445,1.824489854776276e-05,0.34859983496489166,0.9994288870551654,12.71261489999597,621.5086402092228,6.0854172706604,0.06130377604411198,0.08294297490693346,0.024616976723842415,0.00662810493536846,0.06679902421300647,0.10531226088158527,0.08932045690991813,0.03602227517707863
227.0,0.11234473804743467,0.059859884788025605,0.524848524550368,0.37595308986876136,3.722385959615588,0.6239665087725962,0.9844927242052373,1.7810174212876046e-05,0.34991172023622713,0.9994434635581803,12.812438157998258,616.6663910933879,6.0854172706604,0.0608759499535772,0.08338224685394562,0.024187194045716925,0.006545984845525352,0.06787511979514613,0.10624579865712314,0.0892992836918997,0.03587088136025417
228.0,0.11169330419381047,0.059187430502259115,0.5250587260522446,0.37659146091014944,3.7116815894483812,0.6233280542650912,0.9800025639602193,1.7379876085914112e-05,0.35120935769149875,0.9994578817521278,12.815971741991234,616.4963655555323,6.0854172706604,0.06013576337440529,0.08091454966902145,0.024282795295103483,0.006476195318345266,0.06796026278170167,0.10694914126614911,0.08834668182779999,0.03596295993849934
229.0,0.11173709340600059,0.05924533521941592,0.5249175729668302,0.3768536222198314,3.7015988670743094,0.623065853938168,0.9793767191808204,1.6954062429315902e-05,0.352492605014834,0.9994721400557204,12.502843801004929,631.9362319286872,6.0854172706604,0.060455961784590846,0.08093359596783625,0.024176060459633105,0.0065088188159762575,0.0677602765169338,0.1072597678323261,0.08933958873360105,0.03598159122490717
230.0,0.11117120009161312,0.05862034346218532,0.5255085554640138,0.37603762625908643,3.7367733395442135,0.6238819450958517,0.977589556437899,1.6532790898322366e-05,0.3537613214685707,0.9994862369052063,12.587627938992227,627.679816903816,6.0854172706604,0.05945115878031804,0.08353628846239453,0.024227858445431925,0.006462479927070401,0.06633478025479159,0.10394364372042744,0.08843373167193282,0.03566541537201076
231.0,0.1109560857743964,0.058388387464923266,0.5256769753697401,0.37727698547947847,3.709999880026057,0.6226424276640168,0.9749346053112973,1.611611853316982e-05,0.35501536790869126,0.999500170754541,12.46278468100354,633.9674641128269,6.0854172706604,0.060510035374002735,0.08179190869514759,0.02414273205399513,0.006334797482095636,0.0671758190751663,0.10525347706344393,0.0867556301041395,0.035660196367570396
232.0,0.11102443548557563,0.05853360732023648,0.5249082731938094,0.3755840383863286,3.7331059727694713,0.6243355956926722,0.976991096564055,1.5704101751366804e-05,0.35625460680008353,0.9995139400755565,12.537215264004772,630.2037441029132,6.0854172706604,0.06081161341246437,0.08184568541563624,0.02388804193830838,0.006545133540201584,0.06665757744375503,0.10420870222893369,0.08864412387688782,0.03530491376430921
233.0,0.11081008068060154,0.058306777818438946,0.5250330198536853,0.37684677564830754,3.7046562574314414,0.6230727039006915,0.9773070785368927,1.529679634005505e-05,0.3574789022316246,0.9995275433581292,12.771174152003368,618.6588567317124,6.0854172706604,0.060116660947312335,0.08325752429664135,0.023855042345390355,0.006528572029346391,0.06760892870472354,0.10488788667964735,0.08795602265291097,0.03508804201833727
234.0,0.11158100085316723,0.05907101389041899,0.5250998570743716,0.37659612235774304,3.712593386345552,0.6233233788951622,0.9839029634561649,1.4894257448455929e-05,0.35868811993108635,0.9995409791103455,12.637727464010823,625.1915166314615,6.0854172706604,0.05964501275583602,0.08405052346158466,0.023985205879386184,0.006422018102302994,0.06615642936606156,0.10477587016376518,0.08817988246042634,0.03514099324429351
235.0,0.1105558710018829,0.05807441396200495,0.5248145606001484,0.37784772467468375,3.6741710317510545,0.6220716152473608,0.9786337611192752,1.449653958040328e-05,0.359882127279862,0.9995542458586651,12.666935547997127,623.7499172599241,6.0854172706604,0.059576184916278876,0.08172687561584954,0.023731952999705628,0.006306867028011921,0.06627379143123566,0.10204866462002145,0.0872112168907123,0.03549340289206274
236.0,0.10968859368785999,0.05723460002226734,0.5245399308074895,0.37826789355990165,3.656800900150169,0.6216513996048225,0.9787342410618075,1.4103696586963488e-05,0.36106079332751023,0.9995673421480834,12.677188803994795,623.245430998887,6.0854172706604,0.05947297165992289,0.08014517047988715,0.0239399547016192,0.006306324672991623,0.06481068208417781,0.10218949276416456,0.0878127617247724,0.035486553541979
237.0,0.11062122614168544,0.05822358801706337,0.5239763729724081,0.37495460728726315,3.7255442080022774,0.6249651189937333,0.9822340257076384,1.3715781659144138e-05,0.36222398880611734,0.9995802665422902,12.705134293995798,621.874575834579,6.0854172706604,0.058964016461020036,0.08064671168913255,0.02345480443260933,0.0062100186029687135,0.06571933369312424,0.10313652616821244,0.08780103038199505,0.03538666503051671
238.0,0.10996153554917439,0.05753587334527726,0.5242566171891628,0.37562348365542286,3.715828445799335,0.624296158058042,0.9777620548900812,1.333284732069187e-05,0.3633715861444742,0.9995930176238275,12.933297879993916,610.9037364879526,6.0854172706604,0.05810520514171926,0.07818564816648738,0.023357812793232097,0.006108452397931242,0.06589845176163416,0.10398774166476593,0.08687052478343397,0.03535555838700758
239.0,0.11011031334339222,0.05769882960191498,0.5241148181466148,0.37603348633138883,3.7020334407447666,0.6238860992929057,0.9786621510809003,1.2954945420980679e-05,0.3645034594820675,0.9996055939942452,12.694539682997856,622.3935800194492,6.0854172706604,0.058545715944922486,0.07837735218382685,0.023400357754727607,0.006175613166045598,0.06574995765168036,0.10431567536758594,0.08801755913446248,0.03546657146147962
240.0,0.10974704939671641,0.057281320187343464,0.5246572860915847,0.37535963635884606,3.7324413177167717,0.6245600293669696,0.9771597247050693,1.258212712799155e-05,0.3656194846828833,0.9996179942742542,12.47806639999908,633.1910527420004,6.0854172706604,0.05787960740236136,0.08122029611148125,0.023596628231577352,0.006187000623638765,0.06469533576486636,0.10134580990031392,0.08719849979110773,0.03526187554930277
241.0,0.10934989321531337,0.05687519500767366,0.5247469750209302,0.37603196642426295,3.717875328505738,0.6238876175931731,0.9749174075946825,1.2214442921384216e-05,0.36671953934902124,0.999630217103878,12.352392250002595,639.6331852235619,6.0854172706604,0.05864382058895347,0.07933963717431085,0.023405678048729898,0.006042890496728836,0.0652238803544068,0.10236727789280907,0.08532938152674294,0.035145674055144634
242.0,0.10947359289651942,0.057059636698118,0.5241395527992712,0.3746070543990348,3.7383125496731426,0.6253127146938031,0.9761455093829062,1.1851942585662262e-05,0.36780350283411845,0.9996422611426014,12.582351211007335,627.9430503488109,6.0854172706604,0.059093049767051216,0.07948013855432107,0.023104593623915107,0.006215595276232445,0.06485124073471084,0.10140092825272169,0.08723487868303821,0.03478553347354475
243.0,0.10911282579395805,0.05670120916886279,0.5241161548944987,0.37587624551404686,3.705997874353252,0.6240433707159994,0.9765221410092787,1.1494675203432262e-05,0.3688712562565811,0.9996541250695176,12.474400305000017,633.377140930222,6.0854172706604,0.058040849371759115,0.0805583244730388,0.023025828381302734,0.006168790410717208,0.06555059178524425,0.10201978089924378,0.08648794241310136,0.0345491628836306
244.0,0.10989694190189787,0.05746129416556407,0.5243564690461476,0.37575832807086806,3.714953542163049,0.6241612917350042,0.983593637264917,1.114268914875806e-05,0.36992268251262256,0.9996658075834736,12.512632645011763,631.4418575334569,6.0854172706604,0.057720217919913976,0.08140962542776678,0.023171999816495086,0.006066378298186764,0.06409258691888106,0.10190203045246869,0.08666001992453637,0.03458266785698364
245.0,0.10897063310595799,0.05656106798281218,0.5240956402144814,0.3770611161386615,3.675863192302036,0.6228583386058733,0.9776529998903621,1.0796032080610801e-05,0.3709576662891066,0.9996773074032123,12.749334287000238,619.7186317450469,6.0854172706604,0.057716266120941564,0.07927789486878481,0.02293018451515269,0.005984481400314798,0.06429442203541066,0.09920127669252321,0.0858031077415941,0.03501583040962296
246.0,0.1083262384620562,0.05595230137833371,0.5237393564188757,0.3774133238169592,3.6581508721932328,0.622506080964082,0.9783507307456002,1.0454750936415969e-05,0.3719760940761939,0.9996886232675133,9.37029709199851,843.19631730213,6.0854172706604,0.05780786622753027,0.07806567869734664,0.02325888209776234,0.00601038128466071,0.06326329856952623,0.09975993390107037,0.0866005983850064,0.03507201542806386
247.0,0.10911671920088843,0.05678541370329337,0.5233130531210851,0.3742928652427812,3.7255047293135433,0.6256269525084491,0.9823242398156892,1.0118891925698067e-05,0.37297785417979146,0.9996997539353311,9.243379949999508,854.7739076765336,6.0854172706604,0.057221278239940776,0.07853209591292953,0.0226632344026402,0.005867935025698031,0.06386860698676379,0.10043160397786288,0.08645582104203713,0.03487331567355144
248.0,0.10852472010163955,0.0561689979137084,0.523557210478537,0.37504797297676157,3.712730937057802,0.6248717484874312,0.9773284102629867,9.788500523823766e-06,0.37396283673380176,0.9997106981859312,8.388861567989807,941.8441269967564,6.0854172706604,0.056434712218279816,0.07604465188064012,0.022647008631666795,0.005836987068589918,0.06412241004762195,0.10141671651729385,0.08555542376794939,0.03492015345867379
249.0,0.10874965219441252,0.05639748025387092,0.5235217056565912,0.37539519965384616,3.703162663195076,0.624524467211104,0.9782776706672262,9.463621465844627e-06,0.37493093371217295,0.9997214548190242,5.910123351000948,1336.8587304801133,6.0854172706604,0.057002435333055,0.0763134172461314,0.02272275393368744,0.005934420648452158,0.06402477966016294,0.1018346864424768,0.08679197986367683,0.03502504345558606
250.0,0.10836215539418237,0.05596348887254974,0.5239866611671182,0.37485899091702357,3.7281918665107754,0.6250607473626044,0.9766188872236192,9.14429874043986e-06,0.37588203894074546,0.9997320226548971,13.183569090993842,599.3066024432982,6.0854172706604,0.05632072436503875,0.07914169397482201,0.022933010712708576,0.00592187048934902,0.06300792527942398,0.09888889533293083,0.08584036637885936,0.034830576491916024
251.0,0.10793918353943806,0.055527715023039804,0.5241146795569515,0.3754404874756855,3.7168549298787474,0.6244791680356397,0.9748475306879915,8.83057558396038e-06,0.3768160481088975,0.9997424005345433,12.752102458995068,619.5841058685031,6.0854172706604,0.05701464094531089,0.07722573348472261,0.02267100356519222,0.0057744654654779915,0.06344542004204735,0.09987114044645476,0.08399445664735487,0.03470558298410043
252.0,0.10813899275442118,0.05579234493563725,0.523466472964606,0.37402101884973366,3.736136487399064,0.6258988195907434,0.9762210664741904,8.522494474574453e-06,0.37773285878098406,0.9997525873197887,12.463730761999614,633.9193417182262,6.0854172706604,0.05760434910685247,0.07746863916395157,0.022432687943869264,0.005933587526488205,0.06321518986739895,0.0990522333469049,0.08604938475945263,0.0343235824455481
253.0,0.10785224594325751,0.055512760238600085,0.5233948496289984,0.37522618645520894,3.704216724135516,0.6246935080356378,0.9768237095364376,8.220097126516249e-06,0.3786323704075721,0.9997625818934175,12.814582855993649,616.5631834285216,6.0854172706604,0.056617831538817685,0.07862224237572762,0.022400917219264165,0.005922003840723782,0.06398105542351104,0.09978964618666866,0.08537726734227281,0.034138418910919205
254.0,0.10853394695402414,0.056173743604444396,0.5236020279434599,0.37486280002046,3.7184808844781316,0.6250569358337923,0.9832572722160399,7.923424484437716e-06,0.37951448433646784,0.9997723831592941,12.471745704999194,633.5119546923532,6.0854172706604,0.05613232067468368,0.0793699917580936,0.02250484811697955,0.005785549516530381,0.06238173001690915,0.09962455725528785,0.08543630212636348,0.03416643356961291
255.0,0.1076706902405353,0.055320039372657795,0.5235064976834871,0.3764655998033476,3.676022599971893,0.6234539350427083,0.9774599285944099,7.6325167178646e-06,0.3803791038235361,0.9997819900424837,12.670769286007271,623.5611920363291,6.0854172706604,0.05620251253262359,0.07734848939889981,0.022223315265992218,0.005722423084080219,0.06259997311498465,0.0969675065480434,0.08461082131085622,0.034592500887811184
256.0,0.10703680259285811,0.05471997173547126,0.5231682991486624,0.376923909535545,3.6561098390856115,0.6229955620470568,0.9778595327229579,7.347413215757582e-06,0.3812261340433111,0.9997914014893701,12.444924969997373,634.8772707788906,6.0854172706604,0.05628005457431198,0.07612479915095784,0.022578537174517722,0.005756071740705408,0.06161194013611797,0.0975765585306272,0.08539630865739843,0.03458515405654907
257.0,0.10778822568327155,0.05553011799370499,0.5225810750634319,0.37359965186664656,3.7245356105065257,0.6263202603384447,0.9822648635711447,7.0681525811789215e-06,0.3820554820993953,0.9998006164677711,12.714627393012051,621.4102667564118,6.0854172706604,0.05572830702870937,0.076391612911796,0.02199004590511322,0.005594757451670165,0.06231490296266597,0.09819074440564528,0.08529975681162592,0.034450494212868776
258.0,0.1073650170375525,0.055064576314572455,0.5230043958507147,0.37444511383730406,3.71398204783068,0.6254746802259648,0.9774030960899202,6.794772626065627e-06,0.3828670570346487,0.9998096339670517,12.60699392099923,626.7156190850108,6.0854172706604,0.055127185163785467,0.07433053804148594,0.02203536673606011,0.0056289754291497,0.06271285766767755,0.09933249277198472,0.08445602887173592,0.034552851026077344
259.0,0.1074856413150419,0.05519808021205133,0.5228756020648798,0.3746748403829346,3.7050190672001166,0.6252449255867135,0.9786186680478728,6.527310366109738e-06,0.3836607698411635,0.9998184529982351,12.857527872009086,614.5038205361797,6.0854172706604,0.05551115135135858,0.07447355075917467,0.02203883482558042,0.005663605634880511,0.062456896013709434,0.09968975461164459,0.08563210760385806,0.034593560874402934
260.0,0.10719387442035745,0.05485324040357033,0.5234063352954311,0.3742436884309865,3.7290662026016066,0.6256761276228581,0.9770181730508412,6.265802015746355e-06,0.38443653347002626,0.9998270725941114,12.507154562990763,631.7184264580384,6.0854172706604,0.054907652598160966,0.07742422455844801,0.02229559248921895,0.005662805494403592,0.061607903294395985,0.09696617966455351,0.08472222912113696,0.03444846018585657
261.0,0.10687660501812277,0.05452492051821406,0.523516839523132,0.3748811125876013,3.715893273715082,0.6250386225876967,0.9754142850550681,6.010282983250228e-06,0.38519426284086516,0.999835491809343,12.79132662700431,617.6841722827925,6.0854172706604,0.05576434423495933,0.07562484432998885,0.022080974876880644,0.005566774633923551,0.06222739730562483,0.09806224786572987,0.08300093730045444,0.034336782977190713
262.0,0.10701621116648564,0.05472844607544359,0.5228776406402935,0.37347566243697233,3.7350494701369565,0.6264442522877939,0.9763262820853386,5.760787865941451e-06,0.38593387485118025,0.9998437097205687,12.258586978001404,644.5277921655005,6.0854172706604,0.05623359769643199,0.07576736426208078,0.021798314652925237,0.005718680708562634,0.061904027719389305,0.09720568542936409,0.0850318391424489,0.03394262641235566
263.0,0.10683995473329787,0.05455412241631317,0.5228583210632026,0.3746498527556729,3.7052118876903455,0.6252699231078482,0.977825916608577,5.517350445500972e-06,0.38665528838545826,0.9998517254265051,12.886470230994746,613.1236761014966,6.0854172706604,0.05542415801532761,0.07708174681230899,0.021861248797086216,0.005718247619624558,0.06280990611765606,0.09808853362341347,0.08439515294825159,0.03377063749252335
264.0,0.10745667969180185,0.05514722950487797,0.523094489316128,0.37437656466349245,3.717948239689431,0.6255432386939065,0.9838138970600293,5.2800036833965946e-06,0.38735842432406825,0.9998595380480452,12.524456254992401,630.8457500380956,6.0854172706604,0.05488902741870466,0.07782674285818508,0.021883324007089224,0.005550898838135385,0.06108173564860695,0.09787099806984971,0.08436415463473765,0.033792275275329464
265.0,0.10670773672530989,0.05440533663165176,0.5230239964922596,0.3761132259547537,3.672769418292039,0.6238063455397472,0.9785119992632637,5.048779716419913e-06,0.38804320555193944,0.9998671467283549,12.738506241992582,620.245407892041,6.0854172706604,0.05514098943910338,0.07584845572562939,0.02165387647274213,0.005526761377745487,0.06148019836959106,0.0953827387278189,0.0836650520535454,0.03425037695635711
266.0,0.10605375298237954,0.05378322126814163,0.5227053090449059,0.3765087860654448,3.6549132742348873,0.6234107401654353,0.9784482635586884,4.8237098523350784e-06,0.3887095569670181,0.9998745506329668,12.638063299003989,625.1749032324186,6.0854172706604,0.055106276291826,0.07466735279006798,0.02200424562564049,0.005568482239314454,0.06035798357346359,0.0959595451307534,0.08445524619359789,0.03424500155089488
267.0,0.10683646484494677,0.05462757199898941,0.5220889211410119,0.37318838229210766,3.722513534950012,0.6267315875411169,0.9827437000234827,4.604824565639633e-06,0.3893574054885046,0.9998817489498723,12.729932210000698,620.6631637671201,6.0854172706604,0.054626580324079015,0.07499561175242528,0.021433018874636545,0.005395962065180223,0.06115035309113877,0.09664210917204911,0.08443076047138195,0.03412228583553691
268.0,0.10645597279750763,0.05420600443205235,0.5224996745141303,0.37396955406751803,3.713253129329761,0.6259503163215314,0.9785820625051941,4.3921534934383e-06,0.3899866800648684,0.9998887408896097,12.637164521001978,625.2193668025099,6.0854172706604,0.05401169418090552,0.0730253076758878,0.021526079668346416,0.00545172640535445,0.061602553094170134,0.09789481367175368,0.08359435280916817,0.03422732749976307
269.0,0.10659875161545049,0.0543593607744851,0.5223938996860339,0.37425454665310637,3.7034839125105647,0.625665275760277,0.9794209820532283,4.185725431430148e-06,0.3905973116816402,0.9998955256853516,12.697019254992483,622.2720341936409,6.0854172706604,0.05446988613061283,0.07321991178514464,0.021521077857085086,0.00548331121840665,0.06131419759138942,0.09830787527512332,0.08477232511901477,0.034269121694706875
270.0,0.10625123481647288,0.05395763127611583,0.5229360350414615,0.373674872939669,3.7315291373462047,0.6262450206281264,0.9774912836626803,3.985568330009563e-06,0.3911892333689812,0.9999021025929887,12.6360059419967,625.2766923558054,6.0854172706604,0.05373742873852069,0.07607483629845391,0.021732602998761848,0.005466200855266245,0.0603643716485412,0.09556006915000298,0.08385492474830002,0.03410837005546071
271.0,0.10592766543299831,0.053626557554893595,0.5230110767837899,0.3743702222834417,3.716021492034329,0.6255495883425404,0.9754722772587886,3.7917092904818543e-06,0.3917623802090279,0.9999084708912114,12.605172700001276,626.8061682327606,6.0854172706604,0.054559970185870214,0.07427781431848167,0.021497314289212227,0.00536050376269901,0.06099211594154095,0.09662647486206084,0.08214337890776097,0.03401106231546496
272.0,0.10618567977083165,0.053942997807747896,0.5224268055312197,0.37298119331806345,3.736140412599916,0.6269387791253633,0.9779459949521049,3.6041745613936574e-06,0.3923166893430118,0.999914629881589,12.887770293003996,613.0618268614691,6.0854172706604,0.055259354760148705,0.07460927720961531,0.021310267377570972,0.005551309338354519,0.06085903158016277,0.09588903378680408,0.08422177289018454,0.033644119888861436
273.0,0.10603447681875897,0.05379288972231304,0.5224158660382685,0.3742364362559278,3.7044858047742206,0.6256833852974467,0.9785531125495953,3.422989534978914e-06,0.3928520999781532,0.9999205788886462,12.560769983989303,629.0219477047251,6.0854172706604,0.054479065722597385,0.07587689065164135,0.021414705857807144,0.0055667971427860955,0.06181689516606073,0.09677777169135632,0.08360266213009997,0.03350277978569362
274.0,0.10663464683895547,0.05436467831967798,0.5226996789595972,0.37406500477290516,3.715866983879851,0.6258548418187956,0.9850083880523476,3.24817874372077e-06,0.3933685533943286,0.999926317259937,12.932163985999068,610.9573006152699,6.0854172706604,0.05395216305227675,0.07661375683251793,0.021374391729294943,0.005371443708379244,0.060134672114723606,0.09657958708336133,0.08354116007609867,0.03348510820122697
275.0,0.10593255127593545,0.053669624836848305,0.5226292622842271,0.37574845418162384,3.6720202407600335,0.6241711741111774,0.9792058073467974,3.0797658570298323e-06,0.3938659929505109,0.9999318443661168,12.75351883500116,619.5152963052241,6.0854172706604,0.054193887274557574,0.0746794135290449,0.02122646605474709,0.005383899138170354,0.06051527610965065,0.09416660175566718,0.08290271384913056,0.03399171905531999
276.0,0.10532649829295326,0.05309504863884219,0.5223144968919038,0.37617316105036536,3.6535334932609476,0.6237464152156756,0.9796810056903426,2.917773678039374e-06,0.39434436409098106,0.9999371596010109,12.814425417003804,616.5707585699435,6.0854172706604,0.05422398577696881,0.07357719565745648,0.02154502556437538,0.005423055868409201,0.05954713288073078,0.09480716096821117,0.08372960645432698,0.03397386505376154
277.0,0.10611820155692211,0.0539437271404713,0.5217447333012393,0.37303750927788354,3.7176807258962272,0.6268824804373865,0.9837064399038473,2.7622241405177484e-06,0.3948036143513117,0.9999422623816813,12.961155639990466,609.5907046762237,6.0854172706604,0.053785140937185054,0.07388784305437224,0.021024692687829846,0.005259306859565071,0.060283156704583445,0.0955107087353592,0.08375771312571284,0.03386078183175115
278.0,0.10574972310815789,0.0535398472910055,0.5220987519166572,0.3735990736955571,3.7124920003309443,0.6263208315879721,0.9791958797070033,2.6131383058985596e-06,0.3952436933641208,0.9999471521484903,12.570945173996734,628.5128039809915,6.0854172706604,0.05317847417227587,0.07201485620637245,0.021087581633510166,0.005325848553766412,0.060765380313452015,0.0967978006959812,0.08289605396932524,0.03395744838029984
279.0,0.10593276557183359,0.053723730302478616,0.5220903464169944,0.374102361405021,3.699699618094874,0.625817486597396,0.9797561627191134,2.4705363604289706e-06,0.39566455286459584,0.9999518283651622,12.89737481600605,612.6052869452634,6.0854172706604,0.05367467886079912,0.07227465282937344,0.021097935163057767,0.005353278345215865,0.060494975021576906,0.09722727372265252,0.08412605435189385,0.03402690724085909
280.0,0.1055830270315994,0.053323158105782746,0.5225986831249458,0.37340048207857685,3.7299551577858345,0.6265194525282347,0.978282093647205,2.3344376124364343e-06,0.39606614669578694,0.999956290518842,12.558984725998016,629.1113630900714,6.0854172706604,0.05294133962729038,0.07511601984993485,0.021323964516125102,0.005345806104994809,0.0595452453483615,0.09449699521064758,0.08320209272669558,0.03387136037430067
281.0,0.10528965653263908,0.053024757051845846,0.5226489911651538,0.37410319562109795,3.713645002326246,0.6258166503821758,0.9760832699804786,2.204860489714402e-06,0.39644843081366926,0.9999605381201518,12.705434496994712,621.8598822314079,6.0854172706604,0.05379318756173085,0.07337867978036913,0.021101645782589912,0.005246392555988487,0.060225219268516955,0.09560381514685494,0.08151212328500708,0.0337868452189707
282.0,0.10556891487566916,0.05335791624489351,0.522109975499181,0.3726834554700003,3.7356629355951676,0.6272365588460478,0.9789848269925602,2.0818225370271246e-06,0.39681136329197325,0.9999645707032442,12.956081312004244,609.8294545804879,6.0854172706604,0.05453242548943533,0.07375190788652838,0.02093170533525807,0.00543444253999949,0.060091853254672256,0.09492558044978822,0.0835982910646867,0.033414037333799586
283.0,0.10541480511649472,0.053202312896088275,0.5221249194495845,0.3739534964509862,3.7042856796408525,0.625966366929746,0.9791874919506798,1.9653404137341595e-06,0.39715490432678296,0.9999683878258532,12.72780813999998,620.7667426388479,6.0854172706604,0.053740782734148486,0.0749804456267626,0.021026879146292404,0.005449105073011875,0.06105188832492031,0.09581227228826447,0.08295380354412203,0.033283906178577766
284.0,0.106055794813002,0.05381660528670548,0.5223918882838805,0.373823248235625,3.714216032053546,0.6260966336013486,0.9854326734526552,1.855429891534639e-06,0.3974790162409015,0.9999719890693434,12.817968042989378,616.4003509371636,6.0854172706604,0.05328138707539974,0.07578000475337868,0.021019894290344877,0.005273260690809525,0.05945742531826621,0.09566491695315645,0.0829487242266945,0.03327952088625028
285.0,0.10538582617897668,0.053147052970962755,0.5223877189235134,0.3756076835964378,3.6695010253800997,0.6243119586526464,0.9797913603745839,1.7521058523318048e-06,0.3977836634879828,0.9999753740387554,12.7449379949976,619.932400071397,6.0854172706604,0.053520730563572476,0.07391595811034238,0.0208921681582575,0.0052846320290514765,0.05982752282693266,0.09328589220229422,0.08236606356825336,0.03378242368419324
286.0,0.10476750461508422,0.052565736968884544,0.5220176651272317,0.3760440955922779,3.6493392533825073,0.6238754953768959,0.9796961707384462,1.6553822862179939e-06,0.39806881265643085,0.9999785423628492,12.4592299789947,634.1483392890633,6.0854172706604,0.053544581962017876,0.07281791145288491,0.02118515716349766,0.0053195977184122695,0.0588215451438166,0.09392977015889106,0.08318303114432868,0.03376483225343215
287.0,0.10557155453405144,0.053426066631117194,0.5214548698559153,0.37287058427113245,3.7146071764867887,0.6270494209393838,0.9840550640688231,1.565272289580368e-06,0.3983344324730633,0.9999814936941451,12.903300015997957,612.3239783779395,6.0854172706604,0.05312709282771707,0.07313580869080184,0.0206847947094857,0.005159731610521342,0.059614383413175355,0.09464202355776415,0.08323065700815685,0.033664654587767254
288.0,0.10523037986523169,0.0530472547556121,0.5218312489565468,0.37337415499892995,3.7114274731437975,0.6265457821049248,0.9795960645979831,1.4817880633276749e-06,0.39858049380654176,0.9999842277089616,12.426903035011492,635.7979922865547,6.0854172706604,0.05255249756664487,0.07131605483041022,0.020749027077365402,0.005241154097818089,0.06012793249151506,0.09597792446795589,0.08235857642421932,0.03377175220404284
289.0,0.10544206245785015,0.05325632389182683,0.5218573756088805,0.3740451975557385,3.69530459727355,0.6258746618153913,0.9791485990109194,1.4049409112382203e-06,0.3988069696705665,0.9999867441074507,12.754203432996292,619.4820430384065,6.0854172706604,0.05309757936907851,0.07160164225325949,0.02076685775508765,0.005273254518686983,0.05986037517958307,0.09646508225896319,0.08362135018553458,0.03385528566939118
290.0,0.1051448508653893,0.05290771222526839,0.5223713826264117,0.3732674033554909,3.7275995955318155,0.6266525434989022,0.9789346014377573,1.3347412384293648e-06,0.3990138352268361,0.9999890426136315,12.506790383995394,631.7368211520278,6.0854172706604,0.05240638234676459,0.07447286301161632,0.021078458708701748,0.005285398665950706,0.058990718270370605,0.0937987762325144,0.08277908564232198,0.03372090132536026
291.0,0.1048710785222467,0.05262760443825342,0.5224347279473447,0.37396017778011803,3.7118638525309704,0.6259596802481909,0.9763150707164485,1.271198549948642e-06,0.3992010677877718,0.9999911229754197,12.475551076990087,633.3187168439083,6.0854172706604,0.053293292222897456,0.07277679752208228,0.02084188875555992,0.005182380640977307,0.05973337242755984,0.09493793322453423,0.08107186326519451,0.03362807549198234
292.0,0.1051624374757189,0.05297554206678783,0.5218689495469178,0.3724440338943234,3.735623002761437,0.6274760159310352,0.9799552482150051,1.2143214494867942e-06,0.3993686468190055,0.9999929849646556,12.444512269998086,634.8983253484482,6.0854172706604,0.0540497397312528,0.07319700881475355,0.02067836536418907,0.005377595967336281,0.05957349745387381,0.09431228261307416,0.08317769436630844,0.03326618622371788
293.0,0.10503425458751439,0.05284248721601842,0.5219176721458209,0.3739078796418343,3.7002448467133453,0.6260119894458861,0.9796881496551716,1.1641176382128071e-06,0.39951655394163177,0.9999946283771293,12.823511415001121,616.1338922159262,6.0854172706604,0.05329975402187967,0.07442213865297456,0.020783281018490037,0.0053870765588566166,0.06055049381003346,0.09526938930997308,0.08254847015307201,0.033153075028991306
294.0,0.1056939580462097,0.053476409751102905,0.5221754752703972,0.3736949519120716,3.7120131117349153,0.6262249492373803,0.9855485199720192,1.1205939137312026e-06,0.3996447729342236,0.9999960530326025,12.582627752999542,627.9292493665721,6.0854172706604,0.05283711597881844,0.07526003523925383,0.020789451296416878,0.0052232062501698425,0.059000530870337235,0.09514391292951986,0.0825951177615479,0.033155594241109254
295.0,0.10504673095107636,0.052827002150343125,0.5221972822795984,0.3754938144183524,3.6675868158686873,0.6244258476260222,0.9801991874546118,1.0837561691616127e-06,0.39975328973461166,0.999997258774829,12.80638745399483,616.9577508398247,6.0854172706604,0.05311703392075188,0.07345090990358373,0.020673906412232792,0.005234778450524553,0.05939728778607054,0.09275867185861221,0.08201740810798071,0.03366523500411741
296.0,0.10444939112081632,0.052263763439348264,0.5218562674875457,0.3759894287106418,3.6466710651061187,0.6239301728803951,0.9800048750226309,1.053609392340861e-06,0.39984209244142627,0.9999982454715715,12.394740233998164,637.4478085735064,6.0854172706604,0.05314470182063608,0.072384824795562,0.020976754620425093,0.005272220245344127,0.058411826837835606,0.09345090496006296,0.08284596239432408,0.03364859232351409
297.0,0.10527519287640287,0.05314761519652728,0.521275768195839,0.37280987443584174,3.711647399783572,0.6271101438973526,0.9845222263091155,1.0301576651476202e-06,0.39991117131540255,0.9999990130146156,12.761554805008927,619.1251866033476,6.0854172706604,0.052794783338537356,0.07273524826937741,0.020482098621826334,0.005122090427254083,0.05924431493181647,0.09420097067454475,0.08290754331285087,0.03355920320920983
298.0,0.10496156274849909,0.05279418898619303,0.5216737318726947,0.3732548563288158,3.7104718711704803,0.6266650981110058,0.9801607805556126,1.0134041629497022e-06,0.3999605187804491,0.9999995613197827,12.503367880999576,631.9097442543103,6.0854172706604,0.05224854281200236,0.07095894029575028,0.020559486677259806,0.005211357803869077,0.05978194196173485,0.09556505643021197,0.08207995947431829,0.033670719009805394
299.0,0.10519179468697468,0.0530177061230891,0.5217408831701024,0.37399644198228765,3.6936111459248036,0.6259234169060302,0.97922462837528,1.0033511541741367e-06,0.39999012942447826,0.9999998903269387,12.322914300995762,641.1632676339844,6.0854172706604,0.05281104675453642,0.07125751982831624,0.020592088445357464,0.005246555366982315,0.05952393768714771,0.09608794211364183,0.08335000495787406,0.033767745771853194
300.0,0.10491293747958284,0.05268979687071604,0.5222314011068409,0.37316658197437835,3.7266205519215245,0.6267533752831036,0.9794395549239093,1e-06,0.4,1.0,12.3165793090011,641.4930478485903,6.0854172706604,0.05214073254511906,0.07416440361787464,0.020923639804419903,0.005261605561088404,0.05869573264675066,0.09346053074802872,0.08251679552664895,0.033632706725195555
