epoch,total,prediction,regularizer,variance,covariance,embedding_std,learning_rate,weight_decay,ema_momentum,seconds,samples_per_second,peak_gpu_memory_gib,prediction_defocus_100_to_075,prediction_defocus_075_to_050,prediction_defocus_050_to_025,prediction_defocus_025_to_000,prediction_resolution_100_to_075,prediction_resolution_075_to_050,prediction_resolution_050_to_025,prediction_resolution_025_to_000
1,0.5233575847122944,0.4288886418532396,0.9446893904936674,0.6962425043093767,6.211172382766092,0.3039799504620473,3.3333333333333337e-06,0.0400095547404416,0.9960001061637827,6.650527331978083,1188.0260926091084,6.016436576843262,0.42349127360752653,0.42802977867615527,0.43150279235839845,0.4283681538328913,0.4262842669275594,0.4295188732563503,0.4328116786823351,0.431074355480939
2,0.3717517685685003,0.2894842110016937,0.8226755515274677,0.7568311869321088,1.646109088284051,0.24293007458814894,6.6666666666666675e-06,0.040038847016218126,0.9960004316335135,13.04769816994667,605.5474227782734,6.016436576843262,0.28408548096856046,0.2903617192816928,0.29016501165157316,0.2922804457234246,0.286721047578436,0.28832406185537696,0.2899070204669283,0.29414227255777836
3,0.30436974258426475,0.223754940482125,0.8061479775230578,0.734932556180709,1.7803856374990819,0.2648637923330103,1e-05,0.04008787618256704,0.9960009764020286,4.768213175004348,1657.0148418317717,6.016436576843262,0.21849018944528156,0.2232400451696688,0.22301479230516205,0.23008479608228505,0.22007103323571908,0.2194506129878622,0.2253183651018918,0.23042786970227128
4,0.2456469106200435,0.16646752014346944,0.7917938846196574,0.7206827074255374,1.7777794481998546,0.27913135824822394,1.3333333333333335e-05,0.040156636862309636,0.9960017404095812,11.419405396096408,691.8924169817866,6.016436576843262,0.16011765181900717,0.16437353503900254,0.16668479941902362,0.1735357949414204,0.1605342745780945,0.16658017832851973,0.1669113255226236,0.1732131469759582
5,0.19654518750223565,0.11856459352848968,0.779805918582375,0.7085042152053539,1.7825425793258258,0.29132124485886257,1.6666666666666667e-05,0.040245121514251525,0.9960027235723806,4.847716839052737,1629.8394197347316,6.016436576843262,0.1095660683956552,0.11565501215662678,0.12017582018934998,0.1264401503065799,0.11392393959497311,0.11618852970070591,0.12119709748079517,0.12515845654472227
6,0.16437220559846208,0.08751551451890201,0.7685668979124425,0.6957102227989532,1.8214169468340762,0.30412289401788134,2e-05,0.04035332043401019,0.9960039257826001,4.364877249114215,1810.1310871006478,6.016436576843262,0.0794562288382758,0.08675327280905679,0.09034778848218038,0.09654974925494146,0.07991989538089375,0.08457603929054677,0.08695173628232185,0.09497112832476745
7,0.14561452271402403,0.07276173707047319,0.728527832613642,0.6449874015325776,2.088510780542082,0.3548693787280615,2.3333333333333332e-05,0.04048122175507879,0.9960053469083897,12.647158646024764,624.7253016378845,6.016436576843262,0.06601643955766273,0.070544927032082,0.07429906112588104,0.07992430179404439,0.06530104336605995,0.06896855121511374,0.07555044889450073,0.08188934164282716
8,0.13651317292761914,0.06835516335303807,0.6815800916739708,0.584411025198181,2.429226741686967,0.41546695169550363,2.666666666666667e-05,0.040628811450127866,0.9960069867938903,4.415374381002039,1789.4292348108706,6.016436576843262,0.05847764707090867,0.06616141708026378,0.07242253185709106,0.0764469358230828,0.06388033958191568,0.06514861619253771,0.06843623872530663,0.07614851500614579
9,0.13139541227068272,0.06740413690564633,0.6399127202929613,0.5319566874319414,2.698900819292492,0.46793542153743867,3e-05,0.040796073332543814,0.9960088452592505,4.762409310787916,1659.03421658917,6.016436576843262,0.059744376300469686,0.0631686782222555,0.07050160713765302,0.07736568901054097,0.059636672949698454,0.06427664816623828,0.0690793371935251,0.07538105252956326
10,0.12979298815321672,0.06954905954082923,0.6024392664832354,0.4826539574190267,2.9946328008224685,0.5172485595427802,3.3333333333333335e-05,0.04098298905820391,0.9960109221006467,11.097643503919244,711.9529472369231,6.016436576843262,0.061654774317374594,0.06565536016767676,0.07178805688820263,0.07675456327477885,0.062974656592568,0.06823673338814835,0.07126438392024811,0.07840890976941865
11,0.1321839844349924,0.07466219401053274,0.5752178810922545,0.4472377552908895,3.1995032366854135,0.5526710907246037,3.6666666666666666e-05,0.04118953812748827,0.9960132170903054,4.4431789899244905,1778.2313109412398,6.016436576843262,0.06519296713996199,0.07147111520807967,0.07837372308969498,0.08416011489704789,0.06741746540727286,0.07086147444825323,0.07525940650284535,0.08454582665328679
12,0.1375072316502698,0.08202008794110993,0.5548714190521598,0.4204378478316744,3.3608392723420497,0.579475280363761,4e-05,0.04141569788752825,0.9960157299765281,12.756572886835784,619.3669781131797,6.016436576843262,0.07315196130145152,0.07906695679435885,0.084783009990537,0.09021025951835569,0.07434859363870187,0.0783423130137037,0.08415589162281581,0.09262639895759502
13,0.14464770834018362,0.09075717361889796,0.5389053293488144,0.3981085227774813,3.5199202390399678,0.6018078867777468,4.3333333333333334e-05,0.04166144353469042,0.9960184604837188,4.479963227873668,1763.6305474208243,6.016436576843262,0.08157669745370716,0.08793890139748974,0.09382134221465431,0.09938931972422499,0.08294764650220414,0.0883785963558301,0.09136327295526256,0.10066154817555588
14,0.1518376229696071,0.09903579513633,0.5280182593050765,0.38299175389294926,3.6256627058804813,0.6169267122224379,4.6666666666666665e-05,0.04192674811729752,0.9960214083124144,4.4204824338667095,1787.3614742743796,6.016436576843262,0.09035028114591595,0.09610851494178883,0.10274182283441434,0.10760496590555328,0.09114471272418373,0.09527789112143732,0.10128336047350087,0.10827951627933323
15,0.1568738161864997,0.10515079538952835,0.517230202307989,0.3690577180208156,3.7043121645924653,0.6308625563385064,5e-05,0.04221158253858376,0.9960245731393176,19.800680377986282,399.02669247588386,6.016436576843262,0.09708262329285147,0.10229310172684454,0.10700736161049536,0.1136585846860358,0.09837881980608978,0.10197286537425804,0.10637402534484863,0.1142199516536728
16,0.1578453599410847,0.10741428651812408,0.5043107321889714,0.35160135290408767,3.8177345985250373,0.648321110121043,5.333333333333334e-05,0.04251591555988615,0.9960279546173321,4.41984580992721,1787.6189215139432,6.016436576843262,0.0991246086745127,0.10413883381252047,0.10954217370907234,0.11477225720285175,0.10067861676849543,0.10488842702030543,0.1088398482161037,0.11667856307484996
17,0.15690685957085557,0.10735499528620367,0.4955186279887354,0.33743253960939557,3.9521523342149467,0.6624915936886095,5.666666666666667e-05,0.042839713804070534,0.9960315523756008,4.644569388125092,1701.1264855253796,6.016436576843262,0.10027052510548108,0.10442079304457902,0.10875071564415771,0.11434968308551316,0.10220155067718852,0.1055333487879785,0.10828332438397763,0.11543562848872119
18,0.15550491755830384,0.10685197757612436,0.4865293899015179,0.32526413018892664,4.031631602680905,0.6746613811562445,6e-05,0.043182941759192184,0.9960353660195466,4.8157254580874,1640.6666178885412,6.016436576843262,0.09976585276761846,0.10379038538251605,0.10882093001271609,0.11285531046922782,0.10207916260248742,0.10463927225964514,0.10850228578713932,0.11452104767642347
19,0.15088924031373202,0.10302065863852682,0.47868580689778467,0.3144362320697484,4.106239490487306,0.6854904590188936,6.333333333333333e-05,0.04354556178239066,0.9960393951309154,4.35783279594034,1813.057170839688,6.016436576843262,0.09728528306536052,0.09988674790228323,0.1038632575075636,0.10725496196153253,0.09897990462620436,0.10135173822035555,0.10465699742375975,0.1106403565335771
20,0.1476384714753126,0.1004911611386378,0.4714730832866741,0.3041381912206701,4.183372374079436,0.6957896026293396,6.666666666666667e-05,0.04392753410401784,0.9960436392678225,4.689991237828508,1684.6513350114928,6.016436576843262,0.09491211909514208,0.09783936298090565,0.10133104288932121,0.1049352182625489,0.09730540515154193,0.09884380259692552,0.10158173770825397,0.10739351238244887
21,0.1441766836740234,0.09763919696572038,0.46537484759515546,0.29458181212452633,4.269825961737372,0.7053469483753712,7.000000000000001e-05,0.044328816831999796,0.9960480979648,4.76777684292756,1657.166486665627,6.016436576843262,0.09321336464799768,0.09420395266805959,0.09740135532617569,0.10151030982857026,0.09451353878810488,0.09647257407269781,0.09901955932256126,0.10461869959295149
22,0.13929452171409873,0.0933713728524042,0.459231475054833,0.287146923595132,4.302113841838617,0.7127825987744884,7.333333333333333e-05,0.044749365956431364,0.9960527707328493,4.445324718020856,1777.3729707461453,6.016436576843262,0.0893132692660086,0.09040018522400196,0.09301368977653098,0.09612936147037514,0.09123564776823376,0.09202627736733729,0.09505420731484175,0.09983547243928863
23,0.13303410417746026,0.08781284433333968,0.45221258239902407,0.27900696800730074,4.330140456747758,0.7209233592513422,7.666666666666667e-05,0.045189135354402554,0.9960576570594933,12.182654792210087,648.5450121308625,6.016436576843262,0.0833779987328516,0.08549450223724689,0.08679717261358577,0.08912324555135184,0.08652855879669889,0.0874542379029392,0.08961127722651009,0.09433191947031562
24,0.12977992786348447,0.0850878172353572,0.44692108907543876,0.27102136084617295,4.397493290487776,0.7289097217906353,8e-05,0.045648076795057335,0.996062756408834,4.452912296866998,1774.3444005306426,6.016436576843262,0.08110996443021462,0.08306748938583566,0.0835126805055828,0.08655700044533642,0.08484531352394506,0.08486709480690062,0.08616799013054383,0.09078238865022989
25,0.12646698231463824,0.08225086518079928,0.44216116460165394,0.26580147843710333,4.408992277581606,0.7341301038195522,8.333333333333333e-05,0.04612613994488268,0.9960680682216098,4.827153961872682,1636.7822659907097,6.016436576843262,0.07903945319196011,0.07870275582401091,0.08072551073877533,0.08405022253381444,0.08182293812773143,0.08238711563611005,0.0828276121074,0.08857224785512494
26,0.12517567346698347,0.08148110686785932,0.4369456603728945,0.2586394443461117,4.457655551327647,0.7412928026049307,8.666666666666667e-05,0.04662327237322972,0.9960735919152581,11.51339638303034,686.2440705720276,6.016436576843262,0.07827097370556975,0.07848626978789704,0.07929835421466734,0.08244887328816798,0.08210110816388023,0.08140479255078444,0.08270337517067805,0.08707469845536965
27,0.1192265478810424,0.07592119718409689,0.43305350286555344,0.2524022157849156,4.516282251674515,0.747531171471782,9e-05,0.047139419558062945,0.9960793268839785,4.786197570851073,1650.7885190780078,6.016436576843262,0.07353199691020797,0.07287221557491429,0.07326573088749173,0.07606275981144779,0.07720933447905598,0.07640114719366511,0.07653377204392087,0.08153850717063794
28,0.11867208721524265,0.07574578374529953,0.4292630204791103,0.24891189037207004,4.5087784067797765,0.7510212316813009,9.333333333333333e-05,0.04767452489194052,0.9960852724987993,4.812345220008865,1641.819038075046,6.016436576843262,0.07380630913092263,0.07258798952760367,0.07233418051789446,0.07558113731497046,0.0779543532305817,0.07713416747361512,0.07616529382713295,0.08031502449847608
29,0.11216939296141981,0.06983430334611447,0.4233508881866562,0.24394577407426524,4.485127971981345,0.7559877991102991,9.666666666666668e-05,0.04822852968822233,0.996091428107647,11.091594242025167,712.3412403659468,6.016436576843262,0.06780762102292931,0.06583725322108085,0.06657749100735313,0.06899218156129987,0.07249303256043176,0.07099638482342001,0.0711037789732514,0.07457578306520116
30,0.1105176454374359,0.06853841454612954,0.4197922928048725,0.23937244016812462,4.510496431325843,0.7605618877043349,0.0001,0.048801373187506436,0.9960977930354168,4.396822327980772,1796.9795935849224,6.016436576843262,0.06596830799029424,0.06535185584105736,0.06562018606922414,0.06752621525309864,0.071795650973887,0.06973901352821252,0.06946949858635787,0.07268317952462919
31,0.10849516403409533,0.06698598475803108,0.4150917766298196,0.233840412809764,4.53128422726379,0.7660940393679143,9.999675607461392e-05,0.04939299256429247,0.9961043665840477,4.426553601864725,1784.910047552939,6.016436576843262,0.0663131270727488,0.06301407920371772,0.06271905040740967,0.06580115791690853,0.07089702137585344,0.06835697348865252,0.0676236594164813,0.07075853390101144
32,0.1052534876433962,0.06405202990239624,0.4120145696520036,0.22992468614085476,4.5522471471249855,0.7700100786292754,9.998681115190574e-05,0.050003322933872385,0.9961111480325986,4.819521597120911,1639.374332240757,6.016436576843262,0.06266132931075763,0.060878837253989244,0.05923485128175976,0.06165765566662295,0.0689548792486841,0.06539868002393806,0.06508858714784894,0.0678630160800716
33,0.10349797482634478,0.06268222300589665,0.4081575125097519,0.22619906331508796,4.5489613381296365,0.7737360373431709,9.997016570662151e-05,0.050632297359445966,0.9961181366373272,4.810236413963139,1642.5388109958592,6.016436576843262,0.062090219291513093,0.05875314441659758,0.05773980340212008,0.059126473336717396,0.0689649430011512,0.06472163995731801,0.06416995853670245,0.06634110581395057
34,0.10130374671092382,0.060819151099460546,0.4048459522747689,0.2216712823096385,4.579366869480455,0.778264941301335,9.994682199255739e-05,0.05127984685946252,0.9961253316317717,4.413806703174487,1790.0647969738827,6.016436576843262,0.059600218043054584,0.057733801592931164,0.05541185839638036,0.05780282017496443,0.06776610211322182,0.06329580976883101,0.06123586382531198,0.06386640959261877
35,0.09962509226239251,0.05944802716361195,0.40177064487533076,0.21944874644830187,4.558047565534558,0.7804869174987451,9.991678317045618e-05,0.051945900415185986,0.9961327322268354,28.91679581697099,273.23220905972505,6.016436576843262,0.059083209574041395,0.05541189695981507,0.05372540376477928,0.05599515640989263,0.06695000701678347,0.061710981551189606,0.06006684431679955,0.06314949733355353
36,0.10036730398529467,0.06053988975441511,0.39827413297034475,0.21568216322728492,4.564799359954923,0.784255782707841,9.988005330757945e-05,0.05263038497848388,0.9961403376108721,4.5235943959560245,1746.6199018778714,6.016436576843262,0.06023546576741253,0.05675563499142852,0.05417976602984355,0.056694008902700724,0.06940832787948512,0.06322691986216834,0.06099905030299333,0.06332135104653823
37,0.1015525996805731,0.06179370500930969,0.3975889394817707,0.21213650231934125,4.6363110232090685,0.7878025562050162,9.983663737715682e-05,0.05333322547983865,0.9961481469497759,4.466394823975861,1768.9882581779343,6.016436576843262,0.0628693826680113,0.05763116809395286,0.05436753389791916,0.055692051535445826,0.07197472081739306,0.065813511200176,0.061953958765191226,0.06372863416073253
38,0.09809702838309096,0.058761295026887025,0.3933573291507224,0.20911877539064022,4.605963866780972,0.7908191965616379,9.978654125771261e-05,0.054054344836581,0.9961561593870731,4.207865095930174,1877.674264710104,6.016436576843262,0.05920277860895473,0.054370397711035065,0.05124262098542959,0.05314306372531693,0.07007045592459743,0.062484248120728864,0.05898826904334908,0.060344700114315294
39,0.09672997205404674,0.057761061010598656,0.3896891024237629,0.20643039046020661,4.581467896198234,0.7935096577381336,9.972977173226982e-05,0.054793663961343386,0.9961643740440149,4.890306795947254,1615.6450565735056,6.016436576843262,0.05844838732610578,0.05331327306149145,0.05055275619753942,0.051361430884644205,0.06903321978886305,0.06148372999713069,0.05787965613852438,0.059521041092830004
40,0.09752968830381703,0.05862368482880888,0.3890600259387633,0.20393703074685202,4.628075075336626,0.7960030144414575,9.96663364874318e-05,0.05555110177073408,0.9961727900196748,4.743184020975605,1665.758689745054,6.016436576843262,0.059105345469254715,0.054873443924444765,0.05134151613358224,0.05194318418058089,0.07040242696830869,0.06185264206496922,0.05883331454641097,0.06005480011831874
41,0.09575460346503102,0.057210028430862134,0.38544574363701495,0.20036064073445298,4.627127691818602,0.7995785420460877,9.959624411234136e-05,0.05632657519422973,0.996181406391047,4.423013921128586,1786.338487938551,6.016436576843262,0.05871250201865895,0.05252594185563234,0.048603933781385424,0.05038234686826897,0.07052664551241644,0.060930942200006,0.05713224956773436,0.05812919633628349
42,0.09583933503303237,0.05753716780986685,0.3830216678316541,0.1976387683609108,4.634572621342985,0.8023012581693569,9.951950409751795e-05,0.05711999918328603,0.9961902222131476,4.822489102836698,1638.3655476489207,6.016436576843262,0.05936222567277796,0.05359507246109528,0.04830515257260598,0.04930767681829151,0.07119234566661445,0.06165773638216148,0.05746387639118515,0.057885745026365946
43,0.09698755316244863,0.05882253093389662,0.3816502094796874,0.1960045432964468,4.641141800409087,0.8039351991725381,9.94361268335725e-05,0.057931286720665054,0.9961992365191185,4.817279239185154,1640.1374318787587,6.016436576843262,0.06083466960695798,0.05427400788833057,0.049407506656462624,0.050074620872524615,0.07510396744011617,0.06348660910029581,0.058869797100381156,0.059260145306464194
44,0.09490696866988925,0.056960811785935844,0.3794615644395329,0.1926545133139269,4.670176373752004,0.8072896429804696,9.93461236098006e-05,0.05876034882997905,0.9962084483203331,4.481551768025383,1763.0054072724145,6.016436576843262,0.0586781989364229,0.05291743479878259,0.04724834158782559,0.04845474476052314,0.0732735172070955,0.062285881011913985,0.05629680194301741,0.05667334625046025
45,0.09587121662377195,0.0580668836528403,0.37804331844056077,0.19218245245975538,4.646521766794406,0.8077580781092207,9.924950661265395e-05,0.059607094585448384,0.996217856606505,4.8849567719735205,1617.4145174283701,6.016436576843262,0.06111215962344269,0.05373380585460531,0.04811692808036503,0.04841927321667367,0.07516817762859349,0.06294343559572217,0.05782425104741599,0.05825871953199948
46,0.09513592076439628,0.05761949347166861,0.3751642640942698,0.18903083748688293,4.653335838706535,0.8109128680082532,9.914628892409025e-05,0.060471431121873864,0.9962274603457986,18.779697054997087,420.72031177401897,6.016436576843262,0.06028493186119597,0.053745421679211064,0.046843202891456374,0.04769445125588434,0.07592500446960092,0.06295626560846965,0.056972818604204334,0.057708902275142956
47,0.0984768469040793,0.06104000104543394,0.37436844686694787,0.18661285065130528,4.693890064038169,0.8133338568044937,9.903648451980193e-05,0.061353263644821576,0.9962372584849425,4.422340454068035,1786.6105249160557,6.016436576843262,0.0646771968291898,0.05676315297613611,0.0491835449733407,0.049074415079720365,0.08137925983580208,0.06693067215748995,0.059962284742896235,0.05979153636551688
48,0.09675111214905778,0.05945738779451406,0.3729372303888113,0.18472597088983972,4.705281585700119,0.8152183744292095,9.892010826732384e-05,0.06225249544101896,0.9962472499493447,4.827206005807966,1636.7646192214972,6.016436576843262,0.06262188907244697,0.05494249504188011,0.04714252798959281,0.04762890221025115,0.08009047711149175,0.06617371772893464,0.058750236379066234,0.057857278480108486
49,0.09408967124142385,0.057147037141225925,0.36942632923909585,0.18335794967807498,4.651709575469607,0.8165910256058336,9.879717592402022e-05,0.06316902788896223,0.9962574336432107,4.379346708068624,1804.1503737173832,6.016436576843262,0.06043892544896706,0.05203388715522849,0.04507479587426552,0.045424300481669636,0.07794905946048918,0.06336150226778671,0.05625614073594095,0.05589854128311028
50,0.09606768746471694,0.05913945522271082,0.3692823211696537,0.1810172706778299,4.706626322733844,0.8189331176627694,9.86677041349511e-05,0.0641027604697319,0.9962678084496637,4.777274833060801,1653.8717733636915,6.016436576843262,0.06287358889212975,0.05472365114068197,0.046796637419426794,0.04667244553565979,0.08044375714502837,0.06529256957169821,0.05786127198286571,0.057367573110757734
51,0.0958060149408461,0.0591105960244439,0.36695417443825734,0.178789177871538,4.704125029514778,0.8211588876381084,9.853171043061849e-05,0.06505359077801737,0.9962783732308669,4.7707928461022675,1656.1188579913103,6.016436576843262,0.06345028874842712,0.0542879853811529,0.045942648261785506,0.046089612447317414,0.08184557771447844,0.06625379568764142,0.05708274944328967,0.056852888543695156
52,0.09609541908960798,0.05963163754428102,0.3646378071907728,0.17625884730036448,4.709474141862389,0.8236972977806988,9.838921322459295e-05,0.06602141453334798,0.9962891268281483,12.717609548941255,621.2645520838278,6.016436576843262,0.06467066786835692,0.055256174710707935,0.04565816819357051,0.04570564476622117,0.08195505759707003,0.06642563819172848,0.05810276288112611,0.05686455670769425
53,0.09567781149918574,0.0592927353416775,0.3638507599182452,0.17541107075559295,4.7109923164779035,0.8245425480496293,9.824023181102019e-05,0.06700612559152952,0.9963000680621281,4.825097660068423,1637.4798100745509,6.016436576843262,0.06390299718222303,0.054506938453883894,0.04563144525390794,0.04453849535824197,0.08473770340162194,0.06715735893079569,0.058245271383746855,0.056638806781532595
54,0.09518583767505526,0.05895048929709616,0.36235347456184314,0.17290353584728607,4.736248503454334,0.8270519996591646,9.808478636200873e-05,0.06800761595628568,0.9963111957328477,4.4940499840304255,1758.102386060713,6.016436576843262,0.06379927015868869,0.0547394195115347,0.04482498262565173,0.04438056727660071,0.08386129812190407,0.06728511084701418,0.05721950258146346,0.055529962185686815
55,0.0950839756908424,0.058945987815853765,0.3613798720235237,0.1728100388065318,4.714245980396375,0.8271423960739925,9.79228979248986e-05,0.06902577579110236,0.9963225086199011,4.8319476649630815,1635.158438757711,6.016436576843262,0.06407372736520198,0.0546920018276128,0.044652773783757135,0.04419316440186602,0.08500542355703315,0.06697031887254097,0.057317654679191254,0.05631929149310435
56,0.09746143813677006,0.06144740878724702,0.36014028185304997,0.17166796519573452,4.711808027760648,0.8283004477693678,9.775458841941145e-05,0.07006049343127341,0.9963340054825697,4.416286686901003,1789.0595788164944,6.016436576843262,0.06713766493054055,0.05761075642289994,0.0463791083548113,0.04544167244482136,0.08849459747198918,0.06993627909997209,0.05977685655370997,0.0586102237054451
57,0.09727135707820281,0.06143480547337332,0.35836551056196686,0.1681485005574594,4.755425317395172,0.8318066740772299,9.757988063468275e-05,0.07111165539614772,0.9963456850599572,19.396653088042513,407.338315746377,6.016436576843262,0.06765028156083205,0.05709299960217395,0.04585838605353303,0.044377332557045665,0.08916417460976865,0.07022278634410475,0.05885102185443859,0.05743710016026909
58,0.09703225526737572,0.06127938944759165,0.3575286535564336,0.16695205174945696,4.764415131839162,0.8330147364308239,9.739879822617599e-05,0.07217914640157447,0.9963575460711286,4.830113033065572,1635.7795243945668,6.016436576843262,0.0668210685852185,0.056795265463185425,0.04478768013567839,0.0440008070673053,0.09035261810248625,0.07093656643328924,0.05919404887962912,0.05672318605055292
59,0.09881546696391744,0.06321947501401572,0.3559599116759547,0.16712097655201452,4.7209735083860656,0.8328433232192163,9.721136571247983e-05,0.07326284937254723,0.9963695872152505,4.786447030026466,1650.7024835823395,6.016436576843262,0.0696968091894751,0.058560299064052114,0.04641084041190051,0.04512373460031644,0.09250927931122359,0.07314192534225886,0.06080144768206784,0.05859546379631065
60,0.09716486014070247,0.06161774091640389,0.35547118413419665,0.16444928278924242,4.775547605755208,0.8355246068042919,9.701760847198826e-05,0.0743626454560436,0.9963818071717339,4.452611876884475,1774.4641164476222,6.016436576843262,0.06704668558560885,0.057680884299199445,0.045256505449219504,0.043618105915543944,0.0902084023864181,0.07097571673830586,0.059562571995980515,0.05709305378219324
61,0.09884411439256206,0.06341780134845784,0.3542631157152774,0.16385615218811256,4.7601741548882694,0.8361185640719039,9.681755273946427e-05,0.07547841403406019,0.9963942046003784,4.737075413111597,1667.9067380120398,6.016436576843262,0.07062272436109115,0.05958235505809132,0.04594624596834183,0.0446173114427226,0.0933365099535787,0.07360039964791328,0.06012632142859722,0.05822620154367631
62,0.10018646961683685,0.06495417865650244,0.352322903754907,0.16177329141917735,4.763740397604066,0.8382042103848145,9.661122560248782e-05,0.07661003273684125,0.9964067781415205,11.617498093051836,680.0947963766321,6.016436576843262,0.07299136172443568,0.061250907588538114,0.04675769016566192,0.04496910824225499,0.0946955791477001,0.07482816528276619,0.06193457543849945,0.058994833578329464
63,0.09906189415899504,0.06385952004272415,0.35202373005803395,0.16162269533532977,4.7600259981854265,0.8383534336192685,9.639865499778804e-05,0.07775737745629946,0.9964195264161811,4.51447075791657,1750.1497791617805,6.016436576843262,0.07078043543145747,0.05991673833059688,0.04583263532420383,0.0438318225086158,0.0966748080608434,0.07493725950113132,0.06162177317026185,0.05858535743227192
64,0.09847041111594589,0.06336946432488037,0.35100946247902054,0.159981889455262,4.775689382942971,0.8399992346869226,9.617986970746067e-05,0.07892032235962687,0.9964324480262181,4.401701160008088,1794.987826930414,6.016436576843262,0.0707351377847397,0.059604394008898665,0.04497869916611317,0.04330430949471661,0.094995049928364,0.07536065549069842,0.060734800804910435,0.05708983880439261
65,0.09832994413743999,0.06332361041450935,0.3500633259058572,0.16047493564058082,4.739709830588894,0.8395074442162904,9.595489935507091e-05,0.0800987399030959,0.9964455415544788,13.370355658931658,590.934168211298,6.016436576843262,0.07103757480236776,0.05974346049210868,0.04522330047933778,0.04300085001803459,0.0962593397692148,0.07460989122943087,0.06060321655335422,0.05820144682882294
66,0.09974792626553314,0.0648349874026186,0.3491293789729063,0.15908935908621857,4.751000611967052,0.8409113394446108,9.572377440164241e-05,0.08129250084604694,0.996458805564956,4.835004633059725,1634.124597518747,6.016436576843262,0.07318596976247393,0.06126299770824014,0.04604709183161877,0.043826987097163,0.09855822225939581,0.07649754184988601,0.06231107464884086,0.059303444054857574
67,0.1002015378092787,0.06545078317536808,0.34750753402740137,0.15612357543467148,4.784599116264665,0.8438656757095466,9.548652614153283e-05,0.08250147426506282,0.9964722386029451,4.389834914822131,1799.8398922297822,6.016436576843262,0.07428678004025238,0.06183136956436889,0.04552235704270718,0.04288572686560014,0.0998432959758904,0.07738482319770018,0.06206202145239607,0.058618046557952344
68,0.10188060178890694,0.06712523988135599,0.3475536052493593,0.15563311970146407,4.798012256260206,0.8443674820840336,9.524318669819665e-05,0.08372552756832763,0.9964858391952036,20.581920971162617,383.88059166440837,6.016436576843262,0.07507294428408445,0.06311756762964972,0.04653539962884856,0.044054865563681364,0.10369590857833352,0.08017254808384101,0.06396477683591224,0.05957841041337055
69,0.10134815357068176,0.0667727152832157,0.3457543719020045,0.15581863230654686,4.748393613527793,0.8441714999902371,9.49937890198355e-05,0.08496452651016828,0.996499605850113,4.575020156102255,1726.986926923477,6.016436576843262,0.07515857520958652,0.06273386700538507,0.04627738452633383,0.04337033310990116,0.10223662980428376,0.08001866820650022,0.0637768221126636,0.05951552606504984
70,0.10353015257789883,0.06894079280750554,0.3458935926570393,0.15460681196723222,4.7821695949137775,0.8453894373571219,9.47383668749371e-05,0.08621833520577787,0.996513537057842,4.81306616589427,1641.5731111255127,6.016436576843262,0.07711713589154758,0.06604310857855585,0.04826615768493992,0.044861465383687786,0.10421621549663952,0.08217996984896575,0.0656160860635433,0.06131960903660635
71,0.10311196934737792,0.06863271665790385,0.3447925201580051,0.1535225175703014,4.781750109660114,0.8464889172254794,9.447695484770295e-05,0.08748681614611836,0.9965276312905125,4.811392155010253,1642.1442579300965,6.016436576843262,0.07892663868968852,0.06472194252105859,0.04691461843252182,0.04396642985973811,0.10500419198585849,0.08285870994367296,0.06438118697684488,0.06073898300381572
72,0.10346173747681829,0.0691570729571737,0.3430466333675529,0.15173526850022512,4.782784220810526,0.8482775422926568,9.42095883333656e-05,0.08876983021300178,0.9965418870023667,4.375278577208519,1805.827871431431,6.016436576843262,0.07959253602409944,0.06618317289323342,0.0469030037724313,0.043642022854139303,0.10471113974397833,0.0824583911325827,0.06538138750660251,0.06052858041309087
73,0.10385166614617808,0.06951814644069795,0.34333519253409706,0.1522252728400872,4.777748124989629,0.8477816419984069,9.393630353339624e-05,0.09006723669434769,0.9965563026299372,12.338338616071269,640.3617412241041,6.016436576843262,0.07872284724860487,0.06661877552828481,0.04741874279662909,0.04378328231571897,0.10884755169336706,0.08484164061536328,0.06635787550026809,0.06115294665374992
74,0.10762745192055913,0.0732753335827967,0.343521175652633,0.15179768749738462,4.793087333384201,0.8482168402992883,9.365713745060281e-05,0.09137889329961535,0.996570876592218,4.816720200004056,1640.3277898503106,6.016436576843262,0.08481400999326913,0.07084242983686036,0.050207965567473964,0.04628939988072386,0.11156369585739939,0.08914763405478213,0.06944410677237525,0.06341413355407792
75,0.10471854246789754,0.07048157412347092,0.3423696713739672,0.15208745032545132,4.7570556029385065,0.847928595043499,9.337212788412004e-05,0.09270465617540957,0.9965856072908379,4.408291473053396,1792.304353806121,6.016436576843262,0.08137023086605825,0.06831583060022639,0.04821041746605077,0.04428956993716828,0.10900414575253123,0.0856549243237843,0.06717679001384017,0.06225143928801821
76,0.10530032935873977,0.0711402241072237,0.3416010425515061,0.1512415764728176,4.758986724869931,0.8487738559192048,9.30813134242913e-05,0.09404437992125703,0.9966004931102362,11.718513030093163,674.2323006093194,6.016436576843262,0.08284845628477784,0.06900289862216273,0.04809410932344413,0.04408373126763858,0.11060551559507023,0.08673467333637067,0.06803055470781316,0.06256369633890277
77,0.10610920861938636,0.07208706928048612,0.340221386146823,0.14853018144688535,4.792280246571429,0.8514773111949313,9.278473344744348e-05,0.09539791760555316,0.9966155324178395,4.382201101165265,1802.975221264733,6.016436576843262,0.08374250046725344,0.06958697457889934,0.047836041782702156,0.043312977765201315,0.11175801309571821,0.08818702859353926,0.06827195971759398,0.062409839021816176
78,0.10590344132569572,0.07188318381806202,0.340202562304452,0.14798161293898726,4.805523807497631,0.8520509391219657,9.248242811055548e-05,0.09676512078167637,0.9966307235642409,4.8102510462049395,1642.5338145778308,6.016436576843262,0.08215379008096667,0.06933876120398197,0.04699869999071447,0.04298544224735186,0.11356234133787069,0.08899533818499636,0.06824825351996532,0.061742188521178375
79,0.10674789172043575,0.0728624613978956,0.3388542958738351,0.148836171422604,4.750453216729927,0.8511810082753177,9.217443834582088e-05,0.09814583950426908,0.9966460648833808,4.841997250914574,1631.7646604420586,6.016436576843262,0.08377792291019275,0.07019731263575635,0.04796955191534058,0.043270306746742045,0.11364138849029023,0.0905796828695008,0.0694147895273584,0.06283387343483388
80,0.10884103508459407,0.07493575319502568,0.3390528083171985,0.14805134352347984,4.775036735846082,0.8519719284164077,9.186080585510581e-05,0.09953992234568193,0.9966615546927298,4.318497010972351,1829.5717190321766,6.016436576843262,0.08553151564720349,0.074180828330438,0.04994544342602834,0.04466391703007752,0.11523181304597017,0.09236044050203508,0.07092629394714269,0.06442007985616728
81,0.1103255746146121,0.07647763273656677,0.3384794119550765,0.14748049032430138,4.77497318240302,0.8525583648995468,9.154157310430233e-05,0.10094721641258203,0.9966771912934731,4.374143591150641,1806.2964407443242,6.016436576843262,0.08987954394795612,0.07427990665802589,0.05034585881233215,0.04496199221679916,0.11841409323837956,0.09526952498015903,0.07155993835303028,0.06540472961271539
82,0.1115420717025102,0.07783349275913379,0.33708577819707014,0.14592458035124056,4.779030052352112,0.8541047546233185,9.121678331757881e-05,0.10236756736272073,0.9966929729706969,20.507915827911347,385.26586837491845,6.016436576843262,0.09148207065058045,0.07682088695890535,0.05107872923049489,0.04572890809661633,0.11867188210740234,0.09535641528933171,0.07352285611980484,0.06555453332326765
83,0.10937177656821218,0.07563095850429871,0.3374081641801504,0.14630751511127552,4.77751633517728,0.8537205457159303,9.088648047152714e-05,0.1038008194218612,0.9967088979935762,5.0284766969271,1571.2511912063344,6.016436576843262,0.08723012084712485,0.074635494199972,0.049154058846727765,0.04354756690086203,0.12034030579159627,0.0956968607017829,0.0719759126261967,0.06438404469298135
84,0.11048789556426891,0.07678151125395513,0.33706383379769167,0.14561384810690425,4.786249761565729,0.8544339126853184,9.055070928920835e-05,0.1052468154008625,0.9967249646155651,4.481871332973242,1762.879702028066,6.016436576843262,0.08988468481238777,0.07604866539058704,0.04951566170647506,0.04423118648455315,0.11956060309159128,0.0970478350006382,0.07291612468682616,0.06424851949248926
85,0.11103722052157129,0.07736235254155037,0.3367486726014075,0.14694335940721262,4.745132968570896,0.8530971863544103,9.020951523409717e-05,0.10670539671291873,0.9967411710745879,4.867461730027571,1623.2279652572113,6.016436576843262,0.09085001650793816,0.0774787495543432,0.05078412592411041,0.044925383589369185,0.12055900918763118,0.09691497148286776,0.0738130123834424,0.06623251255481474
86,0.11297176330866746,0.07934951170601885,0.3362225037807906,0.14680834582841423,4.735354009390994,0.8532256377511289,8.986294450392622e-05,0.1081764033909523,0.9967575155932328,4.7961008390411735,1647.3798748525796,6.016436576843262,0.09384511374992881,0.0794990007384417,0.0521662923406929,0.04628934163249327,0.12334782664251379,0.09943006412306828,0.07614849676698476,0.06740002176869454
87,0.11352199972347284,0.08004671369168052,0.33475284609760214,0.14375048394505546,4.7750591540122365,0.8562886936048091,8.951104402443078e-05,0.10965967410515753,0.9967739963789461,20.000631005037576,395.0375364662229,6.016436576843262,0.09440189834885997,0.07978828815551667,0.051404540785383694,0.04456779118967347,0.12475415649914963,0.10084226165398634,0.07563981446460705,0.06692086307354915
88,0.11803214098475973,0.08438720261031443,0.33644936822846094,0.14448139289672912,4.7991994711254655,0.8555739048296493,8.915386144299515e-05,0.11115504618069433,0.9967906116242299,4.834272085921839,1634.3722197616794,6.016436576843262,0.09926785260588679,0.08416783877194221,0.05450541517388151,0.048056898739238275,0.13076236037860164,0.10622055161740558,0.08037027749321159,0.07040441341428871
89,0.11418926797891144,0.08074539952633608,0.3344386712710566,0.14496891703723036,4.736743973955416,0.8550609696772925,8.879144512220109e-05,0.11266235561552934,0.9968073595068392,4.394850331125781,1797.7859095775138,6.016436576843262,0.09416863263949105,0.07997816830607661,0.051778049664458765,0.04495546629814686,0.12573563717269529,0.10357679048034012,0.07726102439357083,0.0672229744471765
90,0.11551719371721181,0.08206281657008306,0.3345437644931459,0.1439370697468176,4.765167479061836,0.8561028042423199,8.842384413327956e-05,0.11418143709842243,0.9968242381899824,4.838140244130045,1633.0655171862827,6.016436576843262,0.0955910798219534,0.08331470714866622,0.05292383680249205,0.045744456343082565,0.1262519789485671,0.10380273786992482,0.07810872440763529,0.0682784291526514
91,0.11755329834073575,0.0841634137398713,0.33389883540941334,0.1436271919617697,4.756791157354932,0.8564300145880812,8.805110824946645e-05,0.115712124027057,0.9968412458225229,4.241700716083869,1862.6962458809592,6.016436576843262,0.10099864664290331,0.08434995607687877,0.05400348562002182,0.04661453250022864,0.12996721279444953,0.10743983018965948,0.07878144030217771,0.06940168671354034
92,0.11678363287196916,0.0835218995219242,0.33261732632427965,0.1417205837786145,4.772418687470637,0.858344766244513,8.767328793926329e-05,0.11725424852631144,0.9968583805391812,3.731490195961669,2117.384633235992,6.016436576843262,0.09996482004500305,0.08433683186284895,0.052420643839025644,0.04538048349955969,0.1279600907230016,0.10586118531892025,0.07946559296049495,0.06790505365503723
93,0.11620967836036605,0.08286750742852303,0.3334216963051392,0.14289734028529674,4.763109008355498,0.857144113734257,8.729043435960381e-05,0.11880764146667117,0.9968756404607408,4.216720699798316,1873.7309303833906,6.016436576843262,0.09707718693421695,0.0847103669037742,0.052273302752539,0.04458618004029766,0.1317203738759903,0.10763136170945077,0.07879211553713171,0.06834809754286018
94,0.11792810447396183,0.08465076057805455,0.33277342504616736,0.1423247501191844,4.761217035955756,0.8577291868243273,8.690259934892726e-05,0.12037213248277673,0.996893023694253,4.292637025006115,1840.5935451737255,6.016436576843262,0.10101804736803269,0.08641354008311801,0.05304859093346521,0.045508182171693785,0.13092227973436055,0.10944360653324241,0.08064535263232273,0.0689383643222195
95,0.11660969734320141,0.0833356820245873,0.3327401408084268,0.14341196212990648,4.733204587413274,0.8566312303483946,8.650983542015949e-05,0.12194754999210905,0.9969105283332457,4.122624138835818,1916.4977776099552,6.016436576843262,0.09924681353351628,0.08551401452980531,0.05264030341095708,0.04512522952987793,0.13059906535876345,0.10760485492527928,0.07983961134125153,0.0689951496859712
96,0.11822127005036549,0.08498524110625173,0.332360284854424,0.14349821872265184,4.721551737382795,0.856569082272866,8.61121957536027e-05,0.1235337212138069,0.9969281524579312,11.16869257693179,707.4238945674808,6.016436576843262,0.10172740638497388,0.08793950382667252,0.05405958366116004,0.04557476564495262,0.13298292722509467,0.10970375632765281,0.08173967430082224,0.06995021901538025
97,0.11965939111761496,0.08654862253021069,0.3311076769420217,0.1406691974928795,4.760962080584344,0.8593801870148117,8.570973418973482e-05,0.12513047218761653,0.996945894135418,3.72350068599917,2121.9279023389877,6.016436576843262,0.1032740105549103,0.08871167671906721,0.053895156770657114,0.04502368871024366,0.13453927013090783,0.11171413779492931,0.08233478549701065,0.07038121673550625
98,0.12012950841980091,0.08696628027743983,0.33163226542480684,0.14094084973328325,4.767285463583951,0.859132047469609,8.530250522191947e-05,0.12673762779297054,0.9969637514199219,3.700575941009447,2135.0730605044027,6.016436576843262,0.10268612009796066,0.08884910709165,0.053196693876262434,0.04538728319541394,0.13687371905693047,0.11375384028169358,0.08288785146692339,0.07053539785275977
99,0.11999325192649068,0.0869197370313554,0.3307351319869249,0.14180000925830552,4.723378171680578,0.8582499015483656,8.489056398902754e-05,0.12835501176819353,0.9969817223529799,10.887279239017516,725.7093187878037,6.016436576843262,0.10292464714983235,0.08862226238572089,0.05369792202947593,0.04481883445963325,0.13553766101222958,0.11418335603885964,0.08367551024818042,0.07052985179980675
100,0.12123780530768849,0.08818136292244871,0.33056441450357404,0.1408265991167786,4.743445533602287,0.8592319017632855,8.447396626797144e-05,0.1299824467298336,0.9969998049636648,3.7436797791160643,2110.4903373614766,6.016436576843262,0.10433203978416247,0.09259352426637303,0.05503760564445269,0.045662432600179485,0.1352822119497184,0.1139147399504039,0.08441544769339542,0.07153101461778744
101,0.12326158422101165,0.09019373126545822,0.33067852308095036,0.14093856660229784,4.743498991024885,0.8591380793978,8.405276846615291e-05,0.1316197541921164,0.9970179972688012,3.7190461419522762,2124.469473737814,6.016436576843262,0.10942664111397307,0.09312987130167139,0.05575409710407257,0.046363665961628726,0.1393618999443618,0.11824301819479655,0.0850623405764623,0.07243062000302873
102,0.12383742137108253,0.09090697667939257,0.32930443770009465,0.1392648165708191,4.750990672558716,0.8608259062965585,8.36270276138253e-05,0.13326675458652004,0.9970362972731835,11.068716959096491,713.8135367628857,6.016436576843262,0.10960074570067756,0.09443527393467058,0.055687889006140336,0.04650449842648298,0.13884036525180846,0.11775417287511179,0.0871280788920308,0.07200996838834602
103,0.12600299556818723,0.09292699292315333,0.3307600115058,0.14079000625357177,4.749250185065685,0.859268624689621,8.319680135637188e-05,0.1349232672814693,0.9970547029697941,3.954318050062284,1998.0689211065237,6.016436576843262,0.11064340846094196,0.09816298717933317,0.057696557470730374,0.048013489750018595,0.14558476944825213,0.12247068827007301,0.08874880455858339,0.07458091852465651
104,0.12762164767445408,0.09459484826291065,0.3302679849853849,0.140408723529887,4.7464816338834,0.8596662987924621,8.27621479465004e-05,0.13658911060214574,0.9970732123400239,4.584618213120848,1723.371419977329,6.016436576843262,0.11417815341987084,0.09940717452262517,0.05925201570800462,0.048713613570350964,0.14363680463088185,0.12408444267758251,0.09003615706764911,0.07567171348816508
105,0.12361426763882473,0.09061127769624172,0.3300298941148986,0.14144746624070048,4.714560826961458,0.8586166182238457,8.232312623635589e-05,0.1382641018504126,0.9970918233538935,4.576320999069139,1726.4960219370817,6.016436576843262,0.10851605763430533,0.09567318534568643,0.05609204277719501,0.04653356135525602,0.1413452066759417,0.11897900044981402,0.08735911317079734,0.07338012184106535
106,0.12402318709221931,0.0910911274077379,0.32932058218505894,0.14134746729957953,4.699327987412111,0.8587346437716391,8.187979566955194e-05,0.139948057324852,0.9971105339702762,5.016939098015428,1574.8646426912842,6.016436576843262,0.10970773134636976,0.09658229558528224,0.0560487059566787,0.04619206093953463,0.14217676176401559,0.1203176207803375,0.08839433159727748,0.0735168458828375
107,0.12565537428096976,0.09284375622300857,0.32811617272260174,0.13856241393090804,4.738844047240284,0.8614998279817646,8.143221627312207e-05,0.14164079234091187,0.9971293421371212,4.491152441129088,1759.2366555283672,6.016436576843262,0.11131552592874161,0.09796660126267852,0.05632397213038397,0.045527646132946985,0.14355906742854171,0.12233238861930862,0.08898011268074833,0.07377873992723692
108,0.1273321379926171,0.09445493762805604,0.3287719746335158,0.1389477818680027,4.7456049120074635,0.8611300391738075,8.098044864939205e-05,0.14334212125116091,0.9971482457916796,11.523683564038947,685.6314611636881,6.016436576843262,0.1126919267165601,0.09903044025298997,0.05661074202487982,0.04665899115721871,0.14788330458821738,0.12592892933572347,0.09037907874714936,0.0746389389277462
109,0.12810119571617593,0.09526938935153591,0.32831805087451527,0.14008101537293716,4.7059260242695355,0.8599781850639318,8.052455396777431e-05,0.14505185746564925,0.9971672428607294,4.483265596907586,1762.3314588923438,6.016436576843262,0.11378396879071774,0.09982755919041553,0.05802572575899271,0.04689275445532502,0.14671464820837765,0.12723559495366987,0.0924597687678593,0.07579233387139253
110,0.12785478374947779,0.095060522730419,0.3279425854577911,0.13898290279786385,4.723992219832469,0.8610815443489886,8.006459395648564e-05,0.14676981347237206,0.9971863312608041,4.8713176439050585,1621.943091698331,6.016436576843262,0.11296076151040885,0.10295327882136195,0.0580918556392783,0.0468360567031129,0.14511200640401412,0.12446137339876014,0.09152412266157475,0.07567937472745762
111,0.1314939492477705,0.09866291686181493,0.3283103073779397,0.13948373294166336,4.720664468117566,0.8605966380149137,7.960063089418913e-05,0.1484958008578347,0.9972055088984204,11.621769145131111,679.8448585007463,6.016436576843262,0.12005256000140034,0.10521677104581116,0.060336153209209445,0.04869986035629446,0.1505481857384367,0.1315279221014371,0.09366340070594976,0.07752192461279017
112,0.13190575629951773,0.09918555431940211,0.3272020146222435,0.13765416367418207,4.738696371599204,0.8624504080242393,7.913272760156166e-05,0.15022963032771697,0.9972247736703079,4.834227886982262,1634.3871626896248,6.016436576843262,0.120161275834631,0.10590605879944515,0.05975608905239324,0.0487682614591662,0.150382872106451,0.13061530810903269,0.09531206549058954,0.07687327228234098
113,0.1331186182697941,0.10028249415366382,0.32836122246365534,0.13909549876310118,4.731643255625084,0.8609869026440696,7.866094743278798e-05,0.15197111172763295,0.9972441234636403,4.8245096378959715,1637.67938982618,6.016436576843262,0.1195961596492775,0.10915482566962319,0.06161314018904933,0.04996507275913745,0.1556543925972646,0.13375580323317265,0.09635560014625875,0.0788780035003174
114,0.13351550430470577,0.10071416642507892,0.3280133723216847,0.13846635696269669,4.738675441761256,0.8616282981855178,7.81853542669825e-05,0.1537200540639862,0.9972635561562665,11.569203797960654,682.9337729699894,6.016436576843262,0.12190805831134202,0.10935193109835452,0.06122799612464705,0.049100788383139776,0.15209295009311877,0.13450873932659743,0.09693637826799255,0.0783077293282371
115,0.13078605205126162,0.09798045261870184,0.3280559781080197,0.14010169817713028,4.698857060717172,0.8599512885905658,7.770601249954009e-05,0.1554762655249166,0.9972830696169435,4.365080409916118,1810.0468394697523,6.016436576843262,0.1179364971597627,0.1067621298980148,0.059450296402212666,0.048136701609225986,0.15168527032675078,0.13033150017704898,0.09483365704864956,0.07777439466407222
116,0.13247834705405712,0.09970764462468203,0.32770702387694844,0.1399757669777255,4.693281545410909,0.8601120498916376,7.722298703341689e-05,0.15723955350133678,0.9973026617055704,4.826537212124094,1636.9914190556663,6.016436576843262,0.12103682973606866,0.10928153928825121,0.06079434798224906,0.04882797512238871,0.1528463396585203,0.13298121744127417,0.09737341173194954,0.07915909434083718
117,0.13476688405853662,0.10209626920588212,0.3267061328785342,0.13757362688678593,4.72831271790414,0.8625055918843214,7.673634327034247e-05,0.15900972460805643,0.9973223302734229,11.576944848988205,682.4771218194519,6.016436576843262,0.1233225405509836,0.11090191022737639,0.06143862223062996,0.04854471265181567,0.15536510797042924,0.13572130643548572,0.09854383943092763,0.07945446823359517
118,0.13747874437751778,0.104749041125829,0.3272970284356179,0.1381289609877041,4.729201761020496,0.8619605783661202,7.624614710196445e-05,0.16078658470499108,0.9973420731633887,4.798573879059404,1646.5308650304078,6.016436576843262,0.12605516203683825,0.11336309281476026,0.06293740264937076,0.050426510799672385,0.16151142591401074,0.14005186938121536,0.10038928757398459,0.08114684777087476
119,0.13695534418736993,0.1042754567000643,0.32679886475663716,0.13878909927986044,4.700244249776713,0.861284890607586,7.575246490092668e-05,0.16256993891845428,0.997361888210205,4.425269415136427,1785.4280177778555,6.016436576843262,0.12563282465157302,0.11274655392195944,0.062987353275662,0.049822950449721945,0.15846639357066408,0.1402923310877847,0.10156391060376026,0.08123001127754446
120,0.13567766564365522,0.1030630014488824,0.32614663474892625,0.13801581223861067,4.70327069043902,0.8620697684626597,7.525536351188244e-05,0.16435959166253,0.9973817732406948,12.25191699899733,644.8786749572822,6.016436576843262,0.12315951011119745,0.1149119291423766,0.062150866383373145,0.04917097267709248,0.1559583774784155,0.13616165242486686,0.09960281576853075,0.08035220937904225
121,0.14334206069599087,0.11061015482598234,0.32731905060166905,0.1380075073015115,4.7327886853485435,0.8621019944558037,7.475491024244364e-05,0.166155346660523,0.9974017260740058,4.41112274187617,1791.1539674453697,6.016436576843262,0.136698501631844,0.1218186784376446,0.06756611961126327,0.053897911519335026,0.16627498424699153,0.14659853291416924,0.1051219016804126,0.08528108074820254
122,0.1488116433606572,0.11607063570636357,0.327410068817945,0.13742470759943215,4.749634081646545,0.86269693191467,7.425117285406741e-05,0.16795700696648533,0.9974217445218498,12.5002651209943,632.0665940700893,6.016436576843262,0.1428458847815802,0.12815512680425878,0.07190380336345796,0.058543116473854205,0.1697250964740912,0.15112034388747347,0.11101523425222873,0.08915167758448657
123,0.13896821138828921,0.10628354137791907,0.3268466857947393,0.13809218645329688,4.718862553606032,0.8620138037070461,7.374421955288103e-05,0.16976437498681562,0.9974418263887423,4.7886904291808605,1649.9291647364898,6.016436576843262,0.12743110348561962,0.11937562880977508,0.06357179282945095,0.05019869509680534,0.1639508403890845,0.1437815697687977,0.10263929037543816,0.0822935516497176
124,0.14376581716448458,0.11102279526397346,0.3274302098316839,0.13805475243359122,4.734386518143081,0.8620417975818125,7.323411898044702e-05,0.17157725250193012,0.9974619694722436,4.868970171082765,1622.7250778665111,6.016436576843262,0.13570960245188876,0.12462095906173618,0.06735603047915154,0.05261842006260587,0.1650789599669607,0.1480704269700737,0.10760851988108451,0.08425218880540727
125,0.13898572478094007,0.1063035048045564,0.3268221844458728,0.13963171717502273,4.679761797698928,0.8604281889669594,7.27209402044689e-05,0.17339544068800175,0.9974821715632001,4.443182164104655,1778.2300405844667,6.016436576843262,0.1289312837092468,0.11929568151142614,0.06391320799346976,0.050295971270571366,0.1633360375716821,0.142024911615471,0.10313875728330904,0.08260517795720408
126,0.13878285715684394,0.10613861980939603,0.32644236471785454,0.13950343200895185,4.6734733882093416,0.8605831673274749,7.220475270943948e-05,0.17521874013876626,0.9975024304459863,12.613789662020281,626.3779729726792,6.016436576843262,0.1291219683793875,0.11972781644843299,0.06344365088886376,0.04967682574220554,0.16136276367240202,0.14401551941734048,0.10428436391929925,0.08252896004585765
127,0.13939955678940905,0.10688079414360434,0.3251876102838467,0.13661211746777935,4.71438737483496,0.8634656445389532,7.168562638723265e-05,0.17704695088739095,0.9975227438987487,4.81277288380079,1641.67314576464,6.016436576843262,0.13016682328849002,0.1189404048405208,0.062286330668489265,0.04806146630167236,0.16222649315481452,0.14489209441164388,0.1032338915772699,0.08128867890118571
128,0.14048433502615743,0.10792494087245794,0.325593932823748,0.1368469722779276,4.7186741241698416,0.8632488753309493,7.116363152764002e-05,0.1788798724284063,0.997543109693649,4.383441359968856,1802.4650842041003,6.016436576843262,0.130173415874117,0.11927083184566403,0.06239976799500709,0.048649294053135055,0.16679989603152753,0.14755208302710762,0.10400600756629039,0.08219526163545478
129,0.1425824302681608,0.11001224737577145,0.32570181566919654,0.13826496796341822,4.68592123942441,0.8618121813888897,7.063883880885356e-05,0.18071730373969566,0.9975635255971077,4.738851498812437,1667.281619181357,6.016436576843262,0.13265042279077613,0.12200437800735382,0.06445165201719956,0.05010503901485586,0.1668418147515372,0.15035688718322848,0.10797501202843061,0.08411259305512657
130,0.1412375417710437,0.1087646543708063,0.3247288577414181,0.1374324606636056,4.682410036728452,0.8626480670597505,7.011131928789593e-05,0.18255904330454212,0.9975839893700504,4.760980707826093,1659.5320344424729,6.016436576843262,0.12993366284248156,0.12430634891444986,0.0638659138490658,0.04904290613732808,0.16436955965982775,0.14617160103730195,0.10589440460645312,0.08331084896765642
131,0.14229352907460938,0.1098039783636402,0.3248954937663535,0.13715843254328527,4.6934266227390955,0.8629409421502661,6.958114439099925e-05,0.18440488913372935,0.9976044987681525,12.062359286937863,655.0128222889089,6.016436576843262,0.13361574197612636,0.12310999969386646,0.0641718192100525,0.049269764508256236,0.16623497549536193,0.15186009662491934,0.10538805567433314,0.08313280161786127
132,0.14409088426270888,0.11166044415918094,0.3243043897325759,0.13585587529166862,4.711212901733537,0.8642673931036127,6.904838590393394e-05,0.18625463878769444,0.9976250515420855,4.8178056019824,1639.958240894765,6.016436576843262,0.13678887685945987,0.1260765664945773,0.06425240359291419,0.04974459464857335,0.16766182310653455,0.15163786311548544,0.10808752959791161,0.08268353282424395
133,0.14966930385451274,0.1170533379440126,0.32615964393980246,0.1376170057097563,4.7135660195407985,0.8624780931709356,6.851311596228902e-05,0.18810808939873025,0.9976456454377637,4.439175796927884,1779.834897610466,6.016436576843262,0.14213283195763168,0.1361623644348114,0.06980442575045995,0.053934820336049086,0.17791283276467512,0.15736254593611262,0.1135364439550454,0.0887404809426228
134,0.14519379579437003,0.1126526203178602,0.3254117438150741,0.137044164932177,4.7091896521594006,0.8630594683363383,6.797540704170485e-05,0.189965037693234,0.9976662781965915,12.109621085925028,652.4564182427893,6.016436576843262,0.13668862379044,0.13045517161185605,0.06513483667872963,0.04993096482507961,0.16758229908190275,0.1553562932465909,0.10863952664611055,0.08405496923598156
135,0.14676208527816004,0.11421478900776952,0.3254729519500233,0.13888612765441166,4.664670665389963,0.8611749965561265,6.743533194805999e-05,0.19182528001400162,0.9976869475557111,4.444728736067191,1777.6112940001387,6.016436576843262,0.1392551316316367,0.13208298345426464,0.06767238270954268,0.05196164085509929,0.17331779372094153,0.15399564959417622,0.11112192347853296,0.08741477744713906
136,0.14516884032502506,0.1126380620757442,0.3253077716295394,0.1388805250526078,4.660681267868581,0.861192722974465,6.689296380761317e-05,0.19368861234256285,0.9977076512482507,4.776242789113894,1654.2291396928383,6.016436576843262,0.13812124174133486,0.1303737289291897,0.06610131243459222,0.05067443817794204,0.17033078072555008,0.15434818255960644,0.11107918916040342,0.08558470567866186
137,0.1458324333498439,0.11346439951025312,0.32368031798578667,0.1355484124905338,4.703297743720656,0.8645331591024472,6.63483760571021e-05,0.195554830321557,0.9977283870035728,4.423056477913633,1786.321300542588,6.016436576843262,0.13858544121822114,0.12937897783178431,0.06496189632088681,0.04902795253370645,0.17102017289700885,0.15580640115531816,0.1098254264290653,0.0846837251274674
138,0.14557206301602543,0.1131534804176898,0.32418581893920534,0.1361006482456805,4.702129375299402,0.8639917377278317,6.580164243380003e-05,0.19742372927714505,0.9977491525475238,4.791139191016555,1649.0858822917257,6.016436576843262,0.13641346842799354,0.12829211404170895,0.06391724264634376,0.04850763131111526,0.17439523100732188,0.15750577325850088,0.10925990420348147,0.08432617801499653
139,0.14854503408170563,0.11610838627625894,0.3243664701314474,0.13736777149783014,4.674967542386873,0.8627127023410712,6.525283696553177e-05,0.19929510424145716,0.9977699456026828,4.815003663068637,1640.9125626634798,6.016436576843262,0.14100597001936124,0.13274718990883577,0.06654097930139859,0.051388951783605634,0.17448040285119723,0.16026298445267756,0.11385867171448694,0.08696697159580583
140,0.1482282783687605,0.11589052670629035,0.32337749186927284,0.1365800168322334,4.669936977116583,0.8634969654030142,6.47020339606503e-05,0.20116874997507214,0.9977907638886119,19.750613287091255,400.0382107204737,6.016436576843262,0.1394923631961529,0.13522178932162357,0.0673109782214212,0.05082460580094491,0.1741877794265747,0.156803012305698,0.11322266494090132,0.0866801995666083
141,0.14972413917151212,0.11734571148060406,0.32378426979892,0.13632994106303678,4.686358322510009,0.8637717143295234,6.414930799797535e-05,0.20304446098952647,0.9978116051221059,4.808207877911627,1643.231782114978,6.016436576843262,0.14343000750652804,0.1352463229599162,0.06790998858213425,0.05101526829234341,0.17552607188671093,0.1635531587969689,0.11299138427271274,0.08757448995842265
142,0.14844820919919205,0.11618849458313188,0.32259714308833337,0.1345700254658403,4.700678053241397,0.8655598738301843,6.359473391669548e-05,0.20492203156985095,0.9978324670174428,4.4501830618828535,1775.432581116589,6.016436576843262,0.1432948462498841,0.1347191282888738,0.06479867879491653,0.049602608639832096,0.17364167975205363,0.15954182228719097,0.11253997163528184,0.08475175762453477
143,0.14876812933147926,0.11641540250651007,0.3235272571016393,0.13563898163511096,4.697206947836992,0.8644560238799329,6.303838680623484e-05,0.2068012557971322,0.9978533472866348,4.723480495857075,1672.7072350420206,6.016436576843262,0.14083760379550453,0.1382104971956822,0.06600122757860132,0.04993401623303646,0.17851262233551368,0.16184681429053252,0.11328095161333317,0.08615481515171851
144,0.1494037165300497,0.1170516337196505,0.32352081390441695,0.13507648546580137,4.711108283262708,0.8650233628643931,6.248034199608602e-05,0.20868192757109616,0.9978742436396788,4.819212986854836,1639.4793136454487,6.016436576843262,0.14174835075288128,0.13952386575423736,0.0661099156160005,0.04974414918226065,0.17294952267094663,0.1633956775627663,0.1134072721671476,0.08565436245953235
145,0.14836702199242355,0.11604344358422788,0.32323576586712105,0.13710966051462226,4.653152749230931,0.8629573217344773,6.192067504561042e-05,0.21056384063271205,0.9978951537848079,19.56051151501015,403.92604221709695,6.016436576843262,0.14107098151847583,0.13762562678573398,0.06580992813058624,0.04987329533125492,0.1763557231286292,0.16000126082129484,0.11388199320521306,0.08683253464198881
146,0.14948303542051447,0.11714543414265276,0.3233760059966179,0.13699543506280484,4.659514382766359,0.8630903357645331,6.135946173380754e-05,0.21244678858681312,0.9979160754287424,4.33518415899016,1822.5292652482067,6.016436576843262,0.1443687765463161,0.13914605522457557,0.0671691034347601,0.05056929922772792,0.1752282693966289,0.1627235242976478,0.11578233060291562,0.08801223261272488
147,0.15232352380389852,0.1200978548172048,0.32225668060675466,0.13383564828445815,4.7105259457172854,0.866274062779384,6.07967780490544e-05,0.21433056492473299,0.9979370062769415,4.032888113055378,1959.1418800890265,6.016436576843262,0.1472046379972561,0.1400230743072845,0.06827785363790179,0.05062892392247492,0.17872192513439364,0.16635268914910337,0.11634036237327613,0.08835999115749642
148,0.15370036873043738,0.12140445720506701,0.3229591041490287,0.13480216895963645,4.703923506942554,0.8652916361283477,6.023270017881686e-05,0.21621496304695365,0.9979579440338551,4.649939111201093,1699.1620343947147,6.016436576843262,0.1470863867045647,0.14065954115590437,0.06904323773571189,0.05123762386897531,0.1841949170121306,0.16894486561706185,0.11771073191615188,0.08948312478371892
149,0.1529394517916846,0.12069524012985991,0.322442112074911,0.1355313137579139,4.6727700739808515,0.8645721979042259,5.966730449933367e-05,0.21809977628576424,0.9979788864031751,4.7735292909201235,1655.1694812114665,6.016436576843262,0.14751437721045121,0.1418030311614718,0.06784962974337913,0.05137918138281438,0.17983880826966722,0.168225782572246,0.11861012624224895,0.08871070500518738
150,0.1536625324963105,0.12146837833395126,0.32194152957592537,0.13456415818124132,4.684434375828119,0.8655125048021443,5.910066756527519e-05,0.2199847979279269,0.9979998310880881,4.972835960099474,1588.8318181808581,6.016436576843262,0.14712014467288287,0.14502648652092484,0.06888740593844121,0.05157487055798269,0.1805468916195875,0.166148143759846,0.11926570509973898,0.08974502047674161
151,0.15401831213816286,0.12179467313999677,0.32223639250510766,0.13472159809439171,4.687869972947911,0.8653705004966195,5.853286609937785e-05,0.22186982123734733,0.998020775791526,12.266097285086289,644.1331595834004,6.016436576843262,0.14984570194522662,0.14227065176535875,0.06926501917839051,0.05127630357402766,0.18056927925260197,0.17185361387710724,0.11787471211986777,0.08994520698073348
152,0.15534129943248365,0.12319353287536243,0.3214776512188725,0.1328248837711675,4.716319302941648,0.8673143762076237,5.7963976982055905e-05,0.22375463947774854,0.9980417182164194,4.485412035835907,1761.4881167829121,6.016436576843262,0.15376905833973603,0.14552256513417253,0.06887483901351038,0.051565394146278844,0.18172901992996535,0.16950456530924338,0.11910825662290517,0.08864863602028004
153,0.15398259424337962,0.12179811128448526,0.3218448132167148,0.1337948806028459,4.701248410834102,0.8663023487855597,5.739407724099177e-05,0.2256390459353438,0.9980626560659482,4.835674311965704,1633.8982922090631,6.016436576843262,0.14834000268775618,0.14720619469881058,0.06838940854928668,0.05109918247361072,0.18551820036589675,0.16987613761949838,0.11864362063446665,0.08892484776621878
154,0.15414833636649605,0.12195645272165986,0.3219188339022832,0.13348841159845543,4.710760682553464,0.8666309233542229,5.68232440407065e-05,0.22752283394150838,0.9980835870437945,4.466737922979519,1768.8523786794437,6.016436576843262,0.14849692030536119,0.14845283980060292,0.06787068968668034,0.0503777441290236,0.17842881566599797,0.1710826119727637,0.11856312341874395,0.08801900302562597
155,0.1539350073351285,0.12174341518235288,0.3219159087332393,0.13539960084572847,4.662907790389337,0.8646744504229598,5.6251554672111695e-05,0.2294057968954444,0.9981045088543938,4.760343051981181,1659.7543315101475,6.016436576843262,0.14906337570395273,0.14730900990880608,0.0686737235481217,0.051221632608707914,0.18299881867436232,0.1684049248188639,0.1192451516233779,0.09011665034678674
156,0.15307354650389104,0.12089524094103529,0.32178303684226894,0.13520927375674988,4.664344177926859,0.8648860908100807,5.567908654204427e-05,0.23128772828684047,0.9981254192031871,4.44730488397181,1776.5815940515765,6.016436576843262,0.14913891068836937,0.14672129742706877,0.06853353528285977,0.05070536388065629,0.17921362723858272,0.1695614722237658,0.12021543986818856,0.08916906507770021
157,0.15573735328440938,0.12368847391466871,0.32048878149508886,0.13214908138911433,4.708492546289152,0.8679787926984096,5.510591716278559e-05,0.23316842171851968,0.9981463157968724,19.759303024969995,399.86228208633884,6.016436576843262,0.15258109780955198,0.14716142362409776,0.06853245449475026,0.05024161629575261,0.18300389420973898,0.1733366099930934,0.1198348379846829,0.08952444043669681
158,0.1555282369193782,0.12341522691431203,0.3211300885951937,0.13247529157482058,4.716370022880806,0.8676471663583548,5.4532124141566275e-05,0.23504767092907577,0.9981671963436564,4.820064934901893,1639.1895351428116,6.016436576843262,0.14989886176047013,0.1458837632475228,0.06812817338668403,0.04994086005272121,0.18664596158078858,0.17411817061913246,0.12007443022989442,0.08953948468568335
159,0.15538110429087013,0.12331716314197688,0.32063939377954076,0.13356412154875924,4.6768819974685165,0.8665379030525556,5.395778517005816e-05,0.2369252698154949,0.9981880585535055,4.856752334861085,1626.8072685707555,6.016436576843262,0.15067581476076788,0.14678276447640184,0.06819717368857581,0.05031557106007184,0.1831221039380759,0.17466114534706365,0.12151983137396173,0.08957618753154796
160,0.155879627449756,0.12384719350110608,0.32032433136733723,0.13251104722700757,4.69533220838405,0.8675755992477083,5.3382978013854864e-05,0.23880101245575902,0.9982089001383974,11.318950091022998,698.0329391386082,6.016436576843262,0.14994812794220752,0.15040536754387468,0.06882310114284552,0.0506989200498156,0.18306413821542009,0.17115230361620584,0.12209980894668468,0.09112626393311357
161,0.15698602423684807,0.12494268497776764,0.3204333849751999,0.13253669217634376,4.69741740949153,0.8675621264027035,5.280778050194227e-05,0.24067469313143058,0.9982297188125715,4.8140121549367905,1641.2505298511742,6.016436576843262,0.1542606690734353,0.14912550316916573,0.06964365065097809,0.05102461757920721,0.1841036938681391,0.1777484594356446,0.12126059860849576,0.09107288312629835
162,0.15751219370624353,0.12552830484106245,0.31983886611429957,0.13050715696387707,4.7332928511119015,0.8696208790184169,5.2232270516160495e-05,0.24254610635021398,0.9982505122927802,4.410381302936003,1791.455082294196,6.016436576843262,0.1566400206355004,0.15112150829981982,0.06871496338292381,0.050592167492715834,0.18386276404966007,0.17468334502907862,0.12209592325736808,0.08962059124857043
163,0.15738969030387492,0.12537203642491707,0.3201765229001617,0.13178524141099812,4.709782143542019,0.8683155408887497,5.16565259806587e-05,0.24441504686849225,0.9982712782985388,12.17002475191839,649.2180715371632,6.016436576843262,0.1528643291436121,0.15492700905569137,0.06973858367522251,0.05088151388979973,0.1891880285727747,0.17604798540879096,0.12243082513654135,0.09064382831378617
164,0.15832668447808335,0.1262952469146911,0.3203143508784938,0.13140879988428944,4.722638873114886,0.868718556325174,5.108062485134405e-05,0.24628130971383744,0.9982920145523759,4.478773000184447,1764.0992297833843,6.016436576843262,0.15421145284434512,0.15679662883108605,0.06965515164180576,0.05122354322487546,0.18264767947949861,0.17785921169691066,0.12321508221805763,0.08994393211518188
165,0.15657252999872004,0.12455961309630816,0.320129154671779,0.13310332110283904,4.675645944302994,0.8669674290296262,5.0504645105326616e-05,0.24814469020748994,0.9983127187800832,4.809066879097372,1642.938266120134,6.016436576843262,0.1530385019810608,0.1536510806210773,0.06911639131502757,0.0511572926602465,0.18523828896794273,0.1739281540089282,0.1225219341816455,0.09081178831477318
166,0.15702212704026144,0.12501156788685702,0.3201055844446297,0.1328023532757939,4.682580884869016,0.8672897178241685,4.992866473036115e-05,0.2500049839868065,0.9983333887109646,11.299109783954918,699.2586275442391,6.016436576843262,0.1552845374775319,0.1544242913712932,0.070403029637156,0.05123368475981848,0.18374219166231712,0.17605174050402286,0.12421121867513704,0.09110866647269858
167,0.15894311631032143,0.12707322368386756,0.3186989115614059,0.12996247356646484,4.718411018630852,0.8701636819820768,4.935276171428753e-05,0.25186198702767343,0.9983540220780852,4.383927703136578,1802.2651227453077,6.016436576843262,0.1580832293468156,0.15393342338241897,0.0691928883010296,0.05033562113257015,0.18624878739966913,0.17889679028617844,0.12312657002785905,0.09112048449584977
168,0.16022442128104267,0.12821905375368126,0.3200536599990281,0.13050228902741695,4.738784372768829,0.8696237338704258,4.877701403447128e-05,0.2537154956668821,0.9983746166185209,4.878589238971472,1619.5255663019761,6.016436576843262,0.1566493950297485,0.15431439582937456,0.07029757279732826,0.05141489637614998,0.19108986166110517,0.18123657112821526,0.1249420316007772,0.09248917899936078
169,0.1609120572568374,0.12897313063981458,0.3193892560538092,0.1317853233645557,4.690098422733293,0.8683196895032906,4.8201499647245366e-05,0.2555653066244662,0.9983951700736052,11.658679004991427,677.6925581892551,6.016436576843262,0.15887513815060905,0.1563344164811466,0.0712549328683359,0.05216418460196974,0.18902424743866944,0.18264659982724268,0.1268495421404867,0.09301516635652332
170,0.15810422475972277,0.1262216921634062,0.31882531027177696,0.13044574926350935,4.709489137760341,0.8696511457606427,4.762629647735485e-05,0.25741121702599457,0.9984156801891777,4.79554006899707,1647.572512443296,6.016436576843262,0.15340084369365986,0.15640352998883272,0.06915487723775429,0.050559545736856414,0.18539158387026128,0.17594196928088246,0.12465398767924407,0.09080019985935418
171,0.15872777337787153,0.1268656492146521,0.31862123234937983,0.13020835853165394,4.710321914695544,0.8699126777249399,4.705148240740595e-05,0.2592530244248229,0.9984361447158313,4.7704751149285585,1656.2291615933361,6.016436576843262,0.15703305212560034,0.15426913489643326,0.069589963555336,0.05041492631191809,0.18597322708280214,0.18158063682771863,0.1236363036151776,0.09128732276856312
172,0.16117085800104813,0.1293163989415849,0.3185445812891864,0.12840535134405234,4.753480827607712,0.8717510477227057,4.647713526732069e-05,0.2610905268242951,0.9984565614091588,11.679690653225407,676.4733959643099,6.016436576843262,0.16215508511293733,0.1571839037464886,0.07031825722444791,0.051890476748130424,0.18774846749323787,0.18076102120942802,0.12598503204702421,0.09152606322943067
173,0.16020983909258524,0.128326379958436,0.3188345756934815,0.12983767216872633,4.72492274144468,0.8702655617020851,4.5903332823798704e-05,0.26292352269989794,0.9984769280299989,4.803168565034866,1644.95580220026,6.016436576843262,0.15760090099069063,0.16066163165434713,0.07062511157575262,0.05124622411278606,0.19162965598577875,0.18111657933868952,0.12564090015442392,0.09194270708243545
174,0.16306028712280127,0.1311363926183995,0.3192389211448261,0.12961804245170377,4.740522075885309,0.8705124604281044,4.53301527697876e-05,0.26475181102136214,0.9984972423446818,4.8275248820427805,1636.6565047421714,6.016436576843262,0.16075853201059195,0.16491302873827482,0.07205476798312202,0.05272207853105879,0.18792696049338892,0.1847595831111103,0.12797467803178944,0.09278580698122076
175,0.160491689524761,0.12859806523468204,0.31893622736405186,0.13129480755520748,4.6910356072712025,0.8687935824515532,4.475767271396339e-05,0.2665751912747106,0.9985175021252746,11.006724670063704,717.8338912655177,6.016436576843262,0.15848974640487778,0.16044345695198112,0.07115649692052921,0.05215093950007824,0.18948200914368685,0.17944580778938804,0.12718075187314742,0.09328963253046235
176,0.15775125162267425,0.12588229207841825,0.3186895864445293,0.13082594159128183,4.696591313346068,0.8692823984912341,4.418597017022215e-05,0.26839346348424875,0.998537705149825,4.862434123177081,1624.9063328877637,6.016436576843262,0.1564211604083598,0.15795205627815634,0.06922770447239815,0.05043326348126054,0.18374973339178102,0.1789248907743995,0.12569856380627173,0.09115190841444773
177,0.16189253883012683,0.13015654338920982,0.317359943085721,0.12781104773052915,4.738722453101076,0.8723025449754739,4.361512254718474e-05,0.27020642823449714,0.9985578492026055,4.459343716036528,1771.7853798949639,6.016436576843262,0.1619853753761705,0.16007937846722065,0.07044462835673734,0.05099727349397377,0.18903571066478253,0.1835836585472047,0.12633841429183731,0.09289314429210538
178,0.16011903194245952,0.1282903054664745,0.31828725187857837,0.12835608332983348,4.748279336343429,0.8717923279488151,4.304520713771559e-05,0.27201388669206145,0.9985779320743562,12.987744223093614,608.3427471532099,6.016436576843262,0.15626278426778975,0.1565863603441586,0.0687023272317136,0.0497010415543353,0.1902836675943454,0.1837318331215846,0.12581268264907425,0.0917881882214642
179,0.15985718082248554,0.12806621396251908,0.31790966934651427,0.12962046889862883,4.7072301216328265,0.8704935475371032,4.247630110845725e-05,0.27381564062743935,0.9985979515625271,4.368814829969779,1808.4996291899731,6.016436576843262,0.1569285247636878,0.15718169680199373,0.06881796577681414,0.04991762021641514,0.18702663760180616,0.18449624273620668,0.1268755371717525,0.0915970727727335
180,0.16019273179005314,0.12845585902700424,0.3173687230437756,0.1283948663450045,4.724346522876936,0.8717050255966886,4.190848148938206e-05,0.27561149243676103,0.9986179054715195,4.8274687780067325,1636.675525690781,6.016436576843262,0.15617511565868672,0.16166017592445878,0.06975270781186547,0.05044078289535997,0.18672512660482007,0.1802457252432844,0.12743870623378833,0.09177354328235396
181,0.15986262977975726,0.12814619480137765,0.3171643401501888,0.12821672199165016,4.7236905273584275,0.8719024654506596,4.134182516336216e-05,0.27740124516346065,0.9986377916129273,12.797112295869738,617.4049127122253,6.016436576843262,0.15837012501593903,0.1582872472767137,0.06919862097501754,0.049856962526545805,0.1863967142668851,0.18526218819712836,0.12532087498241,0.0914753897067828
182,0.1612385084260613,0.12954642390083804,0.3169208306811185,0.12626805310271358,4.766319520351872,0.8738828211883218,4.077640885575969e-05,0.27918470251987776,0.9986576078057764,4.777762585086748,1653.702932971615,6.016436576843262,0.1614776731262826,0.1603404118762753,0.06956891291332941,0.05062280034572816,0.18586167885047017,0.18289180984535067,0.12709531503259291,0.09167366902572026
183,0.16090842000805355,0.129164902064532,0.31743517012976946,0.12752721986466156,4.747698887739434,0.8725841064616677,4.021230912403806e-05,0.28096166890878416,0.9986773518767643,4.457762501901016,1772.4138503634085,6.016436576843262,0.15789849605254516,0.16369006049729162,0.07008131124568262,0.050880291783217846,0.19187466084774846,0.1836545162480832,0.1271175327218645,0.0920809735577665
184,0.1611379793404386,0.1293803972902064,0.3175758033624979,0.12728783802101393,4.757199290552829,0.8728616829235906,3.964960234739607e-05,0.28273194944483615,0.9986970216604982,11.86569536710158,665.869108851896,6.016436576843262,0.1574412782986959,0.16548850298620263,0.06956164375025564,0.04994747887567146,0.1845637856031719,0.18428179921483148,0.1273104415662655,0.0910544929582087
185,0.16038288014808075,0.12864077187968032,0.3174210748496259,0.12898726456943244,4.710845357028009,0.8711240767316114,3.908836471642619e-05,0.28449534997594794,0.9987166149997327,4.374753554118797,1806.0445925145357,6.016436576843262,0.15766068939742348,0.1624939474631156,0.07001208574226386,0.05079715511900313,0.18860248987550032,0.18136260157310494,0.12819664613339452,0.09272294882084092
186,0.15884727222069112,0.1271065244852644,0.31740746932186037,0.12887116085180164,4.713407826625822,0.8712531522382228,3.8528672222798294e-05,0.28625167710458477,0.9987361297456065,13.165379456942901,600.1346201862283,6.016436576843262,0.15811847494198725,0.16161844033732192,0.06942222759026248,0.04998400201181133,0.18354150276001657,0.18115927627430625,0.12793010467272944,0.09164812253348192
187,0.16062448470520982,0.12905289261586425,0.31571590566224744,0.12584924752098023,4.746666557621977,0.8742815272866314,3.797060064897042e-05,0.2880007382089738,0.9987555637578774,4.555385102052242,1734.430750199479,6.016436576843262,0.1593529301911152,0.1609024057140598,0.06845924657512963,0.04892164027473264,0.18661622247293239,0.18432309632217017,0.1267223526589313,0.09108016704335625
188,0.1611087430924377,0.12944008305493435,0.31668658951176465,0.12606927806056764,4.765432910969885,0.8740734297057493,3.741422555792778e-05,0.2897423414642291,0.9987749149051581,4.557797170011327,1733.512858357487,6.016436576843262,0.15666505829173716,0.16052767290857625,0.0689517797493353,0.04958421213668178,0.1898510642085515,0.18644498083569588,0.1277111067491419,0.09221422002018695
189,0.16170979159276042,0.13004186821314312,0.3166792188290025,0.12757577183668772,4.727586328824884,0.8725450316979423,3.685962228295155e-05,0.2914762958633901,0.9987941810651487,4.79189601005055,1648.8254301488173,6.016436576843262,0.1584574221268944,0.16156407106737905,0.06995734964546405,0.05040160065740965,0.18713228940732496,0.18834614436157415,0.12953907227658373,0.09322868451816442
190,0.16050820297801696,0.12890130002699898,0.3160690209289515,0.12634015421847153,4.7432218375892194,0.8737664061805113,3.6306865917418675e-05,0.2932024112383696,0.9988133601248708,4.209516711067408,1876.9375541917118,6.016436576843262,0.15509512552848229,0.1644732441045036,0.0692619234618574,0.0496002805665367,0.1862912872846131,0.1824390262776813,0.12890891668954826,0.09173265358279017
191,0.16034994365565158,0.12875429246753337,0.31595650790929947,0.12628899091554585,4.741687944849418,0.8738347977313071,3.575603130463429e-05,0.29492049828081013,0.9988324499808979,4.933747380040586,1601.4196494865946,6.016436576843262,0.15820484936780843,0.1613881310973412,0.06924690645933151,0.049422396594894925,0.18562118196722321,0.1864532913480486,0.1268008873173239,0.09205334014911389
192,0.1618672261365138,0.13029612628150147,0.31571099435946653,0.12435770267048994,4.783832373520706,0.8757838316241966,3.520719302769785e-05,0.2966303685628461,0.9988514485395872,4.675523200072348,1689.8643556891648,6.016436576843262,0.16216698343323405,0.16294120736723025,0.06989086755746597,0.049784160406946394,0.18481193618340927,0.18516211312605566,0.12857639770081414,0.09230634953830272
193,0.16163683895702047,0.1300390319154468,0.3159780690993196,0.12562450043288473,4.758839336743371,0.8744811348380386,3.466042539940461e-05,0.2983318345577691,0.9988703537173086,19.368637908948585,407.9274979036923,6.016436576843262,0.15810037304260927,0.16731241537678626,0.07067337356018744,0.050525892620270255,0.19084230183825945,0.18583940772390464,0.12857113845222365,0.09243812489681814
194,0.16202440986322791,0.13041887823207032,0.31605531102327616,0.125198007927501,4.771432670546912,0.8749690358359035,3.4115802452183675e-05,0.3000247096605947,0.9988891634406732,4.892985936952755,1614.7604145620273,6.016436576843262,0.1578228523039959,0.1686095303972139,0.07010167294147751,0.0498633491009781,0.18337739279395657,0.18687306271031998,0.12919720798154813,0.09187406240801219
195,0.16029056352597976,0.12865812325120018,0.31632439443060545,0.1271025447728679,4.730546393525433,0.8730161723087534,3.357339792807395e-05,0.3017088082085281,0.9989078756467614,4.829836047021672,1635.8733346387953,6.016436576843262,0.15630821688921617,0.16609613610631974,0.06911412651487121,0.049835285417577056,0.18631831050046352,0.1827765307948389,0.12888190296920451,0.0924299931333911
196,0.16166011084410045,0.12999396697639168,0.316661419211845,0.12706728716856044,4.739853492252073,0.8730749981325799,3.303328526873947e-05,0.30338394550132564,0.9989264882833481,4.444957576924935,1777.5197767952577,6.016436576843262,0.1616321243496559,0.16726396795566575,0.07169168469277948,0.05149660708909044,0.18511185863952961,0.1846527923992024,0.13121636664735875,0.0935378299286617
197,0.16220721014767203,0.13073166976464184,0.314755390420954,0.12433323930628827,4.760553881180858,0.8758059327564063,3.2495537605525384e-05,0.3050499378215523,0.9989449993091284,4.9080095631070435,1609.8175642099252,6.016436576843262,0.160579716395862,0.164961577057243,0.06960370980147253,0.04944777524979071,0.1870309387004707,0.18675702248200451,0.12913510657068508,0.09217461495978352
198,0.16139423326666846,0.1298503452479847,0.31543887101341056,0.12442974723784052,4.775228199695065,0.875714010052282,3.196022774955601e-05,0.3067066024547302,0.9989634066939415,4.8339190050028265,1634.4915981883275,6.016436576843262,0.1567585665975983,0.16255742869353645,0.0690984526848616,0.04919551918995125,0.18801556278507037,0.18806291094370695,0.12912478285320736,0.09235254211358757
199,0.16110955681729627,0.129558522621524,0.31551032277726326,0.1258051932299383,4.7426283755131635,0.8743215528655212,3.142742818187611e-05,0.3083537577093773,0.998981708418993,20.904310469981283,377.96032599811815,6.016436576843262,0.1570877056406892,0.16294357585245364,0.06866851642064238,0.04930062187039506,0.18511265406437458,0.1888943803114969,0.12997560739280214,0.09272424632529871
200,0.16109525410906603,0.129574826890842,0.31520426869316953,0.12468950647882926,4.762869122510861,0.8754442878470151,3.0897211043637e-05,0.30999122293693443,0.998999902477077,4.438926340080798,1779.9349199960334,6.016436576843262,0.15551054978981996,0.16701908372650462,0.0698210104857341,0.04957774244441887,0.18450298458047312,0.18389698551486464,0.130781135803931,0.09220334975785206
201,0.1605014101928766,0.12902598039264424,0.3147542787992325,0.12465938875387325,4.7523723548461385,0.8754696847064452,3.0369648126328658e-05,0.311618818551577,0.9990179868727953,4.856662359088659,1626.837407219431,6.016436576843262,0.15737705969882954,0.16449942242385995,0.06896329247951508,0.048897034827892746,0.1843724758166985,0.18773682853059162,0.12772534462650126,0.0919736861829927
202,0.1616029505461262,0.1301517758644347,0.31451174923097497,0.12268131776254187,4.795760863311019,0.8774611148754564,2.984481086205902e-05,0.3132363660499116,0.9990359596227768,4.447331924922764,1776.5707919669644,6.016436576843262,0.16043881083598727,0.16520179674877383,0.06893806518429388,0.05006587393814214,0.183228327808055,0.1858982037738025,0.12939553513651716,0.09149695839101786
203,0.16024624591099432,0.12879760592229125,0.3144863937424944,0.12405459444091495,4.760795143643085,0.8760581985785529,2.9322770313882205e-05,0.31484368803055207,0.999053818755895,4.870559202041477,1622.1956601386398,6.016436576843262,0.15606844060884448,0.16782373225977343,0.06873370171974064,0.04888616872171984,0.18754668738863883,0.18562870530462364,0.12836251940911378,0.09138478158797272
204,0.16211490973749126,0.13061556095579668,0.31499347745912043,0.12346751702490404,4.788149116341335,0.8766951724375792,2.880359716617645e-05,0.3164406082135761,0.9990715623134842,12.954610554967076,609.8986894647009,6.016436576843262,0.15748749952579627,0.17093006858290222,0.06952505392553919,0.04971704243384686,0.18153946311850297,0.18797174842635084,0.13007435478489857,0.09183254340272815
205,0.1590190442483375,0.12753568274350788,0.3148336174849875,0.12540064123126166,4.735824534446737,0.8747093925414515,2.8287361715073552e-05,0.3180269514598587,0.999089188349554,4.522223426960409,1747.1494117022476,6.016436576843262,0.15384930402433014,0.16598019348080514,0.06816704271460426,0.048879658636894634,0.1829882874178403,0.18254043673354178,0.12861439920512194,0.09158839063057976
206,0.1588518211391512,0.12736983790780573,0.31481982386424534,0.12532011500820603,4.737492853924377,0.8748090600547964,2.7774133858940644e-05,0.3196025437902794,0.9991066949310031,4.852536292979494,1628.220691812431,6.016436576843262,0.15601976921683863,0.1658629367623148,0.06872963401388496,0.04903372330871039,0.1807383643453357,0.183414500981421,0.13011613843912107,0.09163104673126835
207,0.16156161702398922,0.13019955942237277,0.3136205777060064,0.12268700824083671,4.7733393409496285,0.8774500378263613,2.7263983088915974e-05,0.3211672124048041,0.9991240801378312,4.446385513059795,1776.9489345432175,6.016436576843262,0.15867203879238936,0.16608745234829564,0.06908144997502702,0.04861697651309851,0.18431939118677015,0.18719756169965554,0.12970726276511577,0.0916817556806062
208,0.16027437355484847,0.12885326708348366,0.3142110528621232,0.122860237724071,4.783770422168418,0.8772930340772338,2.6756978479499884e-05,0.32272078570143586,0.9991413420633493,4.799698750954121,1646.1449790842348,6.016436576843262,0.1537852223794065,0.16314038079360435,0.06779899526375602,0.04817084772142066,0.18500357787780608,0.18803022615041937,0.1293834449049245,0.09181530683873648
209,0.1603710742151265,0.12893107018204011,0.31440003234183483,0.12415429219130157,4.756143550633811,0.8759871408797837,2.6253188679201963e-05,0.3242630932950351,0.9991584788143892,4.887728858971968,1616.4971969541311,6.016436576843262,0.1553642278780108,0.16406645552726873,0.06766004643218237,0.048361618056336875,0.1820626605724849,0.18939118233860516,0.1301666555063388,0.09258933585828916
210,0.1591978816857988,0.1277998292901413,0.3139805246147834,0.12284000693559798,4.778513033893075,0.8773067662827864,2.5752681901246166e-05,0.3257939660360065,0.9991754885115112,26.57943885284476,297.25984975617223,6.016436576843262,0.15207679430643717,0.16700364563090742,0.06801918272924895,0.04807234662802108,0.18018197316175316,0.1832310356332,0.12977784451607352,0.09086214223604523
211,0.15886915115378594,0.12751991127981535,0.3134923957108154,0.12288250142434717,4.765247454991478,0.8772564454405176,2.525552591433462e-05,0.32731323602885004,0.9991923692892094,4.429778988007456,1783.6104287347125,6.016436576843262,0.1546196415793932,0.1638892599914828,0.06756005358695984,0.04778064951931114,0.18050630151344638,0.18692759164269007,0.12729251311149126,0.09102579228271394
212,0.16071013997075165,0.12938015644247963,0.31329982999442063,0.12102226707968829,4.806939229710527,0.8791269621446516,2.476178803347179e-05,0.3288207366505746,0.9992091192961174,4.8559139899443835,1627.0881272529484,6.016436576843262,0.15855934925785412,0.16575171562229715,0.06818257997878774,0.04882754704560659,0.18043339196028133,0.18600812732460964,0.12965848687690892,0.09123674799604314
213,0.1610582167382422,0.1296827511572186,0.31375464174267975,0.12258994140163763,4.7791176439764955,0.8775333909351092,2.4271535110850042e-05,0.33031630256897193,0.9992257366952108,4.802204130217433,1645.2861614698293,6.016436576843262,0.15678166865346904,0.1701696201437904,0.06984640657901764,0.04950897188776049,0.18624954534719235,0.18684918275669185,0.1300106122484052,0.09207991076204676
214,0.1613076755388253,0.1299139837149864,0.31393690989856676,0.12190620668506852,4.800767654437775,0.87825398262717,2.378483352679775e-05,0.3317997697607494,0.9992422196640083,4.4345000989269465,1781.7115399122151,6.016436576843262,0.15583876274981678,0.1716123761650669,0.06878093250134852,0.04857479002057891,0.1787700739659761,0.18793983125592595,0.13056368139001143,0.09124674009208524
215,0.1580200109820836,0.1266431277359668,0.31376882039086906,0.1239452606088043,4.74558906322219,0.8761654919483227,2.3301749180791517e-05,0.33327097552951856,0.9992585663947724,12.125718008959666,651.5902806054016,6.016436576843262,0.1516924066263371,0.1660189705092721,0.06730928834843683,0.047920762636560074,0.17985585010675126,0.18262736184184028,0.12894406900875194,0.09088966779170497
216,0.15730091577699676,0.1259235454688584,0.3137737089185047,0.1237576252191131,4.75040223076138,0.8763706023490002,2.2822347482533222e-05,0.33472975852363895,0.9992747750947071,4.8605038109235466,1625.551652123636,6.016436576843262,0.1527939906969727,0.16545165553374633,0.06733997987241161,0.04781692133160058,0.17713413519763035,0.18311769618323787,0.12957629187774275,0.09064834117889405
217,0.16326845440588755,0.13197407969461636,0.3129437432275846,0.1210724467371796,4.796782526241467,0.8790815808836108,2.23466933430937e-05,0.3361759587539137,0.9992908439861546,4.372660885099322,1806.9089297375356,6.016436576843262,0.16052358796443844,0.17006363640060196,0.07064290643377191,0.04973339514606623,0.18391653659046617,0.1895594261952608,0.13189018994421509,0.09311831659740871
218,0.160032665647671,0.1287119333481294,0.3132073174864563,0.12151121075146411,4.792402774348258,0.8786394217092468,2.1874851166123634e-05,0.33760941761113633,0.9993067713067904,4.816203285008669,1640.5038434721675,6.016436576843262,0.15312480680906593,0.1643092624072371,0.0672172217897494,0.04781922622072101,0.18308339280801944,0.18906484788832437,0.12966678874680432,0.09165829934748301
219,0.1584970446051472,0.12716549714993503,0.3133154702954557,0.12297143186553945,4.758601064878753,0.8771645195000444,2.140688483913334e-05,0.33902997788348554,0.9993225553098165,4.509826547000557,1751.9520801204383,6.016436576843262,0.15242446751698205,0.1632500769952598,0.06624978207624875,0.04716827525637456,0.17777762854712087,0.18835714532703648,0.12955121704882702,0.09077052007010346
220,0.15884732745928246,0.12753272190861664,0.31314605669105616,0.12179763165701342,4.783710679982587,0.8783429014412697,2.0942857724842466e-05,0.3404374837737675,0.9993381942641529,4.6429423820227385,1701.7226038798829,6.016436576843262,0.15071920688335713,0.16811258228849774,0.06752841620161981,0.04753720315626866,0.17801618006726688,0.18391542986064738,0.13032646223717212,0.09101651369977411
221,0.1586219493180434,0.12735940519578395,0.3126254361530691,0.12178730624994889,4.770953407741441,0.8783489777278092,2.0482832652600496e-05,0.34183178091650224,0.9993536864546279,13.192758712917566,598.889146078584,6.016436576843262,0.1534453182355732,0.1652648099976727,0.0673415386080742,0.04741718952992875,0.17857362390151751,0.18745506909631549,0.12786780861915384,0.09107004690922695
222,0.15965310927094303,0.128420464572854,0.3123264445894625,0.1199344838779043,4.809799098678819,0.8802150290399514,2.002687190987983e-05,0.3432127163948537,0.999369030182165,4.3405189861077815,1820.2892385191392,6.016436576843262,0.15711356829436265,0.16599883005871036,0.06722000138727294,0.047561330724654724,0.17745777309843988,0.1856683386986949,0.12956006940344558,0.09057334956910465
223,0.15907113016436272,0.12778921798295936,0.31281912308707294,0.1212780433360979,4.78852707373162,0.8788512781094545,1.957503723384193e-05,0.3445801387574006,0.9993842237639711,4.82259889296256,1638.3282490131278,6.016436576843262,0.15232280631342487,0.1693652879086233,0.06809530202946608,0.04774486909883725,0.18290598846964393,0.18602016137081123,0.12910960457189297,0.09084138240361485
224,0.15952388556935096,0.12823955805418447,0.31284327949697255,0.12073068949255426,4.802814823964655,0.8794326263807225,1.91273898029781e-05,0.3459338980347461,0.9993992655337194,11.299344475846738,699.2441036636263,6.016436576843262,0.1525287615241854,0.17122339371443948,0.06700426839409074,0.04747054850317768,0.1749715176381563,0.18748628940337744,0.12945610133216678,0.08967201985312577
225,0.15730778067274315,0.1260096557874979,0.3129812453633818,0.12268070332114718,4.757513617672599,0.8774400617243172,1.8683990228826017e-05,0.34727384575596604,0.9994141538417329,4.822422737954184,1638.3880943941965,6.016436576843262,0.1497443339503403,0.16708111151067315,0.066448506695279,0.04721233090187641,0.17790352534840684,0.1819283669610586,0.12903866816585333,0.09065347885893237
226,0.15624530233585174,0.12494756234414878,0.31297739978501077,0.12258288613181675,4.759862915471662,0.8775478592252085,1.824489854776276e-05,0.34859983496489166,0.9994288870551654,4.424212258076295,1785.8546423890289,6.016436576843262,0.15077320320403528,0.165736733609614,0.06656877321450888,0.04706908153269238,0.17409309570644918,0.18208844649851025,0.12964951902358918,0.09002318466129015
227,0.15945187774191566,0.12828990525119652,0.31161971281426054,0.11991351277650783,4.792655078176757,0.8802352217145697,1.7810174212876046e-05,0.34991172023622713,0.9994434635581803,12.252370624104515,644.8547993199037,6.016436576843262,0.15443101951054164,0.16687078611714976,0.06723697239179703,0.04682620779495936,0.17802140641531664,0.1869043518143225,0.1293554297727139,0.09033029590859826
228,0.15794389750282758,0.12672018664495927,0.31223711384623704,0.12028085916136778,4.798906461662347,0.8798752487603508,1.7379876085914112e-05,0.35120935769149875,0.9994578817521278,11.312613751972094,698.4239162786445,6.016436576843262,0.14890028555788587,0.1632566920642195,0.06565701462178317,0.04635703530272699,0.1792387958717926,0.18727034451886176,0.1292527242529309,0.09006292860670741
229,0.15748422209174856,0.12623739182107918,0.31246830095084255,0.12173213972206162,4.768404094045215,0.8784073177900001,1.6954062429315902e-05,0.352492605014834,0.9994721400557204,4.796116449171677,1647.3745130530676,6.016436576843262,0.14990927447443422,0.163311628094986,0.06560914586430136,0.04652270844739503,0.17490701427977717,0.1876032291377177,0.12952144269203808,0.09067079936854297
230,0.15694362065442347,0.12572810320597844,0.31215516454342757,0.1205439797391953,4.7902797041264025,0.8796046982685413,1.6532790898322366e-05,0.3537613214685707,0.9994862369052063,4.400516723049805,1795.4709633563589,6.016436576843262,0.14755023565047826,0.16738907253939259,0.06611491878433982,0.04640598222999375,0.17446629032056932,0.1819690403618521,0.12930118648095745,0.08964293975995681
231,0.15694324925698414,0.12574998702094337,0.3119326077440301,0.12061684898237174,4.78289407942057,0.8795227780098885,1.611611853316982e-05,0.35501536790869126,0.999500170754541,4.717422773130238,1674.855186820007,6.016436576843262,0.15007998237977033,0.16417990198247454,0.06621172511577607,0.04648832646193765,0.17518638812849674,0.18622911307546827,0.1272804131846369,0.08998097758556493
232,0.1580330284392286,0.1268911495278597,0.31141877972148757,0.11873345518829612,4.817133176992127,0.8814214241533336,1.5704101751366804e-05,0.35625460680008353,0.9995139400755565,4.317366810049862,1830.0506645875546,6.016436576843262,0.15350764826635319,0.16555992628985305,0.06612041471399778,0.04669109408176367,0.17368073535687995,0.1845663024847251,0.12918559422019785,0.08983208699240228
233,0.1568524820953815,0.12566626005826184,0.311862209683324,0.1200522597628807,4.795248857948874,0.8800787751455275,1.529679634005505e-05,0.3574789022316246,0.9995275433581292,12.13542338903062,651.0691672399189,6.016436576843262,0.14846342342172214,0.1680830313313392,0.06612936951018669,0.04617728155555455,0.17878153698403051,0.18459645082365791,0.12797043581561343,0.08925143631619196
234,0.15859436233116697,0.12738398761368147,0.31210374261077306,0.11953262850470579,4.81427798242814,0.8806190556958422,1.4894257448455929e-05,0.35868811993108635,0.9995409791103455,4.8566166940145195,1626.8527038045838,6.016436576843262,0.1510008836874125,0.17106213805059264,0.06647949206267352,0.04658835527208662,0.17251400320153487,0.18635259389407066,0.12969745139260744,0.08922377453316496
235,0.15611622281209409,0.12490787425081634,0.3120834790948161,0.12154215473930166,4.76353319885308,0.8785730333905207,1.449653958040328e-05,0.359882127279862,0.9995542458586651,4.895558696938679,1613.911810502998,6.016436576843262,0.14752572648068693,0.16649164263846725,0.065546227923982,0.046464282844928984,0.1747498518629288,0.18179927356184858,0.12862260627215288,0.08987158609013404
236,0.15500403720960484,0.12377851401804489,0.31225522078829254,0.12171782819119727,4.763434910046995,0.8784034122712793,1.4103696586963488e-05,0.36106079332751023,0.9995673421480834,20.21184912114404,390.9093103082091,6.016436576843262,0.14838798108853793,0.16550658020792128,0.06558532032489313,0.04631913165171782,0.17089772781834212,0.18141687580602087,0.12912325138074823,0.08932470933875845
237,0.1574608820376555,0.1263634347773069,0.3109744712644371,0.11886483761286859,4.802740959046295,0.881283314691859,1.3715781659144138e-05,0.36222398880611734,0.9995802665422902,4.856448859907687,1626.9089262375524,6.016436576843262,0.1511533777114793,0.1648741855726137,0.06561335221747494,0.045703712450321496,0.17469736869254146,0.18500302746628497,0.12842028034267142,0.08912553377602817
238,0.15634169478859122,0.12520632728672138,0.311353669224955,0.11916084755238,4.8048206795138535,0.8809960940988316,1.333284732069187e-05,0.3633715861444742,0.9995930176238275,4.420172312064096,1787.4868765716635,6.016436576843262,0.14625690205013334,0.16252067500147327,0.06426137793228456,0.04536739489961716,0.1761389224362591,0.18623600397391907,0.12790898739519052,0.08918459138956415
239,0.15585152052532433,0.12468203638583976,0.3116948296979717,0.12073427858744644,4.77401384922873,0.8794059078537382,1.2954945420980679e-05,0.3645034594820675,0.9996055939942452,4.843093011993915,1631.3954698852947,6.016436576843262,0.14709046865287034,0.16240617092348067,0.06418795304501104,0.045508071687458955,0.17169021716057734,0.18654536162732077,0.12875573831808496,0.08939928449727336
240,0.15563439161109707,0.12448486792876771,0.311495233662384,0.11970129642301293,4.794848539424597,0.880441865156367,1.258212712799155e-05,0.3656194846828833,0.9996179942742542,4.404302804963663,1793.927518129668,6.016436576843262,0.14495874490493382,0.16695418646020338,0.06483597832150978,0.04545857934136465,0.17161570759544595,0.18133096934775628,0.12852982688246922,0.08928148897480795
241,0.1554517764435465,0.12433085969023698,0.3112091622221637,0.11969189168648424,4.787931881378216,0.8804399294425318,1.2214442921384216e-05,0.36671953934902124,0.999630217103878,4.427052051993087,1784.7090811690184,6.016436576843262,0.14726717312647578,0.16377740289665696,0.06493738460540771,0.04549705991434977,0.1721157734029986,0.18526522590527458,0.12659941963207574,0.08892134890048461
242,0.156572135282972,0.12550430395602125,0.31067830850739764,0.1176929857618159,4.82463318896345,0.8824658696220851,1.1851942585662262e-05,0.36780350283411845,0.9996422611426014,12.573033028049394,628.4084343350983,6.016436576843262,0.15128926319234512,0.16470740941481862,0.06474502159358314,0.045703054713608075,0.1709667851753307,0.18369789011924864,0.12852849617129194,0.08855290236339218
243,0.15509840718569173,0.12398463700741337,0.31113769669062635,0.1192210322523431,4.797916650741919,0.8809066976931801,1.1494675203432262e-05,0.3688712562565811,0.9996541250695176,4.4168482141103595,1788.8321302866907,6.016436576843262,0.14543410532460185,0.16680841784804099,0.06459401749275825,0.044890346649086824,0.1757238177349079,0.1833976715865625,0.12708099677068432,0.0880960929750535
244,0.15668820164774266,0.1255453151870326,0.31142885280083954,0.11856632969293726,4.821563181884982,0.8815876418556567,1.114268914875806e-05,0.36992268251262256,0.9996658075834736,4.8393802950158715,1632.647057751862,6.016436576843262,0.14645366555840306,0.1704811576721398,0.06494254710162498,0.04544179325865716,0.16895849315743697,0.18504477946245693,0.12883197278966738,0.08802037642104077
245,0.15477657008813825,0.12363241195920117,0.3114415823643818,0.1206954936165098,4.768652347081402,0.8794236085623401,1.0796032080610801e-05,0.3709576662891066,0.9996773074032123,4.507472448982298,1752.86706450838,6.016436576843262,0.14534077600867554,0.16588675740440648,0.06449919703914334,0.0456307386464261,0.171873240740602,0.18029007521496568,0.12809309687122994,0.0890882297028457
246,0.15347436789945174,0.1223308305686191,0.3114353699286427,0.12084780231169123,4.764689291538943,0.8792719795588918,1.0454750936415969e-05,0.3719760940761939,0.9996886232675133,4.859471155097708,1625.8970879396313,6.016436576843262,0.14545422116754508,0.1644091772127755,0.0644352846752682,0.04540024411104963,0.168015784715618,0.18018527552856142,0.12848093433150556,0.08851189086185628
247,0.15572462331160852,0.1246894300606353,0.3103519253769399,0.11793343309601143,4.81046239292602,0.8822147823439235,1.0118891925698067e-05,0.37297785417979146,0.9996997539353311,19.799286945024505,399.0547751511574,6.016436576843262,0.14769272322725194,0.16395046649041115,0.06425245612508358,0.04441730641810938,0.17171805857629904,0.18373730269302788,0.12741622106352848,0.08803451294271053
248,0.15500086344143904,0.12393918109911783,0.3106168181349123,0.11822921171578829,4.809690261216062,0.8819308456416795,9.788500523823766e-06,0.37396283673380176,0.9997106981859312,4.8742663951125,1620.9618760112191,6.016436576843262,0.1441700129652742,0.16167068317018707,0.06318223748202036,0.04453918129722156,0.17342815585170232,0.1851068496339547,0.12733009306050963,0.08830249303555393
249,0.15434953406096683,0.1232443092940895,0.3110522403172067,0.11976219000408671,4.782251337029907,0.8803763170964114,9.463621465844627e-06,0.37493093371217295,0.9997214548190242,4.403620494063944,1794.2054749382933,6.016436576843262,0.14447090217600697,0.16138241914856893,0.06293064132634445,0.04463389129435868,0.16888811042537744,0.18527331850567802,0.128063954250002,0.0884011024988396
250,0.15419673999266267,0.12311019594458715,0.31086543868152633,0.1187333954808652,4.803301191529116,0.8814073017980008,9.14429874043986e-06,0.37588203894074546,0.9997320226548971,4.863444218877703,1624.5688537624985,6.016436576843262,0.14244504396732036,0.1659866337441216,0.06373667587148081,0.0446455033331955,0.1691996807243392,0.18019240941756812,0.12781803025496946,0.0879950684716923
251,0.15366952842458143,0.12260722292478952,0.31062305896980164,0.11887423967978665,4.793720599383195,0.8812570359311275,8.83057558396038e-06,0.3768160481088975,0.9997424005345433,4.828087218105793,1636.4658803947218,6.016436576843262,0.14428004909310538,0.16204467931619057,0.06347212481498718,0.044501101761533504,0.1692252823871932,0.183757583536799,0.12550022075941533,0.08784046586918878
252,0.154653088682257,0.12364573009975076,0.3100735795051293,0.11684790853759394,4.830641899572386,0.8833109029726565,8.522494474574453e-06,0.37773285878098406,0.9997525873197887,4.36427087103948,1810.3825893185551,6.016436576843262,0.1472753231955832,0.1635083325994693,0.06317971396620256,0.044526084699898404,0.16802713071758096,0.18220815739308696,0.12751365260443484,0.0872140755842639
253,0.1533732154394702,0.12232298879812162,0.31050225328892156,0.11826293030229193,4.805983217497926,0.8818640078099343,8.220097126516249e-06,0.3786323704075721,0.9997625818934175,12.364021565997973,639.0315608740418,6.016436576843262,0.14244852389744622,0.16559897807817306,0.0631236222835121,0.04388436400298531,0.17260945329364774,0.1819098947932885,0.12613687839934495,0.0870336412891392
254,0.15497765775429057,0.12389675082247283,0.31080906376584,0.1178033340723737,4.825143371529404,0.8823457269966716,7.923424484437716e-06,0.37951448433646784,0.9997723831592941,4.823155338875949,1638.1392355986925,6.016436576843262,0.14368129681788488,0.16905320660073206,0.0638014133688043,0.04455155699523454,0.16620717036096674,0.1831867801837432,0.12765254967088982,0.08687109835521753
255,0.15318205414761654,0.12210044666319433,0.3108160752402787,0.11977716533538134,4.7759728116063345,0.88033828177402,7.6325167178646e-06,0.3803791038235361,0.9997819900424837,4.846945269033313,1630.098868761478,6.016436576843262,0.14261123655777208,0.1648069205900759,0.06326585067564684,0.04467300398552671,0.16915413231579954,0.17902049932165684,0.12685476936669735,0.08799036808552281
256,0.15205519568797923,0.1209688138024835,0.31086381646352934,0.1200195694932333,4.771106305174881,0.8800974896083587,7.347413215757582e-06,0.3812261340433111,0.9997914014893701,19.36743919318542,407.95274590458126,6.016436576843262,0.14302440886555412,0.1632894802571349,0.0632871696969858,0.04456619867580926,0.16546336763343447,0.17935587351594992,0.12751267905699215,0.08742178798320904
257,0.15423234626169885,0.12325218828354224,0.3098015818448327,0.11728112349882411,4.813011522731243,0.8828639042345787,7.0681525811789215e-06,0.3820554820993953,0.9998006164677711,4.6001822331454605,1717.5406537313509,6.016436576843262,0.14551277536476775,0.16253291595946778,0.06304728310846695,0.04355723714610868,0.1688349025993465,0.1825111386583924,0.1265823314439005,0.08714383583009978
258,0.15345122001017517,0.12244283319379601,0.31008385962782714,0.11750038797425977,4.814586951180117,0.882657480155376,6.794772626065627e-06,0.3828670570346487,0.9998096339670517,4.362138392170891,1811.2676145673443,6.016436576843262,0.14138655554709123,0.1604041186459546,0.06183124574598553,0.04369058185821887,0.17094246461881812,0.18371661516261514,0.1264050760392772,0.08738273298405261
259,0.1530733370219676,0.12202321027837333,0.31050126923517163,0.11912839594460367,4.784321915875537,0.8810052359319913,6.527310366109738e-06,0.3836607698411635,0.9998184529982351,4.8034797420259565,1644.8492393698755,6.016436576843262,0.14233583665412405,0.16026850498112508,0.061941024323224056,0.04386266463154084,0.16656503633430694,0.18419724898260148,0.12740229801913616,0.08767863572413304
260,0.1527905447726581,0.12175574742371698,0.31034796023471434,0.11803108990690313,4.807921902376886,0.8821089428869203,6.265802015746355e-06,0.38443653347002626,0.9998270725941114,4.783734149998054,1651.6386053776032,6.016436576843262,0.1400258522767287,0.16470798295884093,0.0627778959156263,0.04390835224655626,0.16686589350709674,0.17886795635524352,0.1270199076145022,0.08705688454401019
261,0.15229775931522554,0.12128314092413954,0.3101461840428788,0.11821958304598217,4.798165132872381,0.8819085002669713,6.010282983250228e-06,0.38519426284086516,0.999835491809343,12.660705106100067,624.0568699600476,6.016436576843262,0.14199308059135832,0.16080510788238966,0.062448480665683745,0.04383887836500095,0.16682591978552305,0.18249310103673783,0.12467080416012202,0.08698975616658228
262,0.1534220668548663,0.12245840814359248,0.3096365828994497,0.11622113211877497,4.835386427546314,0.8839293792570351,5.760787865941451e-06,0.38593387485118025,0.9998437097205687,4.840512197930366,1632.2652803928875,6.016436576843262,0.14535528602754852,0.16258153646457485,0.06214266735769039,0.04388075543416513,0.16590630579175372,0.18107085351450034,0.12667240382800835,0.08643218733565043
263,0.15226759963466494,0.12126499650946389,0.3100260305051607,0.11771032408798304,4.807892777469849,0.8824120399062052,5.517350445500972e-06,0.38665528838545826,0.9998517254265051,4.742753142025322,1665.9100238613719,6.016436576843262,0.14065001549606093,0.1645895490242589,0.06229796804286338,0.043337958411001264,0.170684667659219,0.1808387051088505,0.12550596486989077,0.08637594481616813
264,0.15313829337512522,0.1221005972364012,0.31037695197240717,0.11723270686596741,4.8286062597157215,0.8829124440212609,5.2800036833965946e-06,0.38735842432406825,0.9998595380480452,19.934207235928625,396.3538608026283,6.016436576843262,0.14059066572603154,0.16729494689856472,0.06218139576038141,0.04355296518692036,0.16353707940954912,0.18149391422140057,0.12628825610675987,0.08571912909719463
265,0.15139137914951445,0.12035779876299953,0.31033580511555675,0.11920364143923556,4.778304150973282,0.8809088832622026,5.048779716419913e-06,0.38804320555193944,0.9998671467283549,4.567545908968896,1729.8129361952308,6.016436576843262,0.14002221369815815,0.1629507333363856,0.061728809418292674,0.04367131105762847,0.16639355896885646,0.17730764666221854,0.1254965043665639,0.08680939193694823
266,0.15080671645715077,0.11976571528670335,0.3104100129775134,0.11949911884376029,4.772772425021602,0.8806114762195408,4.8237098523350784e-06,0.3887095569670181,0.9998745506329668,4.766441311920062,1657.6308157284845,6.016436576843262,0.14097511780406782,0.16207063795393528,0.06225275170814655,0.043939894001804036,0.16353291798854103,0.17812846525391535,0.1267007809345318,0.08664138904168978
267,0.1529914604200772,0.12206186869599792,0.30929591460795874,0.11676920759928346,4.813167843241101,0.8833708771571768,4.604824565639633e-06,0.3893574054885046,0.9998817489498723,11.581885126885027,682.1860097420074,6.016436576843262,0.14314878726827687,0.16137894347950177,0.06212882849308966,0.0431107424093792,0.16678779525442547,0.18143852216087297,0.12584079415050906,0.08639479382538501
268,0.15238577126513672,0.12141960823936503,0.3096616305425007,0.11697572616818072,4.8171477303929215,0.8831844500779593,4.3921534934383e-06,0.3899866800648684,0.9998887408896097,4.829177809879184,1636.0963110193838,6.016436576843262,0.13968221680003795,0.15942211985000837,0.060971234345360246,0.043130995043070185,0.16916680988207414,0.18277427374891306,0.1256844160682777,0.0867480015060509
269,0.1520249608547201,0.12101442238025734,0.31010538108016006,0.11862814624073263,4.786930996260301,0.8815059310317779,4.185725431430148e-06,0.3905973116816402,0.9998955256853516,4.445610534166917,1777.2587003014658,6.016436576843262,0.14069806389186693,0.15937451635763358,0.061079058388949406,0.04330034560187724,0.16480758950966984,0.18318615414080072,0.1267356229112826,0.08698497338233425
270,0.15181821618460656,0.12081884750062613,0.3099936929409632,0.1175968432661069,4.809921366159651,0.8825406786716825,3.985568330009563e-06,0.3911892333689812,0.9999021025929887,12.368336030980572,638.8086465478738,6.016436576843262,0.13844867180555295,0.16390614851939778,0.06193252353384943,0.04339967237235351,0.16517072091093304,0.17811665362154944,0.12631590868427545,0.08648069015684118
271,0.15130136470872532,0.12032026429671816,0.30981101522474647,0.11788181275970468,4.798230208380134,0.882240824240127,3.7917092904818543e-06,0.3917623802090279,0.9999084708912114,4.805414030095562,1644.1871502678569,6.016436576843262,0.14048900647728638,0.1598672245302771,0.061651263236999515,0.04331147572327448,0.16519982861767848,0.18160184744804625,0.12392526582925899,0.08633542448811277
272,0.1524229680129417,0.12149289529593801,0.3093007208274718,0.11584187160393299,4.836471328281508,0.8843056343428893,3.6041745613936574e-06,0.3923166893430118,0.999914629881589,4.801883776905015,1645.395925240922,6.016436576843262,0.14372290135880755,0.1616104883633978,0.061330878013614816,0.0433558744693992,0.16432103751735253,0.18019894169146322,0.12603299188119896,0.08580851202897388
273,0.1511880652921258,0.120224751984714,0.3096331310994926,0.11723902992033805,4.809852585613298,0.8828826117947077,3.422989534978914e-06,0.3928520999781532,0.9999205788886462,4.419895639875904,1787.5987678799208,6.016436576843262,0.13897313610585277,0.16359587999120836,0.061406326282438625,0.04275354987582175,0.16899236237723286,0.17987077603550078,0.12470526538970994,0.08566618679231658
274,0.1521481345490766,0.12114753869195148,0.31000595192127084,0.11684187133241916,4.829102113991957,0.883297684637448,3.24817874372077e-06,0.3933685533943286,0.999926317259937,4.816144726006314,1640.523790187621,6.016436576843262,0.1390043179076569,0.16626399438125006,0.06143979289768878,0.0430771843213396,0.16191570394917537,0.18059566869773339,0.1256461177449503,0.08510354841071088
275,0.15040064043613072,0.11940440435399588,0.30996235228538394,0.11869748750904997,4.781621697793624,0.8814129048382959,3.0797658570298323e-06,0.3938659929505109,0.9999318443661168,11.470025088870898,688.8389466267305,6.016436576843262,0.13847435728515656,0.16186799654720566,0.06098132937617556,0.04320070667469755,0.16480430474021773,0.17636340495503797,0.12482057529793034,0.08620226761746791
276,0.14983153613650818,0.11882098161514885,0.310105536896403,0.11923912655924743,4.771660382348425,0.8808704256453163,2.917773678039374e-06,0.39434436409098106,0.9999371596010109,4.421959087019786,1786.7646091960883,6.016436576843262,0.13954670552300055,0.1611047707781007,0.0614765245318992,0.04342749487899826,0.16206890654994627,0.17701137658968494,0.12596846942078985,0.08604150028084989
277,0.15197737736198633,0.12107746688010888,0.3089991013523356,0.11641876536250914,4.814508508540546,0.8837144472918591,2.7622241405177484e-06,0.3948036143513117,0.9999422623816813,5.011450422927737,1576.5894767415778,6.016436576843262,0.14154975155891455,0.160327828251994,0.06143240379878307,0.04240458514579169,0.1652819228835258,0.18047895998289637,0.12516729713079347,0.08573570455052724
278,0.15137835569871164,0.12044697020468327,0.3093138462062909,0.11666075198043224,4.816327416825907,0.8834975904836607,2.6131383058985596e-06,0.3952436933641208,0.9999471521484903,4.643872166052461,1701.381889397759,6.016436576843262,0.13813612293358424,0.15839256177394848,0.0602326825150503,0.04263855770579658,0.16765651260828174,0.18177397571937023,0.12491452491889565,0.08606753824465725
279,0.15108030883590867,0.12010199632818616,0.3097831210167012,0.11824935036073107,4.78834444841936,0.8818826818598959,2.4705363604289706e-06,0.39566455286459584,0.9999518283651622,11.5571604098659,683.6454388272765,6.016436576843262,0.13898102278294772,0.15839457287424502,0.06040391929236501,0.042860714571851914,0.16340317631322823,0.18232434413960721,0.126087689139023,0.086380303024417
280,0.15079228617529103,0.11981881131983727,0.309734740501385,0.11729274143970189,4.811050112014208,0.8828386662957216,2.3344376124364343e-06,0.39606614669578694,0.999956290518842,4.7752587830182165,1654.5700157858564,6.016436576843262,0.13667641798655192,0.1627837790191666,0.061219080131832915,0.042936368402421786,0.1637471441404629,0.17698307238386932,0.12564708725298093,0.08580201042319464
281,0.15036519618445357,0.11941258944622883,0.3095260616111357,0.11754014799808675,4.799647892385989,0.8825750329074732,2.204860489714402e-06,0.39644843081366926,0.9999605381201518,4.825540842022747,1637.329422475284,6.016436576843262,0.13901942551679525,0.15884370318590066,0.06093853455781937,0.04290949412543707,0.16380759518722007,0.18063811709483465,0.12321284977496896,0.08575970392960769
282,0.1514029899321392,0.12050854346334534,0.30894446181369845,0.11540514188293505,4.838483097552952,0.8847422718609486,2.0818225370271246e-06,0.39681136329197325,0.9999645707032442,11.39844169607386,693.1649264584529,6.016436576843262,0.1422136766915389,0.160231618498399,0.060591819419353675,0.04287273994416556,0.16294079477136786,0.17919189806478433,0.1253129116451467,0.08519863955395265
283,0.1503838901126887,0.11944375781903703,0.30940132486776467,0.11695663560426563,4.811117289805923,0.8831651475350776,1.9653404137341595e-06,0.39715490432678296,0.9999683878258532,4.735241658054292,1668.5526464232273,6.016436576843262,0.1377415565068354,0.1626484450553694,0.06078619512812051,0.042387359319849216,0.16776851424140424,0.17910381270654546,0.12411419126561017,0.08516683617858571
284,0.15129443320001684,0.12032389237396084,0.30970540238006133,0.1164653525897452,4.83100138264598,0.883670775683043,1.855429891534639e-06,0.3974790162409015,0.9999719890693434,4.408652203157544,1792.1577016987603,6.016436576843262,0.13770449949204333,0.1652837065044008,0.06080104162555715,0.04272224476042482,0.16070849117479827,0.17970559629933133,0.1250089359671514,0.08454659362674488
285,0.1496046774731514,0.11863304299880335,0.3097163431630257,0.1183164189313276,4.784998205851458,0.8817920195514711,1.7521058523318048e-06,0.3977836634879828,0.9999753740387554,12.10609813593328,652.6462871260128,6.016436576843262,0.13725517235749157,0.1609874535407154,0.06040197369850129,0.04286104738712311,0.16362532900135443,0.17549955122782498,0.1242007830680911,0.08569081920769907
286,0.14900402365085702,0.1180187082056033,0.3098531632525395,0.11895562818330717,4.772438405028115,0.8811535329671468,1.6553822862179939e-06,0.39806881265643085,0.9999785423628492,4.482474983902648,1762.6422965825516,6.016436576843262,0.1382387257539309,0.1601456521306863,0.06085959543176249,0.043090001734081874,0.1609147878306325,0.17608575275288293,0.12536019272168158,0.08549590572040884
287,0.15117106820839657,0.12029439107162593,0.30876677305754824,0.11614967794934944,4.815427470367146,0.8839819218716792,1.565272289580368e-06,0.3983344324730633,0.9999814936941451,4.4457661639899015,1777.1964850506579,6.016436576843262,0.1403582205326099,0.15938513476650912,0.06075833503073051,0.042090468970080175,0.16409439222942787,0.1796547510534935,0.12454791258816696,0.08524105774522318
288,0.15063345876242176,0.11972537773019255,0.309080803036735,0.11641817704671063,4.8165657238754465,0.8837386861947077,1.4817880633276749e-06,0.39858049380654176,0.9999842277089616,11.90320330299437,663.7709025781677,6.016436576843262,0.13703989928691232,0.15753455772775735,0.059713065181784764,0.042336662914167246,0.16659563073271313,0.18093432648587787,0.12433133809896908,0.08556773241265232
289,0.1503414074113408,0.11938709027592766,0.309543162203336,0.1179056542630498,4.790937858900682,0.8822248062518953,1.4049409112382203e-06,0.3988069696705665,0.9999867441074507,4.588853257941082,1721.7809234425172,6.016436576843262,0.13782991786365922,0.15756120648681823,0.05987931655244789,0.042554670226029837,0.16233151023764847,0.1815297173672035,0.12549166046601404,0.085928255065077
290,0.1501112537129199,0.11915568944782022,0.3095556336095885,0.11702772589472785,4.813197793394474,0.8831028568338796,1.3347412384293648e-06,0.3990138352268361,0.9999890426136315,4.581836188910529,1724.4178260067179,6.016436576843262,0.13552807294405422,0.16198503786374716,0.06074911940215838,0.042679253390415964,0.16286604016380235,0.17623081397728102,0.1250822690017985,0.08538071273905021
291,0.14970320807561258,0.11877170005201947,0.30931508010391223,0.11730320600882585,4.800296939636933,0.8828112417467786,1.271198549948642e-06,0.3992010677877718,0.9999911229754197,11.66938076284714,677.0710597733794,6.016436576843262,0.13804452868580455,0.15802817944532785,0.06046058338880539,0.04266126672242325,0.16289436946361524,0.17990994370645946,0.12267435504575816,0.0853304236363142
292,0.15072106283807313,0.11984837692386062,0.3087268544894022,0.1151328684464842,4.839849719909487,0.8850152963868365,1.2143214494867942e-06,0.3993686468190055,0.9999929849646556,4.88347715488635,1617.9045686933032,6.016436576843262,0.1412263745952088,0.15930381271897293,0.06007806650664933,0.04262210261425209,0.1620054447063894,0.17846748719652336,0.12480541316217529,0.08479659058809973
293,0.14969187042499218,0.11877257975426343,0.3091929093853852,0.11674455749152687,4.811208813511229,0.8833754231787652,1.1641176382128071e-06,0.39951655394163177,0.9999946283771293,4.372996385907754,1806.770301814438,6.016436576843262,0.13667784789521134,0.16176495689057535,0.06030548464607548,0.04213881848914041,0.16684006903392704,0.17831859123781793,0.12356856047380262,0.08472841258388555
294,0.15069057625044058,0.11973914942636835,0.30951426975516755,0.1162700329516722,4.8311060770389895,0.8838619099525149,1.1205939137312026e-06,0.3996447729342236,0.9999960530326025,13.134386220015585,601.5507590266844,6.016436576843262,0.1368146160180282,0.1645109848500683,0.06034657193728142,0.04249965333447014,0.15992449660050242,0.17904594781600983,0.12451897499398806,0.08416548735498168
295,0.14903782885590017,0.1180836856110596,0.30954142380116817,0.11805275677993408,4.787216786658699,0.8820538403127574,1.0837561691616127e-06,0.39975328973461166,0.999997258774829,4.4619627960491925,1770.745378467941,6.016436576843262,0.13643287694442116,0.16026293490034219,0.06001315752312512,0.04266108918063184,0.1628209150842567,0.17484098463838843,0.12373233583090808,0.085353369494119
296,0.148459622838002,0.11749145439524784,0.3096816868416012,0.118766584175589,4.772877665052473,0.8813399223719438,1.053609392340861e-06,0.39984209244142627,0.9999982454715715,4.795105634955689,1647.7217816439224,6.016436576843262,0.13743189544330242,0.15945393211730924,0.060499621433929056,0.04290152650199577,0.1601542079866756,0.17542694291072106,0.12492791293497191,0.08514853272605781
297,0.15064735196690185,0.11978539938587823,0.30861952837894663,0.1159059249676567,4.817840206700025,0.8842255788775218,1.0301576651476202e-06,0.39991117131540255,0.9999990130146156,12.912956493906677,611.8660744910197,6.016436576843262,0.1395376439165012,0.15871351999002736,0.06039088584346914,0.041906588550271656,0.16342020832792492,0.17908592249883415,0.12411732507582328,0.08490586900171429
298,0.1501700332810978,0.11927736157341828,0.308926715079538,0.11622908695779742,4.817440808717095,0.8839272088739574,1.0134041629497022e-06,0.3999605187804491,0.9999995613197827,4.836403134046122,1633.6520718011452,6.016436576843262,0.13638697215660134,0.15694654228652052,0.059371731977826844,0.04220186508090732,0.16594836306064686,0.18041146166098593,0.12396168019455428,0.0852498428888589
299,0.14988830356888494,0.11894830911710373,0.30939992911120695,0.11768661722127825,4.792832886172373,0.8824426410560623,1.0033511541741367e-06,0.39999012942447826,0.9999998903269387,4.395418463042006,1797.553535899704,6.016436576843262,0.13702722165895545,0.15698829579755028,0.05959684742607086,0.042409307296345344,0.16177435272764396,0.1810007825738094,0.1251492797735908,0.08563436143092863
300,0.14965765156137567,0.11871625985085037,0.30941390167790234,0.11683970724475669,4.814354938308645,0.8832888221185489,1e-06,0.4,1.0,12.555286029120907,629.2966947685867,6.016436576843262,0.13486070516781928,0.16137997461251977,0.06041766086427292,0.04253738726358957,0.16225766914862175,0.17571097312594305,0.12471215414555735,0.08511945383054365
